Treatment,Num,Date,mean_3rd_lower,,,,,,,
A,1,1,2735.860064,,,,,,,
A,2,1,2845.174748,,,,,,,
A,3,1,2779.320071,,,,,,,
A,4,1,2777.740499,,,,,,,
A,5,1,2763.350325,,,,,,,
A,6,1,2714.480712,,,,,,,
A,7,1,2799.514776,,,,,,,
A,8,1,2844.147346,,,,,,,
A,9,1,2852.058644,,,,,,,
A,10,1,2752.961149,,,,,,,
A,11,1,2848.129153,,,,,,,
A,12,1,2822.030566,,,,,,,
A,13,1,2754.602309,,,,,,,
A,14,1,2791.023482,,,,,,,
A,15,1,2799,,,,,,,
A,16,1,2814.602694,,,,,,,
A,17,1,2830.205388,,,,,,,
A,18,1,2888.737444,,,,,,,
A,19,1,2834.647549,,,,,,,
A,20,1,2829.321029,,,,,,,
A,21,1,2911.874948,,,,,,,
A,22,1,2798.374893,,,,,,,
A,23,1,2823.320132,,,,,,,
A,24,1,2803.192806,,,,,,,
A,25,1,2775.583164,,,,,,,
A,26,1,2823.963896,,,,,,,
A,27,1,2847.94106,,,,,,,
A,28,1,2760.372017,,,,,,,
A,29,1,2779.211167,,,,,,,
A,30,1,2809.016272,,,,,,,
B,1,1,3148.947602,,,,,,,
B,2,1,3208.980044,,,,,,,
B,3,1,3245.377103,,,,,,,
B,4,1,2900.142934,,,,,,,
B,5,1,2754.200711,,,,,,,
B,6,1,2785.947553,,,,,,,
B,7,1,2828.266388,,,,,,,
B,8,1,2873.46731,,,,,,,
B,9,1,2768.449314,,,,,,,
B,10,1,2787.902291,,,,,,,
B,11,1,2791.289673,,,,,,,
B,12,1,2847.510785,,,,,,,
B,13,1,2795.810821,,,,,,,
B,14,1,2744.486156,,,,,,,
B,15,1,2882.474476,,,,,,,
B,16,1,2805.776599,,,,,,,
B,17,1,2764.212057,,,,,,,
B,18,1,2787.571864,,,,,,,
B,19,1,2755.758024,,,,,,,
B,20,1,2793.603485,,,,,,,
B,21,1,2756.806582,,,,,,,
B,22,1,2796.826653,,,,,,,
B,23,1,2805.73873,,,,,,,
B,24,1,2821.587502,,,,,,,
B,25,1,2992.742092,,,,,,,
B,26,1,2824.743818,,,,,,,
B,27,1,2809.208546,,,,,,,
B,28,1,3220.419996,,,,,,,
B,29,1,2845.624888,,,,,,,
B,30,1,2736.193384,,,,,,,
C,1,1,2732.614026,,,,,,,
C,2,1,2768.180115,,,,,,,
C,3,1,2800.070104,,,,,,,
C,4,1,2798.055787,,,,,,,
C,5,1,2760.850685,,,,,,,
C,6,1,2810.420699,,,,,,,
C,7,1,2826.926626,,,,,,,
C,8,1,2794.193763,,,,,,,
C,9,1,2797.973794,,,,,,,
C,10,1,2775.552903,,,,,,,
C,11,1,2809.017138,,,,,,,
C,12,1,2739.191689,,,,,,,
C,13,1,2706.939081,,,,,,,
C,14,1,2701.761533,,,,,,,
C,15,1,2737.575758,,,,,,,
C,16,1,2732.717453,,,,,,,
C,17,1,2696.807523,,,,,,,
C,18,1,2657.471198,,,,,,,
C,19,1,2753.488653,,,,,,,
C,20,1,2718.820038,,,,,,,
C,21,1,2762.960863,,,,,,,
C,22,1,2762.118496,,,,,,,
C,23,1,2725.047619,,,,,,,
C,24,1,2733.341204,,,,,,,
C,25,1,2690.876919,,,,,,,
C,26,1,2806.302507,,,,,,,
C,27,1,2803.830648,,,,,,,
C,28,1,2776.86852,,,,,,,
C,29,1,2723.891069,,,,,,,
C,30,1,2718.32514,,,,,,,
D,1,1,2980.401236,,,,,,,
D,2,1,2972.285778,,,,,,,
D,3,1,2892.735961,,,,,,,
D,4,1,2876.455967,,,,,,,
D,5,1,2927.846168,,,,,,,
D,6,1,2868.9649,,,,,,,
D,7,1,2882.465449,,,,,,,
D,8,1,2882.058053,,,,,,,
D,9,1,2922.15812,,,,,,,
D,10,1,2871.564409,,,,,,,
D,11,1,2866.885111,,,,,,,
D,12,1,2841.519531,,,,,,,
D,13,1,2805.997498,,,,,,,
D,14,1,2851.051502,,,,,,,
D,15,1,2818.40445,,,,,,,
D,16,1,2807.826906,,,,,,,
D,17,1,2785.978254,,,,,,,
D,18,1,2814.144497,,,,,,,
D,19,1,2780.731828,,,,,,,
D,20,1,2781.594033,,,,,,,
D,21,1,2726.678781,,,,,,,
D,22,1,2721.927902,,,,,,,
D,23,1,2763.95552,,,,,,,
D,24,1,2808.231657,,,,,,,
D,25,1,2808.582295,,,,,,,
D,26,1,2795.354438,,,,,,,
D,27,1,2806.913773,,,,,,,
D,28,1,2784.069708,,,,,,,
D,29,1,2735.088691,,,,,,,
D,30,1,2763.378114,,,,,,,
A,1,2,2859.285044,,,,,,,
A,2,2,2752.164789,,,,,,,
A,3,2,2823.612361,,,,,,,
A,4,2,2712.243363,,,,,,,
A,5,2,2714.572578,,,,,,,
A,6,2,2739.25894,,,,,,,
A,7,2,2783.218879,,,,,,,
A,8,2,2779.359346,,,,,,,
A,9,2,2755.579561,,,,,,,
A,10,2,2791.203281,,,,,,,
A,11,2,2773.927929,,,,,,,
A,12,2,2815.152241,,,,,,,
A,13,2,2773.487767,,,,,,,
A,14,2,2972.871918,,,,,,,
A,15,2,2774.375981,,,,,,,
A,16,2,2819.081777,,,,,,,
A,17,2,2769.906536,,,,,,,
A,18,2,2851.66525,,,,,,,
A,19,2,2797.305416,,,,,,,
A,20,2,2796.270308,,,,,,,
A,21,2,2807.266274,,,,,,,
A,22,2,2750.393777,,,,,,,
A,23,2,2794.437564,,,,,,,
A,24,2,2765.902006,,,,,,,
A,25,2,2763.951666,,,,,,,
A,26,2,2818.698929,,,,,,,
A,27,2,2843.187254,,,,,,,
A,28,2,2722.053795,,,,,,,
A,29,2,2753.059473,,,,,,,
A,30,2,2761.01193,,,,,,,
B,1,2,2976.296855,,,,,,,
B,2,2,3005.737412,,,,,,,
B,3,2,3074.989458,,,,,,,
B,4,2,2802.237828,,,,,,,
B,5,2,2763.084844,,,,,,,
B,6,2,2781.131093,,,,,,,
B,7,2,2765.56012,,,,,,,
B,8,2,2786.273416,,,,,,,
B,9,2,2746.119181,,,,,,,
B,10,2,2753.05858,,,,,,,
B,11,2,2719.17479,,,,,,,
B,12,2,2767.446401,,,,,,,
B,13,2,2760.642651,,,,,,,
B,14,2,2765.211069,,,,,,,
B,15,2,2805.566978,,,,,,,
B,16,2,2772.450115,,,,,,,
B,17,2,2795.060729,,,,,,,
B,18,2,2828.567191,,,,,,,
B,19,2,2838.589503,,,,,,,
B,20,2,2836.84439,,,,,,,
B,21,2,2832.978193,,,,,,,
B,22,2,2778.778853,,,,,,,
B,23,2,2734.516594,,,,,,,
B,24,2,2764.971241,,,,,,,
B,25,2,3003.657797,,,,,,,
B,26,2,2703.657035,,,,,,,
B,27,2,2663.364033,,,,,,,
B,28,2,2936.920809,,,,,,,
B,29,2,2834.713932,,,,,,,
B,30,2,2660.089481,,,,,,,
C,1,2,2613.970973,,,,,,,
C,2,2,2675.424593,,,,,,,
C,3,2,2661.235603,,,,,,,
C,4,2,2738.019203,,,,,,,
C,5,2,2693.68717,,,,,,,
C,6,2,2741.518067,,,,,,,
C,7,2,2754.705011,,,,,,,
C,8,2,2722.30872,,,,,,,
C,9,2,2727.67061,,,,,,,
C,10,2,2731.007017,,,,,,,
C,11,2,2690.614104,,,,,,,
C,12,2,2673.898346,,,,,,,
C,13,2,2696.984621,,,,,,,
C,14,2,2664.491535,,,,,,,
C,15,2,2700.245761,,,,,,,
C,16,2,2698.132189,,,,,,,
C,17,2,2682.259231,,,,,,,
C,18,2,2701.797093,,,,,,,
C,19,2,2714.204467,,,,,,,
C,20,2,2687.259795,,,,,,,
C,21,2,2668.088832,,,,,,,
C,22,2,2667.699246,,,,,,,
C,23,2,2641.715978,,,,,,,
C,24,2,2650.779647,,,,,,,
C,25,2,2660.34815,,,,,,,
C,26,2,2713.654472,,,,,,,
C,27,2,2698.970369,,,,,,,
C,28,2,2674.274461,,,,,,,
C,29,2,2668.403189,,,,,,,
C,30,2,2671.743871,,,,,,,
D,1,2,2794.403805,,,,,,,
D,2,2,2792.479769,,,,,,,
D,3,2,2766.770173,,,,,,,
D,4,2,2725.616771,,,,,,,
D,5,2,2719.781649,,,,,,,
D,6,2,2705.550616,,,,,,,
D,7,2,2680.464286,,,,,,,
D,8,2,2625.824903,,,,,,,
D,9,2,2667.575389,,,,,,,
D,10,2,2644.017808,,,,,,,
D,11,2,2644.207464,,,,,,,
D,12,2,2631.618707,,,,,,,
D,13,2,2595.729563,,,,,,,
D,14,2,2580.698855,,,,,,,
D,15,2,2537.491782,,,,,,,
D,16,2,2561.937771,,,,,,,
D,17,2,2598.979833,,,,,,,
D,18,2,2605.349515,,,,,,,
D,19,2,2598.537308,,,,,,,
D,20,2,2605.838142,,,,,,,
D,21,2,2596.561846,,,,,,,
D,22,2,2631.30831,,,,,,,
D,23,2,2641.292514,,,,,,,
D,24,2,2653.58954,,,,,,,
D,25,2,2640.505525,,,,,,,
D,26,2,2639.36135,,,,,,,
D,27,2,2627.17869,,,,,,,
D,28,2,2614.976073,,,,,,,
D,29,2,2612.237556,,,,,,,
D,30,2,2599.491944,,,,,,,
A,1,3,2583.160738,,,,,,,
A,2,3,2547.413498,,,,,,,
A,3,3,2532.918958,,,,,,,
A,4,3,2546.639605,,,,,,,
A,5,3,2546.63318,,,,,,,
A,6,3,2571.779974,,,,,,,
A,7,3,2624.625977,,,,,,,
A,8,3,2626.959077,,,,,,,
A,9,3,2540.643772,,,,,,,
A,10,3,2636.706034,,,,,,,
A,11,3,2597.151937,,,,,,,
A,12,3,2668.306287,,,,,,,
A,13,3,2716.647213,,,,,,,
A,14,3,2657.272673,,,,,,,
A,15,3,2557.96044,,,,,,,
A,16,3,2545.695603,,,,,,,
A,17,3,2541.90703,,,,,,,
A,18,3,2636.095333,,,,,,,
A,19,3,2571.250422,,,,,,,
A,20,3,2824.610783,,,,,,,
A,21,3,2590.87554,,,,,,,
A,22,3,2622.277847,,,,,,,
A,23,3,2594.134978,,,,,,,
A,24,3,2547.543208,,,,,,,
A,25,3,2598.763919,,,,,,,
A,26,3,2876.016247,,,,,,,
A,27,3,2664.400751,,,,,,,
A,28,3,2512.139641,,,,,,,
A,29,3,2569.873319,,,,,,,
A,30,3,2649.686918,,,,,,,
B,1,3,2632.757877,,,,,,,
B,2,3,2707.764039,,,,,,,
B,3,3,2687.165687,,,,,,,
B,4,3,2688.425614,,,,,,,
B,5,3,2650.885387,,,,,,,
B,6,3,2616.883406,,,,,,,
B,7,3,2615.569138,,,,,,,
B,8,3,2600.708649,,,,,,,
B,9,3,2560.414652,,,,,,,
B,10,3,2532.24848,,,,,,,
B,11,3,2551.317909,,,,,,,
B,12,3,2653.347066,,,,,,,
B,13,3,2543.626374,,,,,,,
B,14,3,2546.812873,,,,,,,
B,15,3,2631.785588,,,,,,,
B,16,3,2740.461008,,,,,,,
B,17,3,2624.687381,,,,,,,
B,18,3,2613.636958,,,,,,,
B,19,3,2716.428521,,,,,,,
B,20,3,2661.8714,,,,,,,
B,21,3,2677.410683,,,,,,,
B,22,3,2650.483954,,,,,,,
B,23,3,2628.053525,,,,,,,
B,24,3,2627.286567,,,,,,,
B,25,3,2829.301392,,,,,,,
B,26,3,2594.678734,,,,,,,
B,27,3,2619.252934,,,,,,,
B,28,3,2678.04417,,,,,,,
B,29,3,2598.607151,,,,,,,
B,30,3,2504.979268,,,,,,,
C,1,3,2594.638896,,,,,,,
C,2,3,2585.750643,,,,,,,
C,3,3,2651.410307,,,,,,,
C,4,3,2683.33847,,,,,,,
C,5,3,2617.119347,,,,,,,
C,6,3,2647.387631,,,,,,,
C,7,3,2583.759951,,,,,,,
C,8,3,2583.414402,,,,,,,
C,9,3,2593.970819,,,,,,,
C,10,3,2589.661314,,,,,,,
C,11,3,2566.407208,,,,,,,
C,12,3,2617.43487,,,,,,,
C,13,3,2693.414304,,,,,,,
C,14,3,2676.925908,,,,,,,
C,15,3,2720.113826,,,,,,,
C,16,3,2751.125885,,,,,,,
C,17,3,2734.486038,,,,,,,
C,18,3,2750.581025,,,,,,,
C,19,3,2720.844884,,,,,,,
C,20,3,2712.032878,,,,,,,
C,21,3,2722.05819,,,,,,,
C,22,3,2659.229663,,,,,,,
C,23,3,2674.693122,,,,,,,
C,24,3,2700.9827,,,,,,,
C,25,3,2654.979199,,,,,,,
C,26,3,2761.310081,,,,,,,
C,27,3,2740.896853,,,,,,,
C,28,3,2703.678543,,,,,,,
C,29,3,2719.114506,,,,,,,
C,30,3,2628.240977,,,,,,,
D,1,3,2639.300565,,,,,,,
D,2,3,2701.357313,,,,,,,
D,3,3,2615.149064,,,,,,,
D,4,3,2613.051509,,,,,,,
D,5,3,2581.452565,,,,,,,
D,6,3,2694.601209,,,,,,,
D,7,3,2693.607178,,,,,,,
D,8,3,2682.955606,,,,,,,
D,9,3,2767.876298,,,,,,,
D,10,3,2739.645917,,,,,,,
D,11,3,2761.863833,,,,,,,
D,12,3,2748.114835,,,,,,,
D,13,3,2707.623998,,,,,,,
D,14,3,2784.938619,,,,,,,
D,15,3,2761.57865,,,,,,,
D,16,3,2812.611573,,,,,,,
D,17,3,2768.296053,,,,,,,
D,18,3,2789.010957,,,,,,,
D,19,3,2711.680963,,,,,,,
D,20,3,2758.130174,,,,,,,
D,21,3,2736.684247,,,,,,,
D,22,3,2697.4043,,,,,,,
D,23,3,2678.761316,,,,,,,
D,24,3,2640.743684,,,,,,,
D,25,3,2645.073744,,,,,,,
D,26,3,2616.781714,,,,,,,
D,27,3,2632.752814,,,,,,,
D,28,3,2612.618349,,,,,,,
D,29,3,2641.983562,,,,,,,
D,30,3,2675.321713,,,,,,,
A,1,4,2699.907897,,,,,,,
A,2,4,2768.581282,,,,,,,
A,3,4,2768.022889,,,,,,,
A,4,4,2743.288099,,,,,,,
A,5,4,2641.932541,,,,,,,
A,6,4,2658.69174,,,,,,,
A,7,4,2711.012614,,,,,,,
A,8,4,2708.295917,,,,,,,
A,9,4,2695.050307,,,,,,,
A,10,4,2675.526043,,,,,,,
A,11,4,2648.233961,,,,,,,
A,12,4,2707.868638,,,,,,,
A,13,4,2675.193281,,,,,,,
A,14,4,3070.362427,,,,,,,
A,15,4,2739.221811,,,,,,,
A,16,4,2756.367,,,,,,,
A,17,4,2754.210071,,,,,,,
A,18,4,2867.802974,,,,,,,
A,19,4,2771.734571,,,,,,,
A,20,4,2791.094913,,,,,,,
A,21,4,2910.965957,,,,,,,
A,22,4,2793.996861,,,,,,,
A,23,4,2754.142286,,,,,,,
A,24,4,2705.651296,,,,,,,
A,25,4,2735.742828,,,,,,,
A,26,4,2708.907401,,,,,,,
A,27,4,2751.719842,,,,,,,
A,28,4,2527.271073,,,,,,,
A,29,4,2581.253924,,,,,,,
A,30,4,2555.942318,,,,,,,
B,1,4,2614.585402,,,,,,,
B,2,4,2634.55775,,,,,,,
B,3,4,2613.289367,,,,,,,
B,4,4,2629.815199,,,,,,,
B,5,4,2578.845115,,,,,,,
B,6,4,2606.718562,,,,,,,
B,7,4,2563.177642,,,,,,,
B,8,4,2628.734587,,,,,,,
B,9,4,2647.131976,,,,,,,
B,10,4,2605.297027,,,,,,,
B,11,4,2628.729465,,,,,,,
B,12,4,2728.002212,,,,,,,
B,13,4,2677.713885,,,,,,,
B,14,4,2867.498371,,,,,,,
B,15,4,2873.346765,,,,,,,
B,16,4,3034.758929,,,,,,,
B,17,4,2833.238941,,,,,,,
B,18,4,2808.326531,,,,,,,
B,19,4,2834.45342,,,,,,,
B,20,4,2834.272314,,,,,,,
B,21,4,2815.532612,,,,,,,
B,22,4,2770.913615,,,,,,,
B,23,4,2752.459642,,,,,,,
B,24,4,2671.063046,,,,,,,
B,25,4,2772.373549,,,,,,,
B,26,4,2662.233562,,,,,,,
B,27,4,2694.53545,,,,,,,
B,28,4,2861.289414,,,,,,,
B,29,4,2760.768532,,,,,,,
B,30,4,2725.879834,,,,,,,
C,1,4,2744.181772,,,,,,,
C,2,4,2702.122068,,,,,,,
C,3,4,2721.051658,,,,,,,
C,4,4,2679.513867,,,,,,,
C,5,4,2672.16109,,,,,,,
C,6,4,2722.874778,,,,,,,
C,7,4,2739.688899,,,,,,,
C,8,4,2809.190901,,,,,,,
C,9,4,2795.505487,,,,,,,
C,10,4,2838.498348,,,,,,,
C,11,4,2777.196814,,,,,,,
C,12,4,2857.401937,,,,,,,
C,13,4,2815.2108,,,,,,,
C,14,4,2763.605205,,,,,,,
C,15,4,2784.467193,,,,,,,
C,16,4,2804.420491,,,,,,,
C,17,4,2802.236232,,,,,,,
C,18,4,2868.964433,,,,,,,
C,19,4,2866.558501,,,,,,,
C,20,4,2848.705842,,,,,,,
C,21,4,2864.788353,,,,,,,
C,22,4,2792.105715,,,,,,,
C,23,4,2843.234813,,,,,,,
C,24,4,2870.734304,,,,,,,
C,25,4,2905.926594,,,,,,,
C,26,4,2915.884476,,,,,,,
C,27,4,2910.996793,,,,,,,
C,28,4,2886.645431,,,,,,,
C,29,4,2902.108228,,,,,,,
C,30,4,2906.143301,,,,,,,
D,1,4,2755.386473,,,,,,,
D,2,4,2824.254136,,,,,,,
D,3,4,2784.351305,,,,,,,
D,4,4,2704.815352,,,,,,,
D,5,4,2722.289069,,,,,,,
D,6,4,2919.847266,,,,,,,
D,7,4,2911.264948,,,,,,,
D,8,4,2832.891203,,,,,,,
D,9,4,2852.267683,,,,,,,
D,10,4,2912.521009,,,,,,,
D,11,4,2862.457322,,,,,,,
D,12,4,2883.72077,,,,,,,
D,13,4,2837.215544,,,,,,,
D,14,4,2947.886697,,,,,,,
D,15,4,2872.679751,,,,,,,
D,16,4,2886.08501,,,,,,,
D,17,4,2775.44334,,,,,,,
D,18,4,2956.966257,,,,,,,
D,19,4,2760.109224,,,,,,,
D,20,4,2715.505308,,,,,,,
D,21,4,2747.57756,,,,,,,
D,22,4,2693.327914,,,,,,,
D,23,4,2830.54936,,,,,,,
D,24,4,2712.627332,,,,,,,
D,25,4,2728.979387,,,,,,,
D,26,4,2810.784654,,,,,,,
D,27,4,2842.992193,,,,,,,
D,28,4,2852.890977,,,,,,,
D,29,4,2828.639712,,,,,,,
D,30,4,2921.467562,,,,,,,
A,1,5,2680.937363,,,,,,,
A,2,5,2667.267295,,,,,,,
A,3,5,2684.166904,,,,,,,
A,4,5,2769.755277,,,,,,,
A,5,5,2789.038071,,,,,,,
A,6,5,2796.183081,,,,,,,
A,7,5,2713.046897,,,,,,,
A,8,5,2891.26388,,,,,,,
A,9,5,2771.167465,,,,,,,
A,10,5,2707.55035,,,,,,,
A,11,5,2664.348639,,,,,,,
A,12,5,2771.290739,,,,,,,
A,13,5,2747.817067,,,,,,,
A,14,5,2796.425792,,,,,,,
A,15,5,2740.747986,,,,,,,
A,16,5,2738.30393,,,,,,,
A,17,5,2735.796157,,,,,,,
A,18,5,2819.971498,,,,,,,
A,19,5,2754.874239,,,,,,,
A,20,5,2802.091455,,,,,,,
A,21,5,2735.49195,,,,,,,
A,22,5,2807.176274,,,,,,,
A,23,5,2759.893514,,,,,,,
A,24,5,2709.303817,,,,,,,
A,25,5,2727.784052,,,,,,,
A,26,5,2743.850056,,,,,,,
A,27,5,2816.087537,,,,,,,
A,28,5,2757.06906,,,,,,,
A,29,5,2892.826788,,,,,,,
A,30,5,2754.815667,,,,,,,
B,1,5,2710.917668,,,,,,,
B,2,5,2739.874843,,,,,,,
B,3,5,2788.615284,,,,,,,
B,4,5,2770.46893,,,,,,,
B,5,5,2747.463976,,,,,,,
B,6,5,2752.359864,,,,,,,
B,7,5,2726.264249,,,,,,,
B,8,5,2883.540048,,,,,,,
B,9,5,2784.996326,,,,,,,
B,10,5,2730.843946,,,,,,,
B,11,5,2747.771252,,,,,,,
B,12,5,2805.16425,,,,,,,
B,13,5,2775.265002,,,,,,,
B,14,5,2815.293688,,,,,,,
B,15,5,2776.009954,,,,,,,
B,16,5,2989.601,,,,,,,
B,17,5,2763.816785,,,,,,,
B,18,5,2752.524363,,,,,,,
B,19,5,2723.184103,,,,,,,
B,20,5,2815.18276,,,,,,,
B,21,5,2704.447861,,,,,,,
B,22,5,2744.706882,,,,,,,
B,23,5,2752.360125,,,,,,,
B,24,5,2717.954469,,,,,,,
B,25,5,2746.868436,,,,,,,
B,26,5,2743.26893,,,,,,,
B,27,5,2754.299734,,,,,,,
B,28,5,2878.336359,,,,,,,
B,29,5,2798.924507,,,,,,,
B,30,5,2737.452584,,,,,,,
C,1,5,2685.109251,,,,,,,
C,2,5,2663.688632,,,,,,,
C,3,5,2871.942819,,,,,,,
C,4,5,2719.759556,,,,,,,
C,5,5,3008.200271,,,,,,,
C,6,5,2744.62665,,,,,,,
C,7,5,2742.884385,,,,,,,
C,8,5,2822.008807,,,,,,,
C,9,5,2955.286348,,,,,,,
C,10,5,2846.623143,,,,,,,
C,11,5,2833.972988,,,,,,,
C,12,5,2854.100228,,,,,,,
C,13,5,2949.909534,,,,,,,
C,14,5,2980.219118,,,,,,,
C,15,5,2842.461278,,,,,,,
C,16,5,2886.31738,,,,,,,
C,17,5,2847.94247,,,,,,,
C,18,5,3196.341036,,,,,,,
C,19,5,2913.618861,,,,,,,
C,20,5,2846.371793,,,,,,,
C,21,5,2775.279067,,,,,,,
C,22,5,2688.889276,,,,,,,
C,23,5,2708.136165,,,,,,,
C,24,5,2620.763079,,,,,,,
C,25,5,2638.256865,,,,,,,
C,26,5,2689.557779,,,,,,,
C,27,5,2652.028323,,,,,,,
C,28,5,2643.639567,,,,,,,
C,29,5,2699.956009,,,,,,,
C,30,5,2862.910011,,,,,,,
D,1,5,2615.290262,,,,,,,
D,2,5,2738.682517,,,,,,,
D,3,5,2806.880884,,,,,,,
D,4,5,2727.712866,,,,,,,
D,5,5,2713.673374,,,,,,,
D,6,5,2749.193571,,,,,,,
D,7,5,2971.942308,,,,,,,
D,8,5,2929.124285,,,,,,,
D,9,5,2680.34355,,,,,,,
D,10,5,2818.100274,,,,,,,
D,11,5,2558.342113,,,,,,,
D,12,5,2569.602784,,,,,,,
D,13,5,2761.380507,,,,,,,
D,14,5,2927.11024,,,,,,,
D,15,5,2886.224617,,,,,,,
D,16,5,2754.148269,,,,,,,
D,17,5,2897.100201,,,,,,,
D,18,5,2773.587612,,,,,,,
D,19,5,3035.829959,,,,,,,
D,20,5,3127.304862,,,,,,,
D,21,5,3070.788151,,,,,,,
D,22,5,2994.666379,,,,,,,
D,23,5,3029.336848,,,,,,,
D,24,5,2886.441196,,,,,,,
D,25,5,2840.700056,,,,,,,
D,26,5,2763.65656,,,,,,,
D,27,5,2947.148167,,,,,,,
D,28,5,2873.40678,,,,,,,
D,29,5,2918.873997,,,,,,,
D,30,5,2801.806374,,,,,,,
A,1,6,2740.436629,,,,,,,
A,2,6,2730.256504,,,,,,,
A,3,6,2755.254399,,,,,,,
A,4,6,2879.522214,,,,,,,
A,5,6,2899.366547,,,,,,,
A,6,6,3059.92642,,,,,,,
A,7,6,2726.894286,,,,,,,
A,8,6,2882.488257,,,,,,,
A,9,6,2734.279777,,,,,,,
A,10,6,2678.249336,,,,,,,
A,11,6,2708.520567,,,,,,,
A,12,6,2773.697577,,,,,,,
A,13,6,2738.848611,,,,,,,
A,14,6,2821.871008,,,,,,,
A,15,6,2658.399748,,,,,,,
A,16,6,2731.045389,,,,,,,
A,17,6,2713.154578,,,,,,,
A,18,6,2755.380226,,,,,,,
A,19,6,2728.479224,,,,,,,
A,20,6,2896.426893,,,,,,,
A,21,6,2722.07541,,,,,,,
A,22,6,2752.37469,,,,,,,
A,23,6,2725.088582,,,,,,,
A,24,6,2822.66671,,,,,,,
A,25,6,2849.44261,,,,,,,
A,26,6,2823.71234,,,,,,,
A,27,6,2806.411147,,,,,,,
A,28,6,2761.259249,,,,,,,
A,29,6,3063.240977,,,,,,,
A,30,6,2792.353684,,,,,,,
B,1,6,2846.513589,,,,,,,
B,2,6,2870.560863,,,,,,,
B,3,6,2871.725546,,,,,,,
B,4,6,2886.23098,,,,,,,
B,5,6,2824.406636,,,,,,,
B,6,6,2859.080742,,,,,,,
B,7,6,2860.514912,,,,,,,
B,8,6,2960.768055,,,,,,,
B,9,6,2829.355039,,,,,,,
B,10,6,2778.247321,,,,,,,
B,11,6,2756.198337,,,,,,,
B,12,6,2860.997836,,,,,,,
B,13,6,2811.172608,,,,,,,
B,14,6,2781.052429,,,,,,,
B,15,6,2790.376068,,,,,,,
B,16,6,3017.681004,,,,,,,
B,17,6,2813.961564,,,,,,,
B,18,6,2798.090403,,,,,,,
B,19,6,2744.831228,,,,,,,
B,20,6,2915.0243,,,,,,,
B,21,6,2899.529274,,,,,,,
B,22,6,2927.093543,,,,,,,
B,23,6,2901.228669,,,,,,,
B,24,6,2924.523144,,,,,,,
B,25,6,2920.579523,,,,,,,
B,26,6,3036.589694,,,,,,,
B,27,6,3017.267424,,,,,,,
B,28,6,3023.440845,,,,,,,
B,29,6,2974.773885,,,,,,,
B,30,6,3082.082272,,,,,,,
C,1,6,3364.157114,,,,,,,
C,2,6,2919.965757,,,,,,,
C,3,6,3115.547814,,,,,,,
C,4,6,2991.777329,,,,,,,
C,5,6,3371.852231,,,,,,,
C,6,6,3050.605084,,,,,,,
C,7,6,3173.217799,,,,,,,
C,8,6,3254.079794,,,,,,,
C,9,6,3547.358625,,,,,,,
C,10,6,3159.457252,,,,,,,
C,11,6,3372.39678,,,,,,,
C,12,6,3426.341444,,,,,,,
C,13,6,3494.969674,,,,,,,
C,14,6,3490.090768,,,,,,,
C,15,6,3021.275665,,,,,,,
C,16,6,3433.990964,,,,,,,
C,17,6,3270.444203,,,,,,,
C,18,6,3424.272102,,,,,,,
C,19,6,3530.433863,,,,,,,
C,20,6,3396.650124,,,,,,,
C,21,6,3061.976842,,,,,,,
C,22,6,2960.449733,,,,,,,
C,23,6,3088.747505,,,,,,,
C,24,6,3014.607896,,,,,,,
C,25,6,2917.15617,,,,,,,
C,26,6,2945.696353,,,,,,,
C,27,6,2844.59971,,,,,,,
C,28,6,3058.651474,,,,,,,
C,29,6,2947.697467,,,,,,,
C,30,6,2999.845029,,,,,,,
D,1,6,2866.65908,,,,,,,
D,2,6,3215.870756,,,,,,,
D,3,6,3298.985411,,,,,,,
D,4,6,2981.199317,,,,,,,
D,5,6,3202.414897,,,,,,,
D,6,6,3010.281555,,,,,,,
D,7,6,3236.892937,,,,,,,
D,8,6,3207.707466,,,,,,,
D,9,6,3150.3863,,,,,,,
D,10,6,3200.474753,,,,,,,
D,11,6,3014.327726,,,,,,,
D,12,6,3010.921016,,,,,,,
D,13,6,3154.305945,,,,,,,
D,14,6,3207.659339,,,,,,,
D,15,6,3204.374735,,,,,,,
D,16,6,3192.536374,,,,,,,
D,17,6,3132.983423,,,,,,,
D,18,6,3019.576129,,,,,,,
D,19,6,3145.065339,,,,,,,
D,20,6,3031.412788,,,,,,,
D,21,6,3091.596148,,,,,,,
D,22,6,3042.551457,,,,,,,
D,23,6,2995.376748,,,,,,,
D,24,6,2551.016204,,,,,,,
D,25,6,2845.780601,,,,,,,
D,26,6,2462.271488,,,,,,,
D,27,6,2860.110925,,,,,,,
D,28,6,2804.32768,,,,,,,
D,29,6,2752.404768,,,,,,,
D,30,6,2691.092671,,,,,,,
A,1,7,2624.275409,,,,,,,
A,2,7,2652.759052,,,,,,,
A,3,7,2706.308426,,,,,,,
A,4,7,2735.353653,,,,,,,
A,5,7,2694.18928,,,,,,,
A,6,7,2838.276944,,,,,,,
A,7,7,2773.273545,,,,,,,
A,8,7,2735.667994,,,,,,,
A,9,7,2683.636839,,,,,,,
A,10,7,2713.832569,,,,,,,
A,11,7,2843.446392,,,,,,,
A,12,7,3125.328826,,,,,,,
A,13,7,2985.537656,,,,,,,
A,14,7,2710.59703,,,,,,,
A,15,7,2814.011805,,,,,,,
A,16,7,2751.259958,,,,,,,
A,17,7,2808.825269,,,,,,,
A,18,7,2918.28144,,,,,,,
A,19,7,2801.794143,,,,,,,
A,20,7,2741.020289,,,,,,,
A,21,7,2835.097561,,,,,,,
A,22,7,2801.972995,,,,,,,
A,23,7,2726.100393,,,,,,,
A,24,7,3010.141755,,,,,,,
A,25,7,2782.765898,,,,,,,
A,26,7,2740.02464,,,,,,,
A,27,7,2794.124336,,,,,,,
A,28,7,2811.21184,,,,,,,
A,29,7,2796.654883,,,,,,,
A,30,7,2824.329708,,,,,,,
B,1,7,2771.011867,,,,,,,
B,2,7,2731.824844,,,,,,,
B,3,7,2745.266467,,,,,,,
B,4,7,2750.8806,,,,,,,
B,5,7,2763.713777,,,,,,,
B,6,7,2817.235319,,,,,,,
B,7,7,2772.856088,,,,,,,
B,8,7,2834.411459,,,,,,,
B,9,7,2805.961347,,,,,,,
B,10,7,3062.081176,,,,,,,
B,11,7,3002.687126,,,,,,,
B,12,7,3210.225547,,,,,,,
B,13,7,2998.190359,,,,,,,
B,14,7,2735.772632,,,,,,,
B,15,7,2731.458147,,,,,,,
B,16,7,3066.880503,,,,,,,
B,17,7,3125.105571,,,,,,,
B,18,7,2938.977617,,,,,,,
B,19,7,3008.351508,,,,,,,
B,20,7,2959.793865,,,,,,,
B,21,7,2791.480193,,,,,,,
B,22,7,3158.484454,,,,,,,
B,23,7,2876.688321,,,,,,,
B,24,7,3085.829735,,,,,,,
B,25,7,2915.73867,,,,,,,
B,26,7,3217.805431,,,,,,,
B,27,7,3140.256651,,,,,,,
B,28,7,2985.22815,,,,,,,
B,29,7,2893.327087,,,,,,,
B,30,7,2965.961984,,,,,,,
C,1,7,3157.816737,,,,,,,
C,2,7,2955.54502,,,,,,,
C,3,7,3300.126115,,,,,,,
C,4,7,3080.452888,,,,,,,
C,5,7,3291.162641,,,,,,,
C,6,7,3239.566761,,,,,,,
C,7,7,3335.223043,,,,,,,
C,8,7,3236.525718,,,,,,,
C,9,7,3289.801658,,,,,,,
C,10,7,3166.559479,,,,,,,
C,11,7,3271.402571,,,,,,,
C,12,7,3320.080531,,,,,,,
C,13,7,3195.341754,,,,,,,
C,14,7,3113.137083,,,,,,,
C,15,7,2897.340094,,,,,,,
C,16,7,3260.12972,,,,,,,
C,17,7,3174.377618,,,,,,,
C,18,7,3112.314102,,,,,,,
C,19,7,3190.363796,,,,,,,
C,20,7,3131.890965,,,,,,,
C,21,7,3097.200396,,,,,,,
C,22,7,3015.845718,,,,,,,
C,23,7,3018.823243,,,,,,,
C,24,7,3006.147791,,,,,,,
C,25,7,2959.270324,,,,,,,
C,26,7,3001.150742,,,,,,,
C,27,7,2841.146471,,,,,,,
C,28,7,3004.756549,,,,,,,
C,29,7,2954.616776,,,,,,,
C,30,7,3007.187387,,,,,,,
D,1,7,3199.51672,,,,,,,
D,2,7,3323.711849,,,,,,,
D,3,7,3330.240759,,,,,,,
D,4,7,3339.66147,,,,,,,
D,5,7,3298.799838,,,,,,,
D,6,7,3191.642197,,,,,,,
D,7,7,3227.223804,,,,,,,
D,8,7,3090.797524,,,,,,,
D,9,7,3060.09573,,,,,,,
D,10,7,3114.803457,,,,,,,
D,11,7,3154.787733,,,,,,,
D,12,7,3000.379568,,,,,,,
D,13,7,3047.312483,,,,,,,
D,14,7,3047.605076,,,,,,,
D,15,7,3038.350799,,,,,,,
D,16,7,3227.808962,,,,,,,
D,17,7,3268.483468,,,,,,,
D,18,7,3293.843572,,,,,,,
D,19,7,3302.489338,,,,,,,
D,20,7,3258.74942,,,,,,,
D,21,7,3311.884334,,,,,,,
D,22,7,3226.565607,,,,,,,
D,23,7,3171.225278,,,,,,,
D,24,7,3197.967748,,,,,,,
D,25,7,3225.766213,,,,,,,
D,26,7,3158.48553,,,,,,,
D,27,7,3211.244521,,,,,,,
D,28,7,3171.531648,,,,,,,
D,29,7,3135.185499,,,,,,,
D,30,7,3094.683212,,,,,,,
A,1,8,2663.167914,,,,,,,
A,2,8,2669.051808,,,,,,,
A,3,8,2712.569164,,,,,,,
A,4,8,2780.551648,,,,,,,
A,5,8,2736.043702,,,,,,,
A,6,8,2858.048284,,,,,,,
A,7,8,2694.977205,,,,,,,
A,8,8,2684.608047,,,,,,,
A,9,8,2726.295159,,,,,,,
A,10,8,2717.324103,,,,,,,
A,11,8,2738.748398,,,,,,,
A,12,8,2702.418679,,,,,,,
A,13,8,2958.042054,,,,,,,
A,14,8,2770.755471,,,,,,,
A,15,8,2712.634497,,,,,,,
A,16,8,2717.904686,,,,,,,
A,17,8,2750.3,,,,,,,
A,18,8,2808.843173,,,,,,,
A,19,8,2791.287139,,,,,,,
A,20,8,2699.824159,,,,,,,
A,21,8,2692.64121,,,,,,,
A,22,8,2839.033512,,,,,,,
A,23,8,2707.975905,,,,,,,
A,24,8,2752.074785,,,,,,,
A,25,8,2730.455909,,,,,,,
A,26,8,2695.016326,,,,,,,
A,27,8,2701.535225,,,,,,,
A,28,8,2689.174348,,,,,,,
A,29,8,2710.17287,,,,,,,
A,30,8,3007.902102,,,,,,,
B,1,8,2769.777467,,,,,,,
B,2,8,2789.905734,,,,,,,
B,3,8,2761.251605,,,,,,,
B,4,8,2763.440168,,,,,,,
B,5,8,2718.029627,,,,,,,
B,6,8,2687.04402,,,,,,,
B,7,8,2719.819032,,,,,,,
B,8,8,2805.763664,,,,,,,
B,9,8,2690.137754,,,,,,,
B,10,8,2750.736454,,,,,,,
B,11,8,2716.269279,,,,,,,
B,12,8,2877.158922,,,,,,,
B,13,8,2748.576969,,,,,,,
B,14,8,2764.227273,,,,,,,
B,15,8,2734.595711,,,,,,,
B,16,8,2744.942156,,,,,,,
B,17,8,2776.246318,,,,,,,
B,18,8,2754.461246,,,,,,,
B,19,8,2749.213028,,,,,,,
B,20,8,2826.499454,,,,,,,
B,21,8,2747.771099,,,,,,,
B,22,8,2947.214746,,,,,,,
B,23,8,2903.417829,,,,,,,
B,24,8,2915.344103,,,,,,,
B,25,8,2915.911551,,,,,,,
B,26,8,2919.868204,,,,,,,
B,27,8,2900.594137,,,,,,,
B,28,8,2954.414486,,,,,,,
B,29,8,2889.208095,,,,,,,
B,30,8,2888.219736,,,,,,,
C,1,8,2983.152748,,,,,,,
C,2,8,2846.82928,,,,,,,
C,3,8,3017.601979,,,,,,,
C,4,8,2854.460409,,,,,,,
C,5,8,2872.903365,,,,,,,
C,6,8,2873.764587,,,,,,,
C,7,8,2888.66059,,,,,,,
C,8,8,3039.188732,,,,,,,
C,9,8,3005.408834,,,,,,,
C,10,8,2907.421247,,,,,,,
C,11,8,2883.342018,,,,,,,
C,12,8,2844.768003,,,,,,,
C,13,8,2827.670775,,,,,,,
C,14,8,2846.18705,,,,,,,
C,15,8,2768.8618,,,,,,,
C,16,8,2790.688733,,,,,,,
C,17,8,2811.944882,,,,,,,
C,18,8,2903.473183,,,,,,,
C,19,8,2829.898926,,,,,,,
C,20,8,2829.757591,,,,,,,
C,21,8,2838.960903,,,,,,,
C,22,8,2802.318915,,,,,,,
C,23,8,2834.705984,,,,,,,
C,24,8,2785.56288,,,,,,,
C,25,8,2802.908564,,,,,,,
C,26,8,2800.150225,,,,,,,
C,27,8,2725.20659,,,,,,,
C,28,8,2740.717515,,,,,,,
C,29,8,2811.493243,,,,,,,
C,30,8,2790.375255,,,,,,,
D,1,8,2915.867891,,,,,,,
D,2,8,2945.33686,,,,,,,
D,3,8,3103.261242,,,,,,,
D,4,8,2936.949948,,,,,,,
D,5,8,2906.614116,,,,,,,
D,6,8,2915.637695,,,,,,,
D,7,8,2986.42181,,,,,,,
D,8,8,3091.816105,,,,,,,
D,9,8,2940.927027,,,,,,,
D,10,8,3050.719846,,,,,,,
D,11,8,2837.862251,,,,,,,
D,12,8,2937.542222,,,,,,,
D,13,8,3109.320825,,,,,,,
D,14,8,3075.095988,,,,,,,
D,15,8,3028.241964,,,,,,,
D,16,8,3081.713431,,,,,,,
D,17,8,3070.069477,,,,,,,
D,18,8,3020.94765,,,,,,,
D,19,8,3104.188178,,,,,,,
D,20,8,3062.501282,,,,,,,
D,21,8,3094.978282,,,,,,,
D,22,8,3068.343881,,,,,,,
D,23,8,3041.546528,,,,,,,
D,24,8,3013.745095,,,,,,,
D,25,8,3033.189774,,,,,,,
D,26,8,2979.524814,,,,,,,
D,27,8,2995.476995,,,,,,,
D,28,8,2962.339315,,,,,,,
D,29,8,2952.275616,,,,,,,
D,30,8,2905.124784,,,,,,,
A,1,9,2626.256573,,,,,,,
A,2,9,2885.457677,,,,,,,
A,3,9,2758.27744,,,,,,,
A,4,9,2970.109387,,,,,,,
A,5,9,2772.114813,,,,,,,
A,6,9,2956.086564,,,,,,,
A,7,9,2737.537725,,,,,,,
A,8,9,2674.813709,,,,,,,
A,9,9,2848.953954,,,,,,,
A,10,9,2735.706591,,,,,,,
A,11,9,3126.61058,,,,,,,
A,12,9,3082.060602,,,,,,,
A,13,9,2772.804268,,,,,,,
A,14,9,2799.443339,,,,,,,
A,15,9,2771.891176,,,,,,,
A,16,9,2946.945987,,,,,,,
A,17,9,2661.555029,,,,,,,
A,18,9,2968.770714,,,,,,,
A,19,9,2676.668492,,,,,,,
A,20,9,2826.498134,,,,,,,
A,21,9,3007.763717,,,,,,,
A,22,9,2774.286405,,,,,,,
A,23,9,2964.051313,,,,,,,
A,24,9,3187.942783,,,,,,,
A,25,9,2968.414136,,,,,,,
A,26,9,2822.162473,,,,,,,
A,27,9,3101.521374,,,,,,,
A,28,9,3112.975745,,,,,,,
A,29,9,3153.49377,,,,,,,
A,30,9,3066.37055,,,,,,,
B,1,9,2924.088549,,,,,,,
B,2,9,2802.156005,,,,,,,
B,3,9,2781.532955,,,,,,,
B,4,9,2865.906361,,,,,,,
B,5,9,3040.965503,,,,,,,
B,6,9,3026.404249,,,,,,,
B,7,9,2809.99415,,,,,,,
B,8,9,2896.272666,,,,,,,
B,9,9,3077.828701,,,,,,,
B,10,9,3174.808873,,,,,,,
B,11,9,3090.019899,,,,,,,
B,12,9,3139.432136,,,,,,,
B,13,9,3129.43852,,,,,,,
B,14,9,3105.117366,,,,,,,
B,15,9,2853.190791,,,,,,,
B,16,9,2891.809216,,,,,,,
B,17,9,3118.30879,,,,,,,
B,18,9,3124.725373,,,,,,,
B,19,9,3100.149377,,,,,,,
B,20,9,2835.426278,,,,,,,
B,21,9,2820.613373,,,,,,,
B,22,9,3140.936907,,,,,,,
B,23,9,3075.676878,,,,,,,
B,24,9,3082.026394,,,,,,,
B,25,9,3131.598362,,,,,,,
B,26,9,3035.192227,,,,,,,
B,27,9,3048.201327,,,,,,,
B,28,9,3307.497879,,,,,,,
B,29,9,2946.479853,,,,,,,
B,30,9,3291.942112,,,,,,,
C,1,9,3238.091499,,,,,,,
C,2,9,3338.678771,,,,,,,
C,3,9,3396.122242,,,,,,,
C,4,9,3265.890494,,,,,,,
C,5,9,3516.429416,,,,,,,
C,6,9,3492.910975,,,,,,,
C,7,9,3493.370964,,,,,,,
C,8,9,3354.253412,,,,,,,
C,9,9,3422.81931,,,,,,,
C,10,9,3370.497127,,,,,,,
C,11,9,3295.574815,,,,,,,
C,12,9,3436.713905,,,,,,,
C,13,9,3451.734551,,,,,,,
C,14,9,3139.857731,,,,,,,
C,15,9,3138.100231,,,,,,,
C,16,9,3379.625829,,,,,,,
C,17,9,3259.378443,,,,,,,
C,18,9,3188.600772,,,,,,,
C,19,9,2969.366542,,,,,,,
C,20,9,3298.340285,,,,,,,
C,21,9,3260.769164,,,,,,,
C,22,9,3257.45645,,,,,,,
C,23,9,3305.703031,,,,,,,
C,24,9,3180.739539,,,,,,,
C,25,9,3164.820881,,,,,,,
C,26,9,3061.42712,,,,,,,
C,27,9,2969.587094,,,,,,,
C,28,9,3002.393101,,,,,,,
C,29,9,3022.875861,,,,,,,
C,30,9,3053.499747,,,,,,,
D,1,9,3297.248289,,,,,,,
D,2,9,3300.800807,,,,,,,
D,3,9,3307.993393,,,,,,,
D,4,9,3319.604894,,,,,,,
D,5,9,3236.829017,,,,,,,
D,6,9,3230.158762,,,,,,,
D,7,9,3291.698637,,,,,,,
D,8,9,3168.595944,,,,,,,
D,9,9,3290.284307,,,,,,,
D,10,9,3298.567343,,,,,,,
D,11,9,3305.754909,,,,,,,
D,12,9,3307.82387,,,,,,,
D,13,9,3316.667763,,,,,,,
D,14,9,3280.248849,,,,,,,
D,15,9,3294.60818,,,,,,,
D,16,9,3304.361272,,,,,,,
D,17,9,3226.159762,,,,,,,
D,18,9,3220.440488,,,,,,,
D,19,9,3254.260834,,,,,,,
D,20,9,3286.410906,,,,,,,
D,21,9,3277.528328,,,,,,,
D,22,9,3218.305415,,,,,,,
D,23,9,3201.362705,,,,,,,
D,24,9,3143.065358,,,,,,,
D,25,9,3042.399164,,,,,,,
D,26,9,3172.132574,,,,,,,
D,27,9,3131.753777,,,,,,,
D,28,9,2967.242992,,,,,,,
D,29,9,3045.201736,,,,,,,
D,30,9,2914.771497,,,,,,,
A,1,10,2663.642597,,,,,,,
A,2,10,2589.518878,,,,,,,
A,3,10,2613.941272,,,,,,,
A,4,10,2682.181115,,,,,,,
A,5,10,2620.843927,,,,,,,
A,6,10,2871.882952,,,,,,,
A,7,10,2838.308993,,,,,,,
A,8,10,2789.377038,,,,,,,
A,9,10,2841.656314,,,,,,,
A,10,10,2772.330522,,,,,,,
A,11,10,2730.068843,,,,,,,
A,12,10,2671.127476,,,,,,,
A,13,10,2764.569243,,,,,,,
A,14,10,2819.527105,,,,,,,
A,15,10,2709.219296,,,,,,,
A,16,10,2566.26496,,,,,,,
A,17,10,2759.505626,,,,,,,
A,18,10,2709.558953,,,,,,,
A,19,10,2741.796848,,,,,,,
A,20,10,3034.767583,,,,,,,
A,21,10,2612.984895,,,,,,,
A,22,10,2974.083695,,,,,,,
A,23,10,2657.323688,,,,,,,
A,24,10,2604.71031,,,,,,,
A,25,10,2685.767452,,,,,,,
A,26,10,2702.286339,,,,,,,
A,27,10,2690.970039,,,,,,,
A,28,10,2711.64326,,,,,,,
A,29,10,2824.439959,,,,,,,
A,30,10,2790.34039,,,,,,,
B,1,10,3029.793205,,,,,,,
B,2,10,2852.644333,,,,,,,
B,3,10,3000.09411,,,,,,,
B,4,10,2836.842038,,,,,,,
B,5,10,2942.057116,,,,,,,
B,6,10,3000.656143,,,,,,,
B,7,10,3114.394968,,,,,,,
B,8,10,3111.63418,,,,,,,
B,9,10,3043.899372,,,,,,,
B,10,10,3041.386515,,,,,,,
B,11,10,3076.419556,,,,,,,
B,12,10,3008.049768,,,,,,,
B,13,10,3030.619879,,,,,,,
B,14,10,2983.326208,,,,,,,
B,15,10,3047.892082,,,,,,,
B,16,10,3006.758472,,,,,,,
B,17,10,3049.471809,,,,,,,
B,18,10,2997.572227,,,,,,,
B,19,10,3000.488024,,,,,,,
B,20,10,2938.139806,,,,,,,
B,21,10,3098.340346,,,,,,,
B,22,10,3070.357797,,,,,,,
B,23,10,3107.151612,,,,,,,
B,24,10,3105.067128,,,,,,,
B,25,10,2997.338667,,,,,,,
B,26,10,3116.95492,,,,,,,
B,27,10,3134.140817,,,,,,,
B,28,10,3089.053053,,,,,,,
B,29,10,3045.358008,,,,,,,
B,30,10,3139.652893,,,,,,,
C,1,10,3231.063272,,,,,,,
C,2,10,3186.811298,,,,,,,
C,3,10,3128.518764,,,,,,,
C,4,10,3201.431673,,,,,,,
C,5,10,3045.051901,,,,,,,
C,6,10,3178.026942,,,,,,,
C,7,10,3169.846828,,,,,,,
C,8,10,3292.417694,,,,,,,
C,9,10,3267.64597,,,,,,,
C,10,10,3102.503812,,,,,,,
C,11,10,3041.438788,,,,,,,
C,12,10,3003.475766,,,,,,,
C,13,10,3074.139192,,,,,,,
C,14,10,3236.378625,,,,,,,
C,15,10,3005.419822,,,,,,,
C,16,10,3070.912626,,,,,,,
C,17,10,3040.34504,,,,,,,
C,18,10,3182.657865,,,,,,,
C,19,10,3448.005565,,,,,,,
C,20,10,3298.55803,,,,,,,
C,21,10,3358.834815,,,,,,,
C,22,10,3334.775513,,,,,,,
C,23,10,3184.537841,,,,,,,
C,24,10,3150.778101,,,,,,,
C,25,10,3123.737126,,,,,,,
C,26,10,3067.834264,,,,,,,
C,27,10,3011.511579,,,,,,,
C,28,10,3009.359308,,,,,,,
C,29,10,2954.934723,,,,,,,
C,30,10,3083.914311,,,,,,,
D,1,10,3212.893899,,,,,,,
D,2,10,3240.97105,,,,,,,
D,3,10,3240.419895,,,,,,,
D,4,10,3183.654126,,,,,,,
D,5,10,3213.674169,,,,,,,
D,6,10,3229.410088,,,,,,,
D,7,10,3238.534932,,,,,,,
D,8,10,3215.088911,,,,,,,
D,9,10,3237.093605,,,,,,,
D,10,10,3248.00283,,,,,,,
D,11,10,3257.678389,,,,,,,
D,12,10,3249.572757,,,,,,,
D,13,10,3267.052424,,,,,,,
D,14,10,3275.365043,,,,,,,
D,15,10,3279.61496,,,,,,,
D,16,10,3278.052484,,,,,,,
D,17,10,3273.536097,,,,,,,
D,18,10,3282.123754,,,,,,,
D,19,10,3320.238082,,,,,,,
D,20,10,3303.757587,,,,,,,
D,21,10,3305.783827,,,,,,,
D,22,10,3287.12799,,,,,,,
D,23,10,3278.701464,,,,,,,
D,24,10,3193.789562,,,,,,,
D,25,10,3220.859082,,,,,,,
D,26,10,3271.626741,,,,,,,
D,27,10,3268.142857,,,,,,,
D,28,10,3143.510474,,,,,,,
D,29,10,3160.642608,,,,,,,
D,30,10,3002.115411,,,,,,,
A,1,11,2908.537334,,,,,,,
A,2,11,3160.293603,,,,,,,
A,3,11,2915.092266,,,,,,,
A,4,11,3054.766175,,,,,,,
A,5,11,3053.345408,,,,,,,
A,6,11,3084.38322,,,,,,,
A,7,11,2928.561986,,,,,,,
A,8,11,3026.101757,,,,,,,
A,9,11,3086.999335,,,,,,,
A,10,11,3012.628733,,,,,,,
A,11,11,3003.549888,,,,,,,
A,12,11,3227.144661,,,,,,,
A,13,11,3129.49788,,,,,,,
A,14,11,2965.559868,,,,,,,
A,15,11,3014.722111,,,,,,,
A,16,11,3103.330202,,,,,,,
A,17,11,2996.156384,,,,,,,
A,18,11,3232.615095,,,,,,,
A,19,11,2859.984925,,,,,,,
A,20,11,3138.381249,,,,,,,
A,21,11,2995.852253,,,,,,,
A,22,11,3048.047413,,,,,,,
A,23,11,3185.611693,,,,,,,
A,24,11,3230.380117,,,,,,,
A,25,11,3187.781534,,,,,,,
A,26,11,2877.828725,,,,,,,
A,27,11,2902.221914,,,,,,,
A,28,11,3067.07994,,,,,,,
A,29,11,3264.70729,,,,,,,
A,30,11,3017.321112,,,,,,,
B,1,11,2937.284229,,,,,,,
B,2,11,2917.414121,,,,,,,
B,3,11,2937.481936,,,,,,,
B,4,11,2872.574071,,,,,,,
B,5,11,2949.20954,,,,,,,
B,6,11,2992.090569,,,,,,,
B,7,11,2942.916896,,,,,,,
B,8,11,2927.149464,,,,,,,
B,9,11,3078.787495,,,,,,,
B,10,11,3202.286219,,,,,,,
B,11,11,3066.194393,,,,,,,
B,12,11,3111.264277,,,,,,,
B,13,11,3103.270223,,,,,,,
B,14,11,3124.308497,,,,,,,
B,15,11,3003.144942,,,,,,,
B,16,11,3035.724045,,,,,,,
B,17,11,3178.32126,,,,,,,
B,18,11,3176.166904,,,,,,,
B,19,11,3168.815131,,,,,,,
B,20,11,2919.114231,,,,,,,
B,21,11,2994.180248,,,,,,,
B,22,11,3230.552572,,,,,,,
B,23,11,3116.969905,,,,,,,
B,24,11,3238.685259,,,,,,,
B,25,11,3187.910689,,,,,,,
B,26,11,3202.833095,,,,,,,
B,27,11,3188.241566,,,,,,,
B,28,11,3223.41633,,,,,,,
B,29,11,2977.359249,,,,,,,
B,30,11,3145.741251,,,,,,,
C,1,11,3009.177997,,,,,,,
C,2,11,3081.609274,,,,,,,
C,3,11,3166.703914,,,,,,,
C,4,11,3074.45026,,,,,,,
C,5,11,3292.480794,,,,,,,
C,6,11,3175.616279,,,,,,,
C,7,11,3210.540916,,,,,,,
C,8,11,3068.707493,,,,,,,
C,9,11,3131.029007,,,,,,,
C,10,11,3254.786048,,,,,,,
C,11,11,3394.974309,,,,,,,
C,12,11,3459.054677,,,,,,,
C,13,11,3501.795936,,,,,,,
C,14,11,3190.818725,,,,,,,
C,15,11,3223.594996,,,,,,,
C,16,11,3384.197457,,,,,,,
C,17,11,3381.232717,,,,,,,
C,18,11,3266.608688,,,,,,,
C,19,11,3293.998512,,,,,,,
C,20,11,3397.922012,,,,,,,
C,21,11,3353.689899,,,,,,,
C,22,11,3357.433968,,,,,,,
C,23,11,3360.600886,,,,,,,
C,24,11,3272.628687,,,,,,,
C,25,11,3177.887536,,,,,,,
C,26,11,3193.129432,,,,,,,
C,27,11,3068.39165,,,,,,,
C,28,11,3091.582583,,,,,,,
C,29,11,3071.077321,,,,,,,
C,30,11,3146.67765,,,,,,,
D,1,11,3222.27798,,,,,,,
D,2,11,3226.611965,,,,,,,
D,3,11,3245.933568,,,,,,,
D,4,11,3217.035769,,,,,,,
D,5,11,3168.640025,,,,,,,
D,6,11,3131.099204,,,,,,,
D,7,11,3167.94903,,,,,,,
D,8,11,3168.384535,,,,,,,
D,9,11,3127.414317,,,,,,,
D,10,11,3190.421252,,,,,,,
D,11,11,3186.439246,,,,,,,
D,12,11,3109.327875,,,,,,,
D,13,11,3225.02057,,,,,,,
D,14,11,3179.778405,,,,,,,
D,15,11,3236.994139,,,,,,,
D,16,11,3232.311981,,,,,,,
D,17,11,3209.487022,,,,,,,
D,18,11,3202.682122,,,,,,,
D,19,11,3258.868107,,,,,,,
D,20,11,3279.227445,,,,,,,
D,21,11,3267.4413,,,,,,,
D,22,11,3254.473356,,,,,,,
D,23,11,3242.588963,,,,,,,
D,24,11,3139.728526,,,,,,,
D,25,11,3101.154587,,,,,,,
D,26,11,3231.457202,,,,,,,
D,27,11,3220.766608,,,,,,,
D,28,11,3078.560771,,,,,,,
D,29,11,3101.766289,,,,,,,
D,30,11,2969.403625,,,,,,,
A,1,12,2743.712727,,,,,,,
A,2,12,2789.05271,,,,,,,
A,3,12,2789.014612,,,,,,,
A,4,12,2996.083887,,,,,,,
A,5,12,2785.535214,,,,,,,
A,6,12,2805.929026,,,,,,,
A,7,12,2775.566241,,,,,,,
A,8,12,2810.997558,,,,,,,
A,9,12,2880.38011,,,,,,,
A,10,12,2871.104979,,,,,,,
A,11,12,2824.604197,,,,,,,
A,12,12,2793.083161,,,,,,,
A,13,12,2791.877993,,,,,,,
A,14,12,2777.184679,,,,,,,
A,15,12,2783.986983,,,,,,,
A,16,12,2777.999919,,,,,,,
A,17,12,2801.740068,,,,,,,
A,18,12,2804.685535,,,,,,,
A,19,12,2846.33172,,,,,,,
A,20,12,2913.367342,,,,,,,
A,21,12,2790.48729,,,,,,,
A,22,12,2872.429327,,,,,,,
A,23,12,2827.562155,,,,,,,
A,24,12,3025.769195,,,,,,,
A,25,12,3198.022798,,,,,,,
A,26,12,3129.361192,,,,,,,
A,27,12,2863.065006,,,,,,,
A,28,12,2828.795873,,,,,,,
A,29,12,2895.564501,,,,,,,
A,30,12,2859.506589,,,,,,,
B,1,12,3033.8759,,,,,,,
B,2,12,2867.083389,,,,,,,
B,3,12,3113.637904,,,,,,,
B,4,12,2846.707144,,,,,,,
B,5,12,3021.294892,,,,,,,
B,6,12,3133.191958,,,,,,,
B,7,12,3201.567309,,,,,,,
B,8,12,3166.004694,,,,,,,
B,9,12,3135.236306,,,,,,,
B,10,12,3133.349638,,,,,,,
B,11,12,3171.847956,,,,,,,
B,12,12,3140.925711,,,,,,,
B,13,12,3051.38588,,,,,,,
B,14,12,3093.625288,,,,,,,
B,15,12,3119.727863,,,,,,,
B,16,12,3078.684386,,,,,,,
B,17,12,3070.405127,,,,,,,
B,18,12,2949.55494,,,,,,,
B,19,12,2976.946367,,,,,,,
B,20,12,3077.180489,,,,,,,
B,21,12,3142.668151,,,,,,,
B,22,12,2932.269194,,,,,,,
B,23,12,3047.799322,,,,,,,
B,24,12,3038.533158,,,,,,,
B,25,12,3124.499935,,,,,,,
B,26,12,3141.104474,,,,,,,
B,27,12,3101.826031,,,,,,,
B,28,12,3035.937373,,,,,,,
B,29,12,3042.412877,,,,,,,
B,30,12,3278.818134,,,,,,,
C,1,12,3189.898209,,,,,,,
C,2,12,3177.701042,,,,,,,
C,3,12,3127.246821,,,,,,,
C,4,12,3224.738456,,,,,,,
C,5,12,3051.866401,,,,,,,
C,6,12,3198.476979,,,,,,,
C,7,12,3195.40633,,,,,,,
C,8,12,3293.558347,,,,,,,
C,9,12,3272.44528,,,,,,,
C,10,12,3102.280946,,,,,,,
C,11,12,3070.637903,,,,,,,
C,12,12,3123.261032,,,,,,,
C,13,12,3193.403532,,,,,,,
C,14,12,3255.703297,,,,,,,
C,15,12,3093.165245,,,,,,,
C,16,12,3154.806839,,,,,,,
C,17,12,3136.589053,,,,,,,
C,18,12,3214.354743,,,,,,,
C,19,12,3214.253314,,,,,,,
C,20,12,3183.374557,,,,,,,
C,21,12,3188.01291,,,,,,,
C,22,12,3160.921332,,,,,,,
C,23,12,3066.419105,,,,,,,
C,24,12,3056.076619,,,,,,,
C,25,12,3011.188537,,,,,,,
C,26,12,2893.020625,,,,,,,
C,27,12,2844.126207,,,,,,,
C,28,12,2852.725667,,,,,,,
C,29,12,2977.171595,,,,,,,
C,30,12,2970.469219,,,,,,,
D,1,12,3123.527616,,,,,,,
D,2,12,3165.382393,,,,,,,
D,3,12,3179.365856,,,,,,,
D,4,12,3176.855901,,,,,,,
D,5,12,3166.430277,,,,,,,
D,6,12,3165.848696,,,,,,,
D,7,12,3155.591381,,,,,,,
D,8,12,3152.971972,,,,,,,
D,9,12,3147.954828,,,,,,,
D,10,12,3146.821374,,,,,,,
D,11,12,3143.569561,,,,,,,
D,12,12,3137.601719,,,,,,,
D,13,12,3131.781034,,,,,,,
D,14,12,3129.169875,,,,,,,
D,15,12,3150.389978,,,,,,,
D,16,12,3179.079298,,,,,,,
D,17,12,3131.777529,,,,,,,
D,18,12,3096.797005,,,,,,,
D,19,12,3146.461731,,,,,,,
D,20,12,3113.415397,,,,,,,
D,21,12,3111.493182,,,,,,,
D,22,12,3102.038106,,,,,,,
D,23,12,3094.253794,,,,,,,
D,24,12,2906.278548,,,,,,,
D,25,12,2997.655888,,,,,,,
D,26,12,3039.906457,,,,,,,
D,27,12,3047.301808,,,,,,,
D,28,12,3012.227667,,,,,,,
D,29,12,3045.139047,,,,,,,
D,30,12,2982.691041,,,,,,,
A,1,13,2710.218087,,,,,,,
A,2,13,2624.418602,,,,,,,
A,3,13,2687.381703,,,,,,,
A,4,13,2872.107262,,,,,,,
A,5,13,2964.195854,,,,,,,
A,6,13,2862.034188,,,,,,,
A,7,13,2762.962307,,,,,,,
A,8,13,2779.150027,,,,,,,
A,9,13,2871.397752,,,,,,,
A,10,13,2746.449074,,,,,,,
A,11,13,2899.022471,,,,,,,
A,12,13,2905.73347,,,,,,,
A,13,13,2850.09312,,,,,,,
A,14,13,2751.486075,,,,,,,
A,15,13,2823.172784,,,,,,,
A,16,13,2878.058698,,,,,,,
A,17,13,2824.384518,,,,,,,
A,18,13,2946.361627,,,,,,,
A,19,13,2803.827179,,,,,,,
A,20,13,2906.546555,,,,,,,
A,21,13,3082.65401,,,,,,,
A,22,13,2926.55194,,,,,,,
A,23,13,2858.101473,,,,,,,
A,24,13,3075.297827,,,,,,,
A,25,13,3080.447013,,,,,,,
A,26,13,2956.993339,,,,,,,
A,27,13,2952.65899,,,,,,,
A,28,13,3047.009445,,,,,,,
A,29,13,3025.611039,,,,,,,
A,30,13,2936.978897,,,,,,,
B,1,13,2794.11738,,,,,,,
B,2,13,2773.30509,,,,,,,
B,3,13,2766.849686,,,,,,,
B,4,13,2844.528577,,,,,,,
B,5,13,2924.267774,,,,,,,
B,6,13,2833.336887,,,,,,,
B,7,13,3006.974066,,,,,,,
B,8,13,2963.675272,,,,,,,
B,9,13,2940.548128,,,,,,,
B,10,13,3091.046059,,,,,,,
B,11,13,2936.515655,,,,,,,
B,12,13,3016.885398,,,,,,,
B,13,13,2985.726337,,,,,,,
B,14,13,3025.649877,,,,,,,
B,15,13,2874.800448,,,,,,,
B,16,13,2947.428997,,,,,,,
B,17,13,3075.850228,,,,,,,
B,18,13,3144.521462,,,,,,,
B,19,13,3103.786343,,,,,,,
B,20,13,2891.68264,,,,,,,
B,21,13,2927.557768,,,,,,,
B,22,13,3141.825919,,,,,,,
B,23,13,3040.323799,,,,,,,
B,24,13,3127.350288,,,,,,,
B,25,13,3094.661648,,,,,,,
B,26,13,3043.554336,,,,,,,
B,27,13,3052.229443,,,,,,,
B,28,13,3168.808382,,,,,,,
B,29,13,2970.694121,,,,,,,
B,30,13,3008.767505,,,,,,,
C,1,13,2958.938622,,,,,,,
C,2,13,3008.587003,,,,,,,
C,3,13,3178.572515,,,,,,,
C,4,13,3053.493212,,,,,,,
C,5,13,3264.903222,,,,,,,
C,6,13,3257.322353,,,,,,,
C,7,13,3288.852796,,,,,,,
C,8,13,3119.494366,,,,,,,
C,9,13,3165.664819,,,,,,,
C,10,13,3265.220134,,,,,,,
C,11,13,3259.977156,,,,,,,
C,12,13,3303.883617,,,,,,,
C,13,13,3323.905452,,,,,,,
C,14,13,3054.95052,,,,,,,
C,15,13,3179.810509,,,,,,,
C,16,13,3290.875965,,,,,,,
C,17,13,3261.22236,,,,,,,
C,18,13,3177.379495,,,,,,,
C,19,13,3127.580278,,,,,,,
C,20,13,3267.614016,,,,,,,
C,21,13,3155.503124,,,,,,,
C,22,13,3156.349191,,,,,,,
C,23,13,3196.324518,,,,,,,
C,24,13,3087.729669,,,,,,,
C,25,13,3050.351623,,,,,,,
C,26,13,2943.477172,,,,,,,
C,27,13,2875.481226,,,,,,,
C,28,13,2922.227045,,,,,,,
C,29,13,2905.033811,,,,,,,
C,30,13,2906.48884,,,,,,,
D,1,13,2859.600494,,,,,,,
D,2,13,2838.015269,,,,,,,
D,3,13,2871.046924,,,,,,,
D,4,13,2845.202822,,,,,,,
D,5,13,2884.998725,,,,,,,
D,6,13,2835.58508,,,,,,,
D,7,13,2831.51211,,,,,,,
D,8,13,2896.724094,,,,,,,
D,9,13,2784.136668,,,,,,,
D,10,13,2812.848466,,,,,,,
D,11,13,2769.223736,,,,,,,
D,12,13,2787.528974,,,,,,,
D,13,13,2799.97896,,,,,,,
D,14,13,2818.91256,,,,,,,
D,15,13,2874.433163,,,,,,,
D,16,13,2853.551099,,,,,,,
D,17,13,2928.802883,,,,,,,
D,18,13,2929.146818,,,,,,,
D,19,13,2925.356927,,,,,,,
D,20,13,2888.766328,,,,,,,
D,21,13,2883.347677,,,,,,,
D,22,13,2858.882261,,,,,,,
D,23,13,2863.605234,,,,,,,
D,24,13,2867.87156,,,,,,,
D,25,13,2877.201346,,,,,,,
D,26,13,2948.348788,,,,,,,
D,27,13,2915.13445,,,,,,,
D,28,13,2832.982952,,,,,,,
D,29,13,2855.791501,,,,,,,
D,30,13,2777.93966,,,,,,,
A,1,14,2980.824094,,,,,,,
A,2,14,2852.637035,,,,,,,
A,3,14,2857.624713,,,,,,,
A,4,14,2874.092703,,,,,,,
A,5,14,2710.89849,,,,,,,
A,6,14,2861.27601,,,,,,,
A,7,14,2795.661726,,,,,,,
A,8,14,2753.169512,,,,,,,
A,9,14,2725.112563,,,,,,,
A,10,14,2808.945168,,,,,,,
A,11,14,2728.857767,,,,,,,
A,12,14,2843.885309,,,,,,,
A,13,14,2701.865928,,,,,,,
A,14,14,2693.134546,,,,,,,
A,15,14,2829.264122,,,,,,,
A,16,14,2865.601603,,,,,,,
A,17,14,2787.737623,,,,,,,
A,18,14,3095.674748,,,,,,,
A,19,14,2686.83876,,,,,,,
A,20,14,2654.348157,,,,,,,
A,21,14,2970.423082,,,,,,,
A,22,14,2814.056683,,,,,,,
A,23,14,2789.845652,,,,,,,
A,24,14,2668.736696,,,,,,,
A,25,14,2864.647887,,,,,,,
A,26,14,2650.666008,,,,,,,
A,27,14,2797.714927,,,,,,,
A,28,14,2623.553672,,,,,,,
A,29,14,2776.181559,,,,,,,
A,30,14,2776.155491,,,,,,,
B,1,14,3034.467278,,,,,,,
B,2,14,2964.259153,,,,,,,
B,3,14,2985.555448,,,,,,,
B,4,14,2755.746395,,,,,,,
B,5,14,2944.922045,,,,,,,
B,6,14,3020.098025,,,,,,,
B,7,14,3062.095286,,,,,,,
B,8,14,3045.498161,,,,,,,
B,9,14,3026.039445,,,,,,,
B,10,14,2863.353976,,,,,,,
B,11,14,3045.125479,,,,,,,
B,12,14,3079.396324,,,,,,,
B,13,14,3056.466304,,,,,,,
B,14,14,3097.710928,,,,,,,
B,15,14,3106.64183,,,,,,,
B,16,14,3125.50916,,,,,,,
B,17,14,3083.327554,,,,,,,
B,18,14,3065.466031,,,,,,,
B,19,14,3083.873884,,,,,,,
B,20,14,3110.613754,,,,,,,
B,21,14,3200.238489,,,,,,,
B,22,14,3153.530994,,,,,,,
B,23,14,3176.062103,,,,,,,
B,24,14,3151.688406,,,,,,,
B,25,14,3096.96672,,,,,,,
B,26,14,3117.180565,,,,,,,
B,27,14,3045.099859,,,,,,,
B,28,14,2897.586975,,,,,,,
B,29,14,3069.868684,,,,,,,
B,30,14,3038.871401,,,,,,,
C,1,14,3190.146936,,,,,,,
C,2,14,3075.351619,,,,,,,
C,3,14,2968.976597,,,,,,,
C,4,14,3129.136109,,,,,,,
C,5,14,2947.095294,,,,,,,
C,6,14,3015.407854,,,,,,,
C,7,14,3025.051016,,,,,,,
C,8,14,3145.555419,,,,,,,
C,9,14,3168.147362,,,,,,,
C,10,14,3138.566753,,,,,,,
C,11,14,2987.12096,,,,,,,
C,12,14,3021.483922,,,,,,,
C,13,14,3094.216327,,,,,,,
C,14,14,3161.406489,,,,,,,
C,15,14,3028.219613,,,,,,,
C,16,14,3035.006134,,,,,,,
C,17,14,2987.52479,,,,,,,
C,18,14,3129.204014,,,,,,,
C,19,14,3122.373802,,,,,,,
C,20,14,2923.383703,,,,,,,
C,21,14,2992.423252,,,,,,,
C,22,14,3020.299389,,,,,,,
C,23,14,2970.821954,,,,,,,
C,24,14,2895.399159,,,,,,,
C,25,14,2875.74303,,,,,,,
C,26,14,2810.543003,,,,,,,
C,27,14,2800.883968,,,,,,,
C,28,14,2819.711998,,,,,,,
C,29,14,2821.397076,,,,,,,
C,30,14,2942.6725,,,,,,,
D,1,14,3130.393209,,,,,,,
D,2,14,3165.903633,,,,,,,
D,3,14,3223.657401,,,,,,,
D,4,14,3198.808862,,,,,,,
D,5,14,3223.398706,,,,,,,
D,6,14,3197.4801,,,,,,,
D,7,14,3200.667681,,,,,,,
D,8,14,3238.749341,,,,,,,
D,9,14,3220.903056,,,,,,,
D,10,14,3221.354276,,,,,,,
D,11,14,3235.853488,,,,,,,
D,12,14,3253.716218,,,,,,,
D,13,14,3262.577575,,,,,,,
D,14,14,3279.502323,,,,,,,
D,15,14,3283.771758,,,,,,,
D,16,14,3290.493496,,,,,,,
D,17,14,3279.557729,,,,,,,
D,18,14,3286.556526,,,,,,,
D,19,14,3300.149568,,,,,,,
D,20,14,3316.178703,,,,,,,
D,21,14,3329.046132,,,,,,,
D,22,14,3301.244863,,,,,,,
D,23,14,3302.38071,,,,,,,
D,24,14,3242.340471,,,,,,,
D,25,14,3247.86223,,,,,,,
D,26,14,3292.312657,,,,,,,
D,27,14,3310.27435,,,,,,,
D,28,14,3155.163516,,,,,,,
D,29,14,3131.192366,,,,,,,
D,30,14,2997.77212,,,,,,,
A,1,15,2838.025919,,,,,,,
A,2,15,2805.357396,,,,,,,
A,3,15,2858.447626,,,,,,,
A,4,15,2971.272448,,,,,,,
A,5,15,3076.266992,,,,,,,
A,6,15,2955.0427,,,,,,,
A,7,15,3036.520905,,,,,,,
A,8,15,2922.777326,,,,,,,
A,9,15,2896.162851,,,,,,,
A,10,15,3132.339281,,,,,,,
A,11,15,3027.758608,,,,,,,
A,12,15,3082.542741,,,,,,,
A,13,15,2932.714117,,,,,,,
A,14,15,2880.80862,,,,,,,
A,15,15,2965.420915,,,,,,,
A,16,15,3002.948451,,,,,,,
A,17,15,2974.486963,,,,,,,
A,18,15,3081.723152,,,,,,,
A,19,15,2864.484246,,,,,,,
A,20,15,2888.882226,,,,,,,
A,21,15,3022.465312,,,,,,,
A,22,15,2994.144414,,,,,,,
A,23,15,2970.777516,,,,,,,
A,24,15,3139.80453,,,,,,,
A,25,15,3175.355959,,,,,,,
A,26,15,2950.287658,,,,,,,
A,27,15,2943.851909,,,,,,,
A,28,15,3134.801699,,,,,,,
A,29,15,3204.075337,,,,,,,
A,30,15,3049.262507,,,,,,,
B,1,15,3030.837725,,,,,,,
B,2,15,3094.062818,,,,,,,
B,3,15,2937.580418,,,,,,,
B,4,15,2920.053345,,,,,,,
B,5,15,3034.687341,,,,,,,
B,6,15,2986.224268,,,,,,,
B,7,15,3044.347647,,,,,,,
B,8,15,3033.899687,,,,,,,
B,9,15,3018.042891,,,,,,,
B,10,15,3216.224131,,,,,,,
B,11,15,3023.435737,,,,,,,
B,12,15,3121.87861,,,,,,,
B,13,15,3118.119208,,,,,,,
B,14,15,3080.116757,,,,,,,
B,15,15,3015.310059,,,,,,,
B,16,15,3088.090759,,,,,,,
B,17,15,3198.070255,,,,,,,
B,18,15,3199.880961,,,,,,,
B,19,15,3191.607236,,,,,,,
B,20,15,2923.607339,,,,,,,
B,21,15,3047.771566,,,,,,,
B,22,15,3231.751195,,,,,,,
B,23,15,3058.154618,,,,,,,
B,24,15,3157.998243,,,,,,,
B,25,15,3084.321193,,,,,,,
B,26,15,3034.504275,,,,,,,
B,27,15,2989.567822,,,,,,,
B,28,15,3158.199976,,,,,,,
B,29,15,3005.628295,,,,,,,
B,30,15,3075.574689,,,,,,,
C,1,15,2923.581259,,,,,,,
C,2,15,2985.842974,,,,,,,
C,3,15,3115.215456,,,,,,,
C,4,15,3024.782028,,,,,,,
C,5,15,3225.8833,,,,,,,
C,6,15,3159.831606,,,,,,,
C,7,15,3219.182528,,,,,,,
C,8,15,2990.256508,,,,,,,
C,9,15,3021.530281,,,,,,,
C,10,15,3209.650787,,,,,,,
C,11,15,3171.151354,,,,,,,
C,12,15,3236.983399,,,,,,,
C,13,15,3296.343014,,,,,,,
C,14,15,3059.429531,,,,,,,
C,15,15,3121.674595,,,,,,,
C,16,15,3290.610567,,,,,,,
C,17,15,3262.631813,,,,,,,
C,18,15,3101.405974,,,,,,,
C,19,15,3040.828581,,,,,,,
C,20,15,3248.892359,,,,,,,
C,21,15,3206.276478,,,,,,,
C,22,15,3205.988724,,,,,,,
C,23,15,3234.853574,,,,,,,
C,24,15,3129.194397,,,,,,,
C,25,15,3040.993168,,,,,,,
C,26,15,2953.565901,,,,,,,
C,27,15,2926.519127,,,,,,,
C,28,15,2969.57478,,,,,,,
C,29,15,2947.736535,,,,,,,
C,30,15,3024.887231,,,,,,,
D,1,15,3170.211028,,,,,,,
D,2,15,3174.2404,,,,,,,
D,3,15,3224.736783,,,,,,,
D,4,15,3203.685618,,,,,,,
D,5,15,3230.798131,,,,,,,
D,6,15,3183.493974,,,,,,,
D,7,15,3182.340335,,,,,,,
D,8,15,3142.369823,,,,,,,
D,9,15,3133.041199,,,,,,,
D,10,15,3164.110621,,,,,,,
D,11,15,3055.561231,,,,,,,
D,12,15,3090.212785,,,,,,,
D,13,15,3074.892714,,,,,,,
D,14,15,3080.576197,,,,,,,
D,15,15,3054.159923,,,,,,,
D,16,15,3049.058002,,,,,,,
D,17,15,3076.991547,,,,,,,
D,18,15,3057.018822,,,,,,,
D,19,15,3068.043472,,,,,,,
D,20,15,3048.969378,,,,,,,
D,21,15,3052.473372,,,,,,,
D,22,15,3037.83006,,,,,,,
D,23,15,3019.653645,,,,,,,
D,24,15,2964.755991,,,,,,,
D,25,15,2973.115171,,,,,,,
D,26,15,3011.107425,,,,,,,
D,27,15,2947.482295,,,,,,,
D,28,15,2803.933074,,,,,,,
D,29,15,2799.257747,,,,,,,
D,30,15,2714.775148,,,,,,,
A,1,16,2774.700177,,,,,,,
A,2,16,2719.121485,,,,,,,
A,3,16,2772.538187,,,,,,,
A,4,16,2828.417138,,,,,,,
A,5,16,2689.869428,,,,,,,
A,6,16,2722.883341,,,,,,,
A,7,16,2773.680534,,,,,,,
A,8,16,2772.367911,,,,,,,
A,9,16,2753.366329,,,,,,,
A,10,16,3042.834219,,,,,,,
A,11,16,2731.259467,,,,,,,
A,12,16,2737.176171,,,,,,,
A,13,16,2730.466867,,,,,,,
A,14,16,2866.341383,,,,,,,
A,15,16,2812.18025,,,,,,,
A,16,16,2746.532898,,,,,,,
A,17,16,2908.830897,,,,,,,
A,18,16,2894.710075,,,,,,,
A,19,16,2752.176938,,,,,,,
A,20,16,2846.104018,,,,,,,
A,21,16,2876.959538,,,,,,,
A,22,16,2941.658034,,,,,,,
A,23,16,2948.411236,,,,,,,
A,24,16,2869.099821,,,,,,,
A,25,16,2983.371121,,,,,,,
A,26,16,2854.59045,,,,,,,
A,27,16,2765.549196,,,,,,,
A,28,16,2742.280166,,,,,,,
A,29,16,2818.156692,,,,,,,
A,30,16,2778.070189,,,,,,,
B,1,16,3058.950356,,,,,,,
B,2,16,2977.283085,,,,,,,
B,3,16,3046.521457,,,,,,,
B,4,16,2906.157546,,,,,,,
B,5,16,2956.587818,,,,,,,
B,6,16,3070.821345,,,,,,,
B,7,16,3167.67086,,,,,,,
B,8,16,3157.849296,,,,,,,
B,9,16,3107.950797,,,,,,,
B,10,16,2909.748989,,,,,,,
B,11,16,3057.908468,,,,,,,
B,12,16,3093.393168,,,,,,,
B,13,16,3098.577372,,,,,,,
B,14,16,3058.946303,,,,,,,
B,15,16,3145.674094,,,,,,,
B,16,16,3111.267314,,,,,,,
B,17,16,3081.283671,,,,,,,
B,18,16,2943.528793,,,,,,,
B,19,16,2918.428935,,,,,,,
B,20,16,3100.755673,,,,,,,
B,21,16,3103.615922,,,,,,,
B,22,16,2961.271484,,,,,,,
B,23,16,2994.621603,,,,,,,
B,24,16,2868.695057,,,,,,,
B,25,16,2906.661335,,,,,,,
B,26,16,3037.768861,,,,,,,
B,27,16,3047.405229,,,,,,,
B,28,16,2844.307071,,,,,,,
B,29,16,3029.891728,,,,,,,
B,30,16,3113.656874,,,,,,,
C,1,16,3135.149264,,,,,,,
C,2,16,3139.982313,,,,,,,
C,3,16,3095.348543,,,,,,,
C,4,16,3174.125206,,,,,,,
C,5,16,3067.881556,,,,,,,
C,6,16,3151.07189,,,,,,,
C,7,16,3121.310407,,,,,,,
C,8,16,3237.499493,,,,,,,
C,9,16,3231.528716,,,,,,,
C,10,16,2989.584694,,,,,,,
C,11,16,3008.261836,,,,,,,
C,12,16,3135.652059,,,,,,,
C,13,16,3126.505946,,,,,,,
C,14,16,3346.373096,,,,,,,
C,15,16,3237.551207,,,,,,,
C,16,16,3167.806613,,,,,,,
C,17,16,3140.394859,,,,,,,
C,18,16,3254.114282,,,,,,,
C,19,16,3255.608545,,,,,,,
C,20,16,3122.884305,,,,,,,
C,21,16,3228.066119,,,,,,,
C,22,16,3216.142895,,,,,,,
C,23,16,3134.388148,,,,,,,
C,24,16,3033.220352,,,,,,,
C,25,16,2991.494634,,,,,,,
C,26,16,2939.769391,,,,,,,
C,27,16,2921.116726,,,,,,,
C,28,16,2885.340549,,,,,,,
C,29,16,2883.387175,,,,,,,
C,30,16,3002.715832,,,,,,,
D,1,16,3154.472831,,,,,,,
D,2,16,3170.117279,,,,,,,
D,3,16,3177.508368,,,,,,,
D,4,16,3187.056971,,,,,,,
D,5,16,3203.583145,,,,,,,
D,6,16,3160.667184,,,,,,,
D,7,16,3154.349961,,,,,,,
D,8,16,3194.414334,,,,,,,
D,9,16,3131.540816,,,,,,,
D,10,16,3115.505674,,,,,,,
D,11,16,3099.40219,,,,,,,
D,12,16,3146.286222,,,,,,,
D,13,16,3080.443096,,,,,,,
D,14,16,3098.344247,,,,,,,
D,15,16,3122.367481,,,,,,,
D,16,16,3088.895392,,,,,,,
D,17,16,3109.985017,,,,,,,
D,18,16,3119.930008,,,,,,,
D,19,16,3082.793215,,,,,,,
D,20,16,3109.389496,,,,,,,
D,21,16,3110.633439,,,,,,,
D,22,16,3096.69737,,,,,,,
D,23,16,3065.499216,,,,,,,
D,24,16,3014.825126,,,,,,,
D,25,16,3016.98942,,,,,,,
D,26,16,3081.364354,,,,,,,
D,27,16,3032.153719,,,,,,,
D,28,16,2864.575136,,,,,,,
D,29,16,2891.81226,,,,,,,
D,30,16,2807.920438,,,,,,,
A,1,17,2767.005541,,,,,,,
A,2,17,2793.494222,,,,,,,
A,3,17,2798.72555,,,,,,,
A,4,17,2961.269801,,,,,,,
A,5,17,2987.747252,,,,,,,
A,6,17,2914.680226,,,,,,,
A,7,17,2941.600349,,,,,,,
A,8,17,2844.551117,,,,,,,
A,9,17,2896.611946,,,,,,,
A,10,17,2940.454236,,,,,,,
A,11,17,2959.623333,,,,,,,
A,12,17,3013.914254,,,,,,,
A,13,17,2858.391287,,,,,,,
A,14,17,2799.083888,,,,,,,
A,15,17,2829.999506,,,,,,,
A,16,17,2942.257733,,,,,,,
A,17,17,2769.938025,,,,,,,
A,18,17,2977.760085,,,,,,,
A,19,17,2679.652027,,,,,,,
A,20,17,2826.509921,,,,,,,
A,21,17,2866.221519,,,,,,,
A,22,17,2877.288179,,,,,,,
A,23,17,2937.190136,,,,,,,
A,24,17,2940.6202,,,,,,,
A,25,17,2976.789621,,,,,,,
A,26,17,2918.586621,,,,,,,
A,27,17,2896.796922,,,,,,,
A,28,17,2923.487285,,,,,,,
A,29,17,2951.590299,,,,,,,
A,30,17,2889.769129,,,,,,,
B,1,17,2804.29458,,,,,,,
B,2,17,2918.745445,,,,,,,
B,3,17,2773.36463,,,,,,,
B,4,17,2813.40993,,,,,,,
B,5,17,2814.436412,,,,,,,
B,6,17,2756.529903,,,,,,,
B,7,17,2758.724263,,,,,,,
B,8,17,2749.085463,,,,,,,
B,9,17,2815.175308,,,,,,,
B,10,17,2954.883625,,,,,,,
B,11,17,2836.908272,,,,,,,
B,12,17,2878.620831,,,,,,,
B,13,17,2917.626118,,,,,,,
B,14,17,2893.176258,,,,,,,
B,15,17,2828.386,,,,,,,
B,16,17,2851.947238,,,,,,,
B,17,17,2995.867162,,,,,,,
B,18,17,2984.92634,,,,,,,
B,19,17,2968.870018,,,,,,,
B,20,17,2848.021328,,,,,,,
B,21,17,2876.71974,,,,,,,
B,22,17,3070.720836,,,,,,,
B,23,17,2967.781463,,,,,,,
B,24,17,2994.531188,,,,,,,
B,25,17,2952.574828,,,,,,,
B,26,17,2968.220572,,,,,,,
B,27,17,2965.426961,,,,,,,
B,28,17,3071.183518,,,,,,,
B,29,17,2925.174954,,,,,,,
B,30,17,2974.053399,,,,,,,
C,1,17,2907.866254,,,,,,,
C,2,17,3036.464994,,,,,,,
C,3,17,3001.129854,,,,,,,
C,4,17,2903.801049,,,,,,,
C,5,17,2976.344484,,,,,,,
C,6,17,2936.044568,,,,,,,
C,7,17,2990.7052,,,,,,,
C,8,17,2843.921174,,,,,,,
C,9,17,2950.304428,,,,,,,
C,10,17,2983.509444,,,,,,,
C,11,17,2909.638111,,,,,,,
C,12,17,2945.96314,,,,,,,
C,13,17,2966.190699,,,,,,,
C,14,17,2832.66216,,,,,,,
C,15,17,2810.576606,,,,,,,
C,16,17,2990.286934,,,,,,,
C,17,17,2902.480025,,,,,,,
C,18,17,2803.318734,,,,,,,
C,19,17,2843.326816,,,,,,,
C,20,17,2963.337556,,,,,,,
C,21,17,2887.449775,,,,,,,
C,22,17,2910.69166,,,,,,,
C,23,17,2907.727509,,,,,,,
C,24,17,2836.427426,,,,,,,
C,25,17,2849.048923,,,,,,,
C,26,17,2750.67405,,,,,,,
C,27,17,2726.057722,,,,,,,
C,28,17,2755.118652,,,,,,,
C,29,17,2736.974884,,,,,,,
C,30,17,2784.668181,,,,,,,
D,1,17,2884.687634,,,,,,,
D,2,17,2844.896485,,,,,,,
D,3,17,2856.558794,,,,,,,
D,4,17,2849.679647,,,,,,,
D,5,17,2848.301313,,,,,,,
D,6,17,2861.58501,,,,,,,
D,7,17,2899.068197,,,,,,,
D,8,17,2878.701337,,,,,,,
D,9,17,2902.304024,,,,,,,
D,10,17,2883.179271,,,,,,,
D,11,17,2896.774055,,,,,,,
D,12,17,2882.671178,,,,,,,
D,13,17,2895.377885,,,,,,,
D,14,17,2878.613079,,,,,,,
D,15,17,2881.819704,,,,,,,
D,16,17,2925.371322,,,,,,,
D,17,17,2880.222549,,,,,,,
D,18,17,2851.094903,,,,,,,
D,19,17,2849.811402,,,,,,,
D,20,17,2864.817263,,,,,,,
D,21,17,2853.075867,,,,,,,
D,22,17,2880.15779,,,,,,,
D,23,17,2846.404367,,,,,,,
D,24,17,2793.008272,,,,,,,
D,25,17,2826.249825,,,,,,,
D,26,17,2891.565875,,,,,,,
D,27,17,2835.482441,,,,,,,
D,28,17,2701.523287,,,,,,,
D,29,17,2732.706781,,,,,,,
D,30,17,2711.073813,,,,,,,
