WaterLeft,SPAD,Size,3rd_temp,class
197.2933516,45.6,12912,2735.860064,1
198.012672,45.6,15497,2845.174748,1
193.8238583,46.51428571,16049,2779.320071,1
193.2248277,47.42857143,19217,2777.740499,1
190.0737977,48.34285714,22846,2763.350325,1
193.7936839,49.25714286,15877,2714.480712,1
190.3718578,50.17142857,16627,2799.514776,1
193.6458736,51.08571429,13779,2844.147346,1
188.2592124,52,13413,2852.058644,1
188.2993099,51.46666667,13264,2752.961149,1
183.6450829,50.93333333,21223,2848.129153,1
191.2361204,50.4,19696,2822.030566,1
190.8267549,49.86666667,13398,2754.602309,1
183.252066,49.33333333,20543,2791.023482,1
187.161272,48.8,17541,2799,1
185.1320385,47.23333333,21962,2814.602694,1
191.9962043,45.66666667,16809,2830.205388,1
186.9347102,44.1,22753,2888.737444,1
192.7794092,42.53333333,11004,2834.647549,1
187.4691441,40.96666667,17563,2829.321029,1
193.5815367,39.4,17154,2911.874948,1
185.1959498,41.98333333,16883,2798.374893,1
190.8072502,44.56666667,16311,2823.320132,1
192.7198872,47.15,23344,2803.192806,1
188.693545,49.73333333,21111,2775.583164,1
192.9654986,52.31666667,15755,2823.963896,1
187.6332619,54.9,20158,2847.94106,1
181.0273793,54.9,21944,2760.372017,1
191.8482846,54.9,25598,2779.211167,1
189.7247409,54.9,15863,2809.016272,1
147.109253,47.2,18667,3148.947602,1
146.4083889,47.2,13211,3208.980044,1
148.4167968,48.71428571,16808,3245.377103,1
144.9976203,50.22857143,13431,2900.142934,1
148.9090294,51.74285714,18876,2754.200711,1
146.186766,53.25714286,15454,2785.947553,1
149.8089209,54.77142857,14524,2828.266388,1
145.5009164,56.28571429,13162,2873.46731,1
148.3582222,57.8,17425,2768.449314,1
149.7277575,56.81666667,18461,2787.902291,1
149.3879217,55.83333333,13996,2791.289673,1
151.8491061,54.85,25636,2847.510785,1
150.4249492,53.86666667,18744,2795.810821,1
146.2675151,52.88333333,17611,2744.486156,1
151.0530541,51.9,13530,2882.474476,1
146.7720152,51.63333333,12377,2805.776599,1
150.3992432,51.36666667,20220,2764.212057,1
145.2229709,51.1,19892,2787.571864,1
150.6957091,50.83333333,19575,2755.758024,1
152.4730933,50.56666667,15073,2793.603485,1
144.4397909,50.3,13618,2756.806582,1
147.1566841,50.41666667,24370,2796.826653,1
147.277192,50.53333333,15342,2805.73873,1
152.5775396,50.65,27584,2821.587502,1
147.3315259,50.76666667,19843,2992.742092,1
145.2713049,50.88333333,18461,2824.743818,1
150.3728807,51,18869,2809.208546,1
149.9972401,51,18544,3220.419996,1
148.4398579,51,12214,2845.624888,1
150.6028472,51,18677,2736.193384,1
99.11502785,42.3,21447,2732.614026,1
97.61371396,42.3,14878,2768.180115,1
102.8414222,44.07142857,16569,2800.070104,1
101.1559734,45.84285714,13141,2798.055787,1
100.4831886,47.61428571,23700,2760.850685,1
95.75281235,49.38571429,17757,2810.420699,1
94.23076083,51.15714286,17243,2826.926626,1
96.92911228,52.92857143,18945,2794.193763,1
86.35129796,54.7,24991,2797.973794,1
101.909127,54.2,15575,2775.552903,1
100.3635325,53.7,20583,2809.017138,1
99.32899433,53.2,23155,2739.191689,1
101.7599945,52.7,22511,2706.939081,1
101.6388824,52.2,23948,2701.761533,1
104.2948311,51.7,12410,2737.575758,1
105.5120941,52.03333333,17619,2732.717453,1
105.260084,52.36666667,17525,2696.807523,1
102.2933285,52.7,23055,2657.471198,1
105.4425775,53.03333333,21004,2753.488653,1
92.38667513,53.36666667,20471,2718.820038,1
99.03846331,53.7,15989,2762.960863,1
105.4449475,52.78333333,13955,2762.118496,1
102.3038824,51.86666667,22861,2725.047619,1
105.852998,50.95,16737,2733.341204,1
101.4896821,50.03333333,15326,2690.876919,1
107.8796529,49.11666667,16940,2806.302507,1
101.6300085,48.2,11527,2803.830648,1
100.2653714,48.2,18871,2776.86852,1
108.9662221,48.2,17463,2723.891069,1
101.2545561,48.2,24833,2718.32514,1
65.96442631,47.5,17238,2980.401236,1
68.41140074,47.5,16504,2972.285778,1
65.61436782,48.15714286,21830,2892.735961,1
64.55155157,48.81428571,16622,2876.455967,1
74.59809335,49.47142857,18950,2927.846168,1
73.52280222,50.12857143,19700,2868.9649,1
67.06958336,50.78571429,25869,2882.465449,1
71.22920495,51.44285714,30071,2882.058053,1
68.96239683,52.1,19019,2922.15812,1
63.87527576,52.88333333,23782,2871.564409,1
71.35070386,53.66666667,15336,2866.885111,1
68.20625785,54.45,15756,2841.519531,1
69.01421544,55.23333333,19760,2805.997498,1
70.54135778,56.01666667,20668,2851.051502,1
67.95796047,56.8,19313,2818.40445,1
68.95765181,55.9,16053,2807.826906,1
71.92214685,55,21861,2785.978254,1
71.72951758,54.1,13874,2814.144497,1
64.0725663,53.2,19294,2780.731828,1
71.55891146,52.3,19717,2781.594033,1
67.10386227,51.4,16646,2726.678781,1
73.7130936,50.9,16292,2721.927902,1
70.01343207,50.4,19788,2763.95552,1
69.96538748,49.9,14122,2808.231657,1
70.42469699,49.4,18963,2808.582295,1
73.76240749,48.9,11803,2795.354438,1
74.33989838,48.4,18194,2806.913773,1
71.67178516,48.4,19724,2784.069708,1
70.55131039,48.4,22789,2735.088691,1
74.77112769,48.4,14690,2763.378114,1
170,55.2,16331,2859.285044,1
170,55.2,21484,2752.164789,1
170,55.41428571,18440,2823.612361,1
170,55.62857143,22540,2712.243363,1
170,55.84285714,24878,2714.572578,1
170,56.05714286,19210,2739.25894,1
170,56.27142857,16791,2783.218879,1
170,56.48571429,17622,2779.359346,1
170,56.7,18899,2755.579561,1
170,56.33333333,19493,2791.203281,1
170,55.96666667,25978,2773.927929,1
170,55.6,30265,2815.152241,1
170,55.23333333,18345,2773.487767,1
170,54.86666667,20348,2972.871918,1
170,54.5,19954,2774.375981,1
170,54.73333333,26468,2819.081777,1
170,54.96666667,17295,2769.906536,1
170,55.2,25309,2851.66525,1
170,55.43333333,12916,2797.305416,1
170,55.66666667,15885,2796.270308,1
170,55.9,21885,2807.266274,1
170,56.71666667,17825,2750.393777,1
170,57.53333333,20517,2794.437564,1
170,58.35,25926,2765.902006,1
170,59.16666667,22700,2763.951666,1
170,59.98333333,18686,2818.698929,1
170,60.8,22648,2843.187254,1
170,60.8,23887,2722.053795,1
170,60.8,30616,2753.059473,1
170,60.8,21100,2761.01193,1
155,53.6,22075,2976.296855,1
155,53.6,16979,3005.737412,1
155,55.05714286,21227,3074.989458,1
155,56.51428571,15445,2802.237828,1
155,57.97142857,20494,2763.084844,1
155,59.42857143,18189,2781.131093,1
155,60.88571429,16560,2765.56012,1
155,62.34285714,14315,2786.273416,1
155,63.8,18282,2746.119181,1
155,62.86666667,27460,2753.05858,1
155,61.93333333,19639,2719.17479,1
155,61,24728,2767.446401,1
155,60.06666667,20887,2760.642651,1
155,59.13333333,19655,2765.211069,1
155,58.2,13849,2805.566978,1
155,58.63333333,14292,2772.450115,1
155,59.06666667,21703,2795.060729,1
155,59.5,21582,2828.567191,1
155,59.93333333,23691,2838.589503,1
155,60.36666667,14495,2836.84439,1
155,60.8,18134,2832.978193,1
155,59.98333333,25085,2778.778853,1
155,59.16666667,15867,2734.516594,1
155,58.35,26676,2764.971241,1
155,57.53333333,21076,3003.657797,1
155,56.71666667,22223,2703.657035,1
155,55.9,23053,2663.364033,1
155,55.9,16976,2936.920809,1
155,55.9,15703,2834.713932,1
155,55.9,19330,2660.089481,1
155,58.6,23666,2613.970973,1
155,58.6,16532,2675.424593,1
155,58.88571429,16362,2661.235603,1
155,59.17142857,19047,2738.019203,1
155,59.45714286,20015,2693.68717,1
155,59.74285714,15395,2741.518067,1
155,60.02857143,15875,2754.705011,1
155,60.31428571,17796,2722.30872,1
155,60.6,22600,2727.67061,1
155,59.8,16778,2731.007017,1
155,59,22367,2690.614104,1
155,58.2,22964,2673.898346,1
155,57.4,27837,2696.984621,1
155,56.6,24104,2664.491535,1
155,55.8,16887,2700.245761,1
155,56.46666667,24058,2698.132189,1
155,57.13333333,18494,2682.259231,1
155,57.8,30878,2701.797093,1
155,58.46666667,20632,2714.204467,1
155,59.13333333,24380,2687.259795,1
155,59.8,19457,2668.088832,1
155,57.9,15593,2667.699246,1
155,56,23115,2641.715978,1
155,54.1,17412,2650.779647,1
155,52.2,18573,2660.34815,1
155,50.3,19804,2713.654472,1
155,48.4,15191,2698.970369,1
155,48.4,21356,2674.274461,1
155,48.4,18524,2668.403189,1
155,48.4,22293,2671.743871,1
127.5,42.9,18438,2794.403805,1
127.5,42.9,16600,2792.479769,1
127.5,44.74285714,22048,2766.770173,1
127.5,46.58571429,15597,2725.616771,1
127.5,48.42857143,18387,2719.781649,1
127.5,50.27142857,18886,2705.550616,1
127.5,52.11428571,21214,2680.464286,1
127.5,53.95714286,25631,2625.824903,1
127.5,55.8,20939,2667.575389,1
127.5,57.03333333,24681,2644.017808,1
127.5,58.26666667,16252,2644.207464,1
127.5,59.5,17670,2631.618707,1
127.5,60.73333333,21598,2595.729563,1
127.5,61.96666667,21095,2580.698855,1
127.5,63.2,21901,2537.491782,1
127.5,62.6,19189,2561.937771,1
127.5,62,21377,2598.979833,1
127.5,61.4,19055,2605.349515,1
127.5,60.8,20171,2598.537308,1
127.5,60.2,26907,2605.838142,1
127.5,59.6,21462,2596.561846,1
127.5,58.18333333,23037,2631.30831,1
127.5,56.76666667,20817,2641.292514,1
127.5,55.35,14842,2653.58954,1
127.5,53.93333333,19322,2640.505525,1
127.5,52.51666667,12143,2639.36135,1
127.5,51.1,19094,2627.17869,1
127.5,51.1,21201,2614.976073,1
127.5,51.1,27571,2612.237556,1
127.5,51.1,20757,2599.491944,1
188.8418439,57.7,18771,2583.160738,1
192.7272914,57.7,21574,2547.413498,1
190.4498126,57.6,19535,2532.918958,1
191.897715,57.5,18700,2546.639605,1
186.7610117,57.4,23210,2546.63318,1
190.8080553,57.3,16467,2571.779974,1
189.8309132,57.2,16865,2624.625977,1
192.2560066,57.1,17180,2626.959077,1
183.5097675,57,13662,2540.643772,1
182.4325522,56.85,16685,2636.706034,1
189.0062481,56.7,21276,2597.151937,1
190.8222849,56.55,25886,2668.306287,1
187.8430464,56.4,16492,2716.647213,1
191.8152354,56.25,17575,2657.272673,1
189.5295333,56.1,16320,2557.96044,1
190.0001424,56.31666667,19406,2545.695603,1
187.5288765,56.53333333,16925,2541.90703,1
188.3907455,56.75,23369,2636.095333,1
187.1879496,56.96666667,13020,2571.250422,1
189.8008679,57.18333333,14052,2824.610783,1
186.5079202,57.4,16507,2590.87554,1
189.2115089,58.03333333,17555,2622.277847,1
189.9415654,58.66666667,16519,2594.134978,1
186.6609875,59.3,19636,2547.543208,1
187.5564421,59.93333333,18957,2598.763919,1
190.6078133,60.56666667,14061,2876.016247,1
188.4024105,61.2,18113,2664.400751,1
189.0701322,61.2,19630,2512.139641,1
191.6799079,61.2,25873,2569.873319,1
191.6784232,61.2,20204,2649.686918,1
159.1085148,58.3,19530,2632.757877,1
158.0458083,58.3,14654,2707.764039,1
158.8860252,59.08571429,21100,2687.165687,1
158.6761047,59.87142857,13333,2688.425614,1
157.6274337,60.65714286,17394,2650.885387,1
158.272391,61.44285714,18976,2616.883406,1
155.6446314,62.22857143,15492,2615.569138,1
156.2435218,63.01428571,15703,2600.708649,1
155.1807091,63.8,19010,2560.414652,1
150.113276,63.15,26330,2532.24848,1
156.206174,62.5,18306,2551.317909,1
154.309454,61.85,22748,2653.347066,1
155.892629,61.2,18759,2543.626374,1
155.1601864,60.55,18833,2546.812873,1
157.0732623,59.9,18158,2631.785588,1
156.0126614,60.55,18372,2740.461008,1
157.3354864,61.2,22424,2624.687381,1
152.5181218,61.85,19501,2613.636958,1
157.9495658,62.5,22448,2716.428521,1
156.6722567,63.15,14383,2661.8714,1
157.6151009,63.8,20288,2677.410683,1
154.1404916,62.98333333,28584,2650.483954,1
152.142485,62.16666667,19315,2628.053525,1
153.7035357,61.35,27152,2627.286567,1
158.172592,60.53333333,22154,2829.301392,1
158.7111388,59.71666667,21871,2594.678734,1
157.735595,58.9,23284,2619.252934,1
161.0549666,58.9,22453,2678.04417,1
156.793935,58.9,16587,2598.607151,1
157.6267823,58.9,20304,2504.979268,1
110.2605015,60.5,26072,2594.638896,1
108.4755314,60.5,14154,2585.750643,1
108.3383526,60.67142857,14576,2651.410307,1
109.918233,60.84285714,19405,2683.33847,1
108.275449,61.01428571,25345,2617.119347,1
109.50485,61.18571429,20815,2647.387631,1
108.0379411,61.35714286,17450,2583.759951,1
109.2716127,61.52857143,20536,2583.414402,1
102.2793166,61.7,22085,2593.970819,1
103.6408564,61.25,19763,2589.661314,1
106.5162116,60.8,20372,2566.407208,1
106.7253533,60.35,24056,2617.43487,1
108.5400066,59.9,24734,2693.414304,1
107.7874543,59.45,21725,2676.925908,1
108.9552605,59,12989,2720.113826,1
108.7377281,59.45,25416,2751.125885,1
109.7240383,59.9,18497,2734.486038,1
99.62849948,60.35,28834,2750.581025,1
101.0291795,60.8,20596,2720.844884,1
106.2733959,61.25,23931,2712.032878,1
109.6514198,61.7,18372,2722.05819,1
107.4663159,61.43333333,19636,2659.229663,1
108.7707263,61.16666667,23372,2674.693122,1
98.86113939,60.9,21841,2700.9827,1
106.0089842,60.63333333,18374,2654.979199,1
110.2083149,60.36666667,15837,2761.310081,1
109.686063,60.1,17986,2740.896853,1
109.2047657,60.1,22594,2703.678543,1
113.0611579,60.1,22157,2719.114506,1
109.2748999,60.1,22180,2628.240977,1
81.78876594,57.5,20525,2639.300565,1
74.95066146,57.5,19245,2701.357313,1
76.19803831,57.68571429,19306,2615.149064,1
81.74680597,57.87142857,18530,2613.051509,1
81.78774022,58.05714286,20128,2581.452565,1
78.37889532,58.24285714,19140,2694.601209,1
82.16152186,58.42857143,23125,2693.607178,1
79.71577898,58.61428571,29435,2682.955606,1
79.01978248,58.8,19170,2767.876298,1
76.11357828,59.73333333,21506,2739.645917,1
76.17576638,60.66666667,14531,2761.863833,1
74.51385747,61.6,18007,2748.114835,1
79.55545166,62.53333333,22865,2707.623998,1
86.46923233,63.46666667,22795,2784.938619,1
75.81879507,64.4,20342,2761.57865,1
80.49721205,63.86666667,23156,2812.611573,1
75.30373521,63.33333333,20613,2768.296053,1
81.98718612,62.8,20577,2789.010957,1
77.5864754,62.26666667,21492,2711.680963,1
76.936268,61.73333333,28149,2758.130174,1
80.88551339,61.2,20939,2736.684247,1
79.59333523,60.78333333,23551,2697.4043,1
78.71787924,60.36666667,21161,2678.761316,1
79.65646175,59.95,15967,2640.743684,1
80.04456924,59.53333333,21052,2645.073744,1
72.59748817,59.11666667,16854,2616.781714,1
83.52871879,58.7,23639,2632.752814,1
81.9385975,58.7,29995,2612.618349,1
79.00627154,58.7,30232,2641.983562,1
78.81175155,58.7,20229,2675.321713,1
125,66,19072,2699.907897,1
125,66,20725,2768.581282,1
125,64.74285714,18515,2768.022889,1
125,63.48571429,19552,2743.288099,1
125,62.22857143,25892,2641.932541,1
125,60.97142857,17584,2658.69174,1
125,59.71428571,22801,2711.012614,1
125,58.45714286,21093,2708.295917,1
125,57.2,18555,2695.050307,1
125,58.26666667,20007,2675.526043,1
125,59.33333333,23997,2648.233961,1
125,60.4,27853,2707.868638,1
125,61.46666667,18537,2675.193281,1
125,62.53333333,20719,3070.362427,1
125,63.6,17420,2739.221811,1
125,63.41666667,19769,2756.367,1
125,63.23333333,21055,2754.210071,1
125,63.05,20033,2867.802974,1
125,62.86666667,15149,2771.734571,1
125,62.68333333,20662,2791.094913,1
125,62.5,18632,2910.965957,1
125,62.95,17265,2793.996861,1
125,63.4,18128,2754.142286,1
125,63.85,24031,2705.651296,1
125,64.3,28316,2735.742828,1
125,64.75,19551,2708.907401,1
125,65.2,21036,2751.719842,1
125,65.2,23673,2527.271073,1
125,65.2,28402,2581.253924,1
125,65.2,20131,2555.942318,1
120,56.6,19333,2614.585402,1
120,56.6,18809,2634.55775,1
120,58.2,23806,2613.289367,1
120,59.8,18539,2629.815199,1
120,61.4,22390,2578.845115,1
120,63,23920,2606.718562,1
120,64.6,17661,2563.177642,1
120,66.2,15557,2628.734587,1
120,67.8,20507,2647.131976,1
120,67.28333333,29082,2605.297027,1
120,66.76666667,21520,2628.729465,1
120,66.25,30948,2728.002212,1
120,65.73333333,22305,2677.713885,1
120,65.21666667,22506,2867.498371,1
120,64.7,19741,2873.346765,1
120,65.4,18295,3034.758929,1
120,66.1,22312,2833.238941,1
120,66.8,23913,2808.326531,1
120,67.5,22092,2834.45342,1
120,68.2,21385,2834.272314,1
120,68.9,22796,2815.532612,1
120,68.26666667,21811,2770.913615,1
120,67.63333333,20677,2752.459642,1
120,67,28065,2671.063046,1
120,66.36666667,27047,2772.373549,1
120,65.73333333,23964,2662.233562,1
120,65.1,22121,2694.53545,1
120,65.1,23032,2861.289414,1
120,65.1,16997,2760.768532,1
120,65.1,20649,2725.879834,1
107.5,64.7,27147,2744.181772,1
107.5,64.7,15250,2702.122068,1
107.5,65.02857143,14556,2721.051658,1
107.5,65.35714286,16065,2679.513867,1
107.5,65.68571429,24802,2672.16109,1
107.5,66.01428571,23956,2722.874778,1
107.5,66.34285714,24752,2739.688899,1
107.5,66.67142857,23170,2809.190901,1
107.5,67,26480,2795.505487,1
107.5,66.61666667,20095,2838.498348,1
107.5,66.23333333,22454,2777.196814,1
107.5,65.85,24825,2857.401937,1
107.5,65.46666667,25895,2815.2108,1
107.5,65.08333333,30717,2763.605205,1
107.5,64.7,15760,2784.467193,1
107.5,65.08333333,26439,2804.420491,1
107.5,65.46666667,21368,2802.236232,1
107.5,65.85,31300,2868.964433,1
107.5,66.23333333,22495,2866.558501,1
107.5,66.61666667,25892,2848.705842,1
107.5,67,20774,2864.788353,1
107.5,66.91666667,15927,2792.105715,1
107.5,66.83333333,22931,2843.234813,1
107.5,66.75,24820,2870.734304,1
107.5,66.66666667,16743,2905.926594,1
107.5,66.58333333,13373,2915.884476,1
107.5,66.5,19506,2910.996793,1
107.5,66.5,25097,2886.645431,1
107.5,66.5,24262,2902.108228,1
107.5,66.5,23925,2906.143301,1
80,64.4,19760,2755.386473,1
80,64.4,19523,2824.254136,1
80,64.21428571,23874,2784.351305,1
80,64.02857143,18957,2704.815352,1
80,63.84285714,18872,2722.289069,1
80,63.65714286,18609,2919.847266,1
80,63.47142857,31261,2911.264948,1
80,63.28571429,26914,2832.891203,1
80,63.1,21752,2852.267683,1
80,63.58333333,31588,2912.521009,1
80,64.06666667,18225,2862.457322,1
80,64.55,25266,2883.72077,1
80,65.03333333,24474,2837.215544,1
80,65.51666667,24308,2947.886697,1
80,66,23286,2872.679751,1
80,65.65,21090,2886.08501,1
80,65.3,19876,2775.44334,1
80,64.95,19360,2956.966257,1
80,64.6,19766,2760.109224,1
80,64.25,27105,2715.505308,1
80,63.9,19867,2747.57756,1
80,64.06666667,23077,2693.327914,1
80,64.23333333,23111,2830.54936,1
80,64.4,16177,2712.627332,1
80,64.56666667,20997,2728.979387,1
80,64.73333333,13164,2810.784654,1
80,64.9,25392,2842.992193,1
80,64.9,30969,2852.890977,1
80,64.9,28589,2828.639712,1
80,64.9,20508,2921.467562,1
160,49.7,20522,2680.937363,1
160,49.7,23564,2667.267295,1
160,49.37142857,24166,2684.166904,1
160,49.04285714,20741,2769.755277,1
160,48.71428571,29944,2789.038071,1
160,48.38571429,19757,2796.183081,1
160,48.05714286,24767,2713.046897,1
160,47.72857143,21947,2891.26388,1
160,47.4,20203,2771.167465,1
160,48.13333333,19871,2707.55035,1
160,48.86666667,30333,2664.348639,1
160,49.6,26595,2771.290739,1
160,50.33333333,21159,2747.817067,1
160,51.06666667,24370,2796.425792,1
160,51.8,19858,2740.747986,1
160,51.58333333,24185,2738.30393,1
160,51.36666667,18656,2735.796157,1
160,51.15,23124,2819.971498,1
160,50.93333333,15433,2754.874239,1
160,50.71666667,22234,2802.091455,1
160,50.5,24401,2735.49195,1
160,50.63333333,21270,2807.176274,1
160,50.76666667,18689,2759.893514,1
160,50.9,27896,2709.303817,1
160,51.03333333,25043,2727.784052,1
160,51.16666667,19238,2743.850056,1
160,51.3,22166,2816.087537,1
160,51.3,30505,2757.06906,1
160,51.3,31660,2892.826788,1
160,51.3,19835,2754.815667,1
152.5,51.1,19390,2710.917668,2
152.5,51.1,19888,2739.874843,2
152.5,51.75714286,24287,2788.615284,2
152.5,52.41428571,20403,2770.46893,2
152.5,53.07142857,20390,2747.463976,2
152.5,53.72857143,24614,2752.359864,2
152.5,54.38571429,18108,2726.264249,2
152.5,55.04285714,16485,2883.540048,2
152.5,55.7,21893,2784.996326,2
152.5,55,23491,2730.843946,2
152.5,54.3,24393,2747.771252,2
152.5,53.6,30405,2805.16425,2
152.5,52.9,23964,2775.265002,2
152.5,52.2,23586,2815.293688,2
152.5,51.5,16466,2776.009954,2
152.5,51.95,18190,2989.601,2
152.5,52.4,21495,2763.816785,2
152.5,52.85,22322,2752.524363,2
152.5,53.3,27555,2723.184103,2
152.5,53.75,17945,2815.18276,2
152.5,54.2,21738,2704.447861,2
152.5,53.73333333,21834,2744.706882,2
152.5,53.26666667,18332,2752.360125,2
152.5,52.8,26254,2717.954469,2
152.5,52.33333333,27621,2746.868436,2
152.5,51.86666667,24417,2743.26893,2
152.5,51.4,23511,2754.299734,2
152.5,51.4,21036,2878.336359,2
152.5,51.4,16282,2798.924507,2
152.5,51.4,29089,2737.452584,2
85,50.8,27663,2685.109251,3
85,50.8,22040,2663.688632,3
85,51.01428571,18947,2871.942819,3
85,51.22857143,19712,2719.759556,3
85,51.44285714,27866,3008.200271,3
85,51.65714286,25339,2744.62665,3
85,51.87142857,24277,2742.884385,3
85,52.08571429,23253,2822.008807,3
85,52.3,32389,2955.286348,3
85,52.1,19355,2846.623143,3
85,51.9,26890,2833.972988,3
85,51.7,28064,2854.100228,3
85,51.5,25254,2949.909534,3
85,51.3,28673,2980.219118,3
85,51.1,20789,2842.461278,3
85,51.16666667,25015,2886.31738,3
85,51.23333333,26689,2847.94247,3
85,51.3,29616,3196.341036,3
85,51.36666667,25635,2913.618861,3
85,51.43333333,27137,2846.371793,3
85,51.5,26223,2775.279067,3
85,51.63333333,19379,2688.889276,3
85,51.76666667,24279,2708.136165,3
85,51.9,26044,2620.763079,3
85,52.03333333,21441,2638.256865,3
85,52.16666667,23917,2689.557779,3
85,52.3,18901,2652.028323,3
85,52.3,28070,2643.639567,3
85,52.3,23763,2699.956009,3
85,52.3,25638,2862.910011,3
60,47.5,20831,2615.290262,4
60,47.5,22592,2738.682517,4
60,47.55714286,28653,2806.880884,4
60,47.61428571,25439,2727.712866,4
60,47.67142857,21409,2713.673374,4
60,47.72857143,27032,2749.193571,4
60,47.78571429,30388,2971.942308,4
60,47.84285714,29644,2929.124285,4
60,47.9,25573,2680.34355,4
60,48.33333333,28451,2818.100274,4
60,48.76666667,24698,2558.342113,4
60,49.2,28151,2569.602784,4
60,49.63333333,31353,2761.380507,4
60,50.06666667,24016,2927.11024,4
60,50.5,30664,2886.224617,4
60,50.56666667,23721,2754.148269,4
60,50.63333333,29742,2897.100201,4
60,50.7,21258,2773.587612,4
60,50.76666667,26089,3035.829959,4
60,50.83333333,29487,3127.304862,4
60,50.9,21191,3070.788151,4
60,51.08333333,21420,2994.666379,4
60,51.26666667,28237,3029.336848,4
60,51.45,20945,2886.441196,4
60,51.63333333,25214,2840.700056,4
60,51.81666667,17834,2763.65656,4
60,52,27835,2947.148167,4
60,52,27997,2873.40678,4
60,52,26957,2918.873997,4
60,52,18449,2801.806374,4
160,61.2,22609,2740.436629,1
160,61.2,28304,2730.256504,1
160,60.75714286,26158,2755.254399,1
160,60.31428571,20342,2879.522214,1
160,59.87142857,29751,2899.366547,1
160,59.42857143,21192,3059.92642,1
160,58.98571429,23655,2726.894286,1
160,58.54285714,19926,2882.488257,1
160,58.1,18863,2734.279777,1
160,58.93333333,19511,2678.249336,1
160,59.76666667,30205,2708.520567,1
160,60.6,31444,2773.697577,1
160,61.43333333,21512,2738.848611,1
160,62.26666667,20691,2821.871008,1
160,63.1,19663,2658.399748,1
160,62.08333333,21861,2731.045389,1
160,61.06666667,18000,2713.154578,1
160,60.05,21414,2755.380226,1
160,59.03333333,15466,2728.479224,1
160,58.01666667,18398,2896.426893,1
160,57,21707,2722.07541,1
160,58.36666667,18708,2752.37469,1
160,59.73333333,23146,2725.088582,1
160,61.1,27127,2822.66671,1
160,62.46666667,24982,2849.44261,1
160,63.83333333,21245,2823.71234,1
160,65.2,24619,2806.411147,1
160,65.2,29181,2761.259249,1
160,65.2,37073,3063.240977,1
160,65.2,24724,2792.353684,1
155,56.7,18326,2846.513589,2
155,56.7,21321,2870.560863,2
155,58.22857143,26293,2871.725546,2
155,59.75714286,19461,2886.23098,2
155,61.28571429,21290,2824.406636,2
155,62.81428571,20520,2859.080742,2
155,64.34285714,18739,2860.514912,2
155,65.87142857,17327,2960.768055,2
155,67.4,20573,2829.355039,2
155,66.73333333,32295,2778.247321,2
155,66.06666667,21420,2756.198337,2
155,65.4,30747,2860.997836,2
155,64.73333333,23119,2811.172608,2
155,64.06666667,21104,2781.052429,2
155,63.4,19574,2790.376068,2
155,63.31666667,17052,3017.681004,2
155,63.23333333,21515,2813.961564,2
155,63.15,22927,2798.090403,2
155,63.06666667,27920,2744.831228,2
155,62.98333333,18316,2915.0243,2
155,62.9,25357,2899.529274,2
155,63.16666667,23128,2927.093543,2
155,63.43333333,21017,2901.228669,2
155,63.7,34737,2924.523144,2
155,63.96666667,27354,2920.579523,2
155,64.23333333,23594,3036.589694,2
155,64.5,24485,3017.267424,2
155,64.5,21594,3023.440845,2
155,64.5,18712,2974.773885,2
155,64.5,24746,3082.082272,2
120,61.3,27398,3364.157114,3
120,61.3,22277,2919.965757,3
120,61.31428571,18227,3115.547814,3
120,61.32857143,21853,2991.777329,3
120,61.34285714,26623,3371.852231,3
120,61.35714286,21386,3050.605084,3
120,61.37142857,22668,3173.217799,3
120,61.38571429,21351,3254.079794,3
120,61.4,32571,3547.358625,3
120,61.68333333,20511,3159.457252,3
120,61.96666667,26133,3372.39678,3
120,62.25,29870,3426.341444,3
120,62.53333333,29196,3494.969674,3
120,62.81666667,30112,3490.090768,3
120,63.1,17889,3021.275665,3
120,62.43333333,26522,3433.990964,3
120,61.76666667,25697,3270.444203,3
120,61.1,34286,3424.272102,3
120,60.43333333,28689,3530.433863,3
120,59.76666667,33034,3396.650124,3
120,59.1,26864,3061.976842,3
120,60.06666667,19965,2960.449733,3
120,61.03333333,25142,3088.747505,3
120,62,23268,3014.607896,3
120,62.96666667,23544,2917.15617,3
120,63.93333333,26582,2945.696353,3
120,64.9,19422,2844.59971,3
120,64.9,25734,3058.651474,3
120,64.9,23734,2947.697467,3
120,64.9,23545,2999.845029,3
55,61,22977,2866.65908,4
55,61,20150,3215.870756,4
55,60.65714286,26182,3298.985411,4
55,60.31428571,23288,2981.199317,4
55,59.97142857,20879,3202.414897,4
55,59.62857143,24579,3010.281555,4
55,59.28571429,29825,3236.892937,4
55,58.94285714,27882,3207.707466,4
55,58.6,25380,3150.3863,4
55,59,29877,3200.474753,4
55,59.4,20026,3014.327726,4
55,59.8,26899,3010.921016,4
55,60.2,27354,3154.305945,4
55,60.6,24245,3207.659339,4
55,61,26968,3204.374735,4
55,61.08333333,22086,3192.536374,4
55,61.16666667,30062,3132.983423,4
55,61.25,22803,3019.576129,4
55,61.33333333,25441,3145.065339,4
55,61.41666667,30267,3031.412788,4
55,61.5,21698,3091.596148,4
55,61.4,23296,3042.551457,4
55,61.3,29674,2995.376748,4
55,61.2,23853,2551.016204,4
55,61.1,26617,2845.780601,4
55,61,19895,2462.271488,4
55,60.9,27092,2860.110925,4
55,60.9,31425,2804.32768,4
55,60.9,29028,2752.404768,4
55,60.9,25130,2691.092671,4
200.1532603,52.9,24848,2624.275409,1
197.1168313,52.9,28360,2652.759052,1
194.8266799,52.57142857,27108,2706.308426,1
195.0270748,52.24285714,22284,2735.353653,1
197.7144492,51.91428571,27817,2694.18928,1
194.4997385,51.58571429,21760,2838.276944,1
193.2004604,51.25714286,25107,2773.273545,1
195.1425969,50.92857143,24657,2735.667994,1
192.5884936,50.6,21400,2683.636839,1
194.8238108,50.35,25552,2713.832569,1
193.702712,50.1,33329,2843.446392,1
196.053738,49.85,35763,3125.328826,1
195.7180434,49.6,22890,2985.537656,1
190.1695857,49.35,21044,2710.59703,1
193.9764928,49.1,17892,2814.011805,1
192.4686051,49.16666667,22279,2751.259958,1
187.5815919,49.23333333,21109,2808.825269,1
189.3894971,49.3,22991,2918.28144,1
191.526682,49.36666667,17063,2801.794143,1
192.1169447,49.43333333,18227,2741.020289,1
191.2435619,49.5,22265,2835.097561,1
193.1871791,50.26666667,21434,2801.972995,1
189.971427,51.03333333,20950,2726.100393,1
192.1443653,51.8,26251,3010.141755,1
190.1029715,52.56666667,22776,2782.765898,1
195.4925831,53.33333333,19588,2740.02464,1
190.5189273,54.1,24507,2794.124336,1
193.9314234,54.1,26626,2811.21184,1
192.5422486,54.1,32360,2796.654883,1
193.5559306,54.1,26447,2824.329708,1
154.2104782,49.4,21247,2771.011867,2
153.7641577,49.4,20421,2731.824844,2
157.0009193,50.64285714,27419,2745.266467,2
149.0266288,51.88571429,18153,2750.8806,2
152.2390042,53.12857143,23498,2763.713777,2
154.2746582,54.37142857,25348,2817.235319,2
146.6456598,55.61428571,20996,2772.856088,2
145.0655976,56.85714286,16809,2834.411459,2
148.7210905,58.1,20962,2805.961347,2
152.5570868,56.75,33120,3062.081176,2
148.8855307,55.4,21981,3002.687126,2
151.5868266,54.05,26052,3210.225547,2
152.9214638,52.7,25279,2998.190359,2
150.7637059,51.35,21624,2735.772632,2
153.1476576,50,23374,2731.458147,2
152.0679274,50.31666667,20579,3066.880503,2
151.8423127,50.63333333,23996,3125.105571,2
150.785628,50.95,28581,2938.977617,2
149.7642454,51.26666667,31081,3008.351508,2
150.1685417,51.58333333,17622,2959.793865,2
152.854218,51.9,25517,2791.480193,2
152.1124498,50.5,24175,3158.484454,2
152.1697148,49.1,19871,2876.688321,2
152.8159406,47.7,33029,3085.829735,2
149.901289,46.3,22825,2915.73867,2
147.9253773,44.9,22075,3217.805431,2
148.9140046,43.5,32261,3140.256651,2
146.5178467,43.5,29483,2985.22815,2
146.6392404,43.5,19686,2893.327087,2
147.8607486,43.5,25352,2965.961984,2
94.96421487,52,30119,3157.816737,3
99.01377206,52,22108,2955.54502,3
98.89714978,51.85714286,18156,3300.126115,3
99.19690446,51.71428571,22976,3080.452888,3
92.82240756,51.57142857,29534,3291.162641,3
99.54465913,51.42857143,24535,3239.566761,3
98.07880044,51.28571429,23818,3335.223043,3
92.78432511,51.14285714,25241,3236.525718,3
95.75865787,51,30541,3289.801658,3
89.47834156,51.83333333,19943,3166.559479,3
98.03810639,52.66666667,25222,3271.402571,3
97.56770879,53.5,27672,3320.080531,3
96.29212626,54.33333333,28766,3195.341754,3
97.32743043,55.16666667,26677,3113.137083,3
97.73715021,56,15933,2897.340094,3
98.75458246,55.11666667,33990,3260.12972,3
99.56299596,54.23333333,25086,3174.377618,3
94.66682006,53.35,33921,3112.314102,3
89.88019428,52.46666667,27372,3190.363796,3
96.24998201,51.58333333,30882,3131.890965,3
88.58641702,50.7,27545,3097.200396,3
100.5915507,50.93333333,19892,3015.845718,3
100.9384435,51.16666667,24663,3018.823243,3
92.32047384,51.4,21457,3006.147791,3
104.5289227,51.63333333,23265,2959.270324,3
98.48015339,51.86666667,22290,3001.150742,3
101.9292398,52.1,17416,2841.146471,3
98.66995621,52.1,27590,3004.756549,3
99.06192662,52.1,27347,2954.616776,3
100.395319,52.1,23000,3007.187387,3
64.65057745,50.7,21799,3199.51672,4
65.93881588,50.7,19165,3323.711849,4
67.72401383,50.4,23713,3330.240759,4
65.74042573,50.1,21579,3339.66147,4
67.99013554,49.8,21541,3298.799838,4
65.11746521,49.5,23062,3191.642197,4
64.34149964,49.2,26507,3227.223804,4
60.8240708,48.9,28849,3090.797524,4
65.35926694,48.6,25195,3060.09573,4
64.7860961,48.78333333,27952,3114.803457,4
63.7660179,48.96666667,18454,3154.787733,4
61.01203325,49.15,18522,3000.379568,4
65.20642036,49.33333333,25863,3047.312483,4
62.84326542,49.51666667,22977,3047.605076,4
66.83449605,49.7,25336,3038.350799,4
64.07318967,49.55,21431,3227.808962,4
64.29293064,49.4,28476,3268.483468,4
65.88173737,49.25,21440,3293.843572,4
65.66379658,49.1,24932,3302.489338,4
60.38386171,48.95,29576,3258.74942,4
68.39845101,48.8,22632,3311.884334,4
64.97248761,49.1,28308,3226.565607,4
64.25353487,49.4,27091,3171.225278,4
68.93685184,49.7,20257,3197.967748,4
67.48567706,50,24169,3225.766213,4
73.40610679,50.3,18382,3158.48553,4
65.07566917,50.6,24846,3211.244521,4
69.70963422,50.6,25783,3171.531648,4
68.94461664,50.6,30267,3135.185499,4
67.13693104,50.6,23467,3094.683212,4
165,64.3,26646,2663.167914,1
165,64.3,29280,2669.051808,1
165,63.67142857,26734,2712.569164,1
165,63.04285714,22361,2780.551648,1
165,62.41428571,31074,2736.043702,1
165,61.78571429,21927,2858.048284,1
165,61.15714286,29650,2694.977205,1
165,60.52857143,28197,2684.608047,1
165,59.9,24571,2726.295159,1
165,59.63333333,25143,2717.324103,1
165,59.36666667,28646,2738.748398,1
165,59.1,34387,2702.418679,1
165,58.83333333,25028,2958.042054,1
165,58.56666667,20350,2770.755471,1
165,58.3,18853,2712.634497,1
165,58.7,24589,2717.904686,1
165,59.1,22149,2750.3,1
165,59.5,24868,2808.843173,1
165,59.9,14482,2791.287139,1
165,60.3,27967,2699.824159,1
165,60.7,23109,2692.64121,1
165,61.31666667,22411,2839.033512,1
165,61.93333333,23041,2707.975905,1
165,62.55,28151,2752.074785,1
165,63.16666667,23305,2730.455909,1
165,63.78333333,20618,2695.016326,1
165,64.4,25961,2701.535225,1
165,64.4,26896,2689.174348,1
165,64.4,34467,2710.17287,1
165,64.4,27124,3007.902102,1
120,59.7,20049,2769.777467,2
120,59.7,22012,2789.905734,2
120,59.18571429,32437,2761.251605,2
120,58.67142857,22376,2763.440168,2
120,58.15714286,19294,2718.029627,2
120,57.64285714,31393,2687.04402,2
120,57.12857143,22031,2719.819032,2
120,56.61428571,18534,2805.763664,2
120,56.1,34798,2690.137754,2
120,56.68333333,35638,2750.736454,2
120,57.26666667,22681,2716.269279,2
120,57.85,29744,2877.158922,2
120,58.43333333,27864,2748.576969,2
120,59.01666667,19162,2764.227273,2
120,59.6,25239,2734.595711,2
120,59.8,26403,2744.942156,2
120,60,21914,2776.246318,2
120,60.2,26608,2754.461246,2
120,60.4,32228,2749.213028,2
120,60.6,21132,2826.499454,2
120,60.8,27694,2747.771099,2
120,60.1,22097,2947.214746,2
120,59.4,21013,2903.417829,2
120,58.7,37309,2915.344103,2
120,58,28608,2915.911551,2
120,57.3,22454,2919.868204,2
120,56.6,33741,2900.594137,2
120,56.6,31959,2954.414486,2
120,56.6,18151,2889.208095,2
120,56.6,27878,2888.219736,2
85,62.3,32221,2983.152748,3
85,62.3,22946,2846.82928,3
85,62.27142857,18439,3017.601979,3
85,62.24285714,24350,2854.460409,3
85,62.21428571,25470,2872.903365,3
85,62.18571429,29112,2873.764587,3
85,62.15714286,31290,2888.66059,3
85,62.12857143,30271,3039.188732,3
85,62.1,29965,3005.408834,3
85,62.83333333,21795,2907.421247,3
85,63.56666667,25777,2883.342018,3
85,64.3,28967,2844.768003,3
85,65.03333333,25031,2827.670775,3
85,65.76666667,28779,2846.18705,3
85,66.5,17467,2768.8618,3
85,65.56666667,39740,2790.688733,3
85,64.63333333,26709,2811.944882,3
85,63.7,30227,2903.473183,3
85,62.76666667,27812,2829.898926,3
85,61.83333333,34136,2829.757591,3
85,60.9,28802,2838.960903,3
85,61.25,22663,2802.318915,3
85,61.6,23975,2834.705984,3
85,61.95,31073,2785.56288,3
85,62.3,22818,2802.908564,3
85,62.65,23678,2800.150225,3
85,63,20645,2725.20659,3
85,63,34938,2740.717515,3
85,63,32392,2811.493243,3
85,63,21305,2790.375255,3
57.5,53.2,21469,2915.867891,4
57.5,53.2,20610,2945.33686,4
57.5,54.15714286,21654,3103.261242,4
57.5,55.11428571,21117,2936.949948,4
57.5,56.07142857,24394,2906.614116,4
57.5,57.02857143,26143,2915.637695,4
57.5,57.98571429,27604,2986.42181,4
57.5,58.94285714,25916,3091.816105,4
57.5,59.9,25069,2940.927027,4
57.5,59.78333333,27439,3050.719846,4
57.5,59.66666667,21856,2837.862251,4
57.5,59.55,22497,2937.542222,4
57.5,59.43333333,24362,3109.320825,4
57.5,59.31666667,27419,3075.095988,4
57.5,59.2,23846,3028.241964,4
57.5,58.1,28301,3081.713431,4
57.5,57,28043,3070.069477,4
57.5,55.9,23294,3020.94765,4
57.5,54.8,26973,3104.188178,4
57.5,53.7,35381,3062.501282,4
57.5,52.6,21177,3094.978282,4
57.5,53.81666667,29728,3068.343881,4
57.5,55.03333333,29723,3041.546528,4
57.5,56.25,21612,3013.745095,4
57.5,57.46666667,22437,3033.189774,4
57.5,58.68333333,19612,2979.524814,4
57.5,59.9,22663,2995.476995,4
57.5,59.9,27750,2962.339315,4
57.5,59.9,34714,2952.275616,4
57.5,59.9,23592,2905.124784,4
200,55.3,18759,2626.256573,1
200,55.3,23857,2885.457677,1
200,55.62857143,24067,2758.27744,1
200,55.95714286,22949,2970.109387,1
200,56.28571429,27900,2772.114813,1
200,56.61428571,25126,2956.086564,1
200,56.94285714,27616,2737.537725,1
200,57.27142857,27022,2674.813709,1
200,57.6,26991,2848.953954,1
200,58.35,23308,2735.706591,1
200,59.1,17975,3126.61058,1
200,59.85,26657,3082.060602,1
200,60.6,29888,2772.804268,1
200,61.35,19921,2799.443339,1
200,62.1,21453,2771.891176,1
200,60.31666667,22329,2946.945987,1
200,58.53333333,23893,2661.555029,1
200,56.75,23207,2968.770714,1
200,54.96666667,24401,2676.668492,1
200,53.18333333,27795,2826.498134,1
200,51.4,22447,3007.763717,1
200,52.36666667,23098,2774.286405,1
200,53.33333333,19838,2964.051313,1
200,54.3,20198,3187.942783,1
200,55.26666667,20696,2968.414136,1
200,56.23333333,24221,2822.162473,1
200,57.2,19340,3101.521374,1
200,57.2,29830,3112.975745,1
200,57.2,33535,3153.49377,1
200,57.2,29890,3066.37055,1
142.5,63.9,28636,2924.088549,2
142.5,63.9,23058,2802.156005,2
142.5,62.8,25571,2781.532955,2
142.5,61.7,23394,2865.906361,2
142.5,60.6,17335,3040.965503,2
142.5,59.5,23448,3026.404249,2
142.5,58.4,22901,2809.99415,2
142.5,57.3,27741,2896.272666,2
142.5,56.2,29627,3077.828701,2
142.5,57.36666667,33027,3174.808873,2
142.5,58.53333333,24858,3090.019899,2
142.5,59.7,25957,3139.432136,2
142.5,60.86666667,23817,3129.43852,2
142.5,62.03333333,19357,3105.117366,2
142.5,63.2,20581,2853.190791,2
142.5,61.7,20131,2891.809216,2
142.5,60.2,23962,3118.30879,2
142.5,58.7,21700,3124.725373,2
142.5,57.2,30147,3100.149377,2
142.5,55.7,18317,2835.426278,2
142.5,54.2,26532,2820.613373,2
142.5,54.63333333,22127,3140.936907,2
142.5,55.06666667,24903,3075.676878,2
142.5,55.5,31921,3082.026394,2
142.5,55.93333333,24052,3131.598362,2
142.5,56.36666667,22998,3035.192227,2
142.5,56.8,27479,3048.201327,2
142.5,56.8,25681,3307.497879,2
142.5,56.8,22327,2946.479853,2
142.5,56.8,30264,3291.942112,2
90,50.9,23726,3238.091499,3
90,50.9,20492,3338.678771,3
90,50.82857143,25757,3396.122242,3
90,50.75714286,25940,3265.890494,3
90,50.68571429,20488,3516.429416,3
90,50.61428571,23146,3492.910975,3
90,50.54285714,27249,3493.370964,3
90,50.47142857,29105,3354.253412,3
90,50.4,26977,3422.81931,3
90,50.58333333,29630,3370.497127,3
90,50.76666667,28459,3295.574815,3
90,50.95,30441,3436.713905,3
90,51.13333333,28780,3451.734551,3
90,51.31666667,24885,3139.857731,3
90,51.5,21016,3138.100231,3
90,51.28333333,29707,3379.625829,3
90,51.06666667,25773,3259.378443,3
90,50.85,27169,3188.600772,3
90,50.63333333,19974,2969.366542,3
90,50.41666667,28230,3298.340285,3
90,50.2,32108,3260.769164,3
90,51.91666667,25982,3257.45645,3
90,53.63333333,24356,3305.703031,3
90,55.35,29732,3180.739539,3
90,57.06666667,21554,3164.820881,3
90,58.78333333,23511,3061.42712,3
90,60.5,18896,2969.587094,3
90,60.5,29749,3002.393101,3
90,60.5,27758,3022.875861,3
90,60.5,21096,3053.499747,3
57.5,52.5,17087,3297.248289,4
57.5,52.5,19686,3300.800807,4
57.5,53.2,18239,3307.993393,4
57.5,53.9,20614,3319.604894,4
57.5,54.6,20561,3236.829017,4
57.5,55.3,18151,3230.158762,4
57.5,56,25151,3291.698637,4
57.5,56.7,20991,3168.595944,4
57.5,57.4,19876,3290.284307,4
57.5,56.21666667,24408,3298.567343,4
57.5,55.03333333,22973,3305.754909,4
57.5,53.85,25804,3307.82387,4
57.5,52.66666667,23029,3316.667763,4
57.5,51.48333333,25734,3280.248849,4
57.5,50.3,20358,3294.60818,4
57.5,50.71666667,26846,3304.361272,4
57.5,51.13333333,25918,3226.159762,4
57.5,51.55,23515,3220.440488,4
57.5,51.96666667,21821,3254.260834,4
57.5,52.38333333,32541,3286.410906,4
57.5,52.8,20496,3277.528328,4
57.5,52.51666667,26964,3218.305415,4
57.5,52.23333333,25886,3201.362705,4
57.5,51.95,22946,3143.065358,4
57.5,51.66666667,21988,3042.399164,4
57.5,51.38333333,19626,3172.132574,4
57.5,51.1,23092,3131.753777,4
57.5,51.1,31940,2967.242992,4
57.5,51.1,33845,3045.201736,4
57.5,51.1,25132,2914.771497,4
217.5,59,32054,2663.642597,1
217.5,59,30338,2589.518878,1
217.5,59.15714286,33798,2613.941272,1
217.5,59.31428571,26293,2682.181115,1
217.5,59.47142857,26299,2620.843927,1
217.5,59.62857143,25743,2871.882952,1
217.5,59.78571429,29293,2838.308993,1
217.5,59.94285714,25537,2789.377038,1
217.5,60.1,23051,2841.656314,1
217.5,59.43333333,19430,2772.330522,1
217.5,58.76666667,22760,2730.068843,1
217.5,58.1,33071,2671.127476,1
217.5,57.43333333,24178,2764.569243,1
217.5,56.76666667,23309,2819.527105,1
217.5,56.1,26751,2709.219296,1
217.5,55.66666667,25252,2566.26496,1
217.5,55.23333333,28758,2759.505626,1
217.5,54.8,27587,2709.558953,1
217.5,54.36666667,20525,2741.796848,1
217.5,53.93333333,24701,3034.767583,1
217.5,53.5,23794,2612.984895,1
217.5,54.45,27871,2974.083695,1
217.5,55.4,22422,2657.323688,1
217.5,56.35,24273,2604.71031,1
217.5,57.3,23703,2685.767452,1
217.5,58.25,22222,2702.286339,1
217.5,59.2,23138,2690.970039,1
217.5,59.2,28355,2711.64326,1
217.5,59.2,31918,2824.439959,1
217.5,59.2,30433,2790.34039,1
152.5,61.4,31571,3029.793205,2
152.5,61.4,23439,2852.644333,2
152.5,61.12857143,28387,3000.09411,2
152.5,60.85714286,21593,2836.842038,2
152.5,60.58571429,21621,2942.057116,2
152.5,60.31428571,24219,3000.656143,2
152.5,60.04285714,24481,3114.394968,2
152.5,59.77142857,26292,3111.63418,2
152.5,59.5,26258,3043.899372,2
152.5,58.05,30919,3041.386515,2
152.5,56.6,28905,3076.419556,2
152.5,55.15,29127,3008.049768,2
152.5,53.7,26450,3030.619879,2
152.5,52.25,21638,2983.326208,2
152.5,50.8,25052,3047.892082,2
152.5,51.18333333,21857,3006.758472,2
152.5,51.56666667,31239,3049.471809,2
152.5,51.95,23852,2997.572227,2
152.5,52.33333333,28098,3000.488024,2
152.5,52.71666667,16204,2938.139806,2
152.5,53.1,28837,3098.340346,2
152.5,52.73333333,30158,3070.357797,2
152.5,52.36666667,25491,3107.151612,2
152.5,52,34439,3105.067128,2
152.5,51.63333333,23847,2997.338667,2
152.5,51.26666667,24338,3116.95492,2
152.5,50.9,30986,3134.140817,2
152.5,50.9,25247,3089.053053,2
152.5,50.9,20865,3045.358008,2
152.5,50.9,29911,3139.652893,2
92.5,50.5,24713,3231.063272,3
92.5,50.5,23226,3186.811298,3
92.5,50.48571429,25382,3128.518764,3
92.5,50.47142857,26875,3201.431673,3
92.5,50.45714286,24241,3045.051901,3
92.5,50.44285714,22429,3178.026942,3
92.5,50.42857143,24377,3169.846828,3
92.5,50.41428571,25660,3292.417694,3
92.5,50.4,28094,3267.64597,3
92.5,51.28333333,25405,3102.503812,3
92.5,52.16666667,25981,3041.438788,3
92.5,53.05,27135,3003.475766,3
92.5,53.93333333,28599,3074.139192,3
92.5,54.81666667,27565,3236.378625,3
92.5,55.7,17733,3005.419822,3
92.5,54.85,27500,3070.912626,3
92.5,54,23936,3040.34504,3
92.5,53.15,29056,3182.657865,3
92.5,52.3,25988,3448.005565,3
92.5,51.45,26671,3298.55803,3
92.5,50.6,30512,3358.834815,3
92.5,51.18333333,25138,3334.775513,3
92.5,51.76666667,26114,3184.537841,3
92.5,52.35,25817,3150.778101,3
92.5,52.93333333,27282,3123.737126,3
92.5,53.51666667,22714,3067.834264,3
92.5,54.1,18893,3011.511579,3
92.5,54.1,26093,3009.359308,3
92.5,54.1,25259,2954.934723,3
92.5,54.1,25838,3083.914311,3
65,56.3,19642,3212.893899,4
65,56.3,18858,3240.97105,4
65,55.17142857,20066,3240.419895,4
65,54.04285714,19890,3183.654126,4
65,52.91428571,19723,3213.674169,4
65,51.78571429,23247,3229.410088,4
65,50.65714286,29150,3238.534932,4
65,49.52857143,24820,3215.088911,4
65,48.4,23533,3237.093605,4
65,48.75,27347,3248.00283,4
65,49.1,21024,3257.678389,4
65,49.45,23135,3249.572757,4
65,49.8,26588,3267.052424,4
65,50.15,29576,3275.365043,4
65,50.5,25246,3279.61496,4
65,50.8,26521,3278.052484,4
65,51.1,26032,3273.536097,4
65,51.4,19266,3282.123754,4
65,51.7,25700,3320.238082,4
65,52,32795,3303.757587,4
65,52.3,24193,3305.783827,4
65,52.08333333,26772,3287.12799,4
65,51.86666667,24481,3278.701464,4
65,51.65,21925,3193.789562,4
65,51.43333333,22272,3220.859082,4
65,51.21666667,17966,3271.626741,4
65,51,22957,3268.142857,4
65,51,29849,3143.510474,4
65,51,34541,3160.642608,4
65,51,24216,3002.115411,4
207.5,57.4,30515,2908.537334,1
207.5,57.4,26821,3160.293603,1
207.5,57.61428571,29284,2915.092266,1
207.5,57.82857143,29972,3054.766175,1
207.5,58.04285714,25387,3053.345408,1
207.5,58.25714286,27706,3084.38322,1
207.5,58.47142857,36133,2928.561986,1
207.5,58.68571429,32672,3026.101757,1
207.5,58.9,24154,3086.999335,1
207.5,58.35,22500,3012.628733,1
207.5,57.8,23522,3003.549888,1
207.5,57.25,30354,3227.144661,1
207.5,56.7,22306,3129.49788,1
207.5,56.15,30854,2965.559868,1
207.5,55.6,29100,3014.722111,1
207.5,55.31666667,24095,3103.330202,1
207.5,55.03333333,32624,2996.156384,1
207.5,54.75,36776,3232.615095,1
207.5,54.46666667,21921,2859.984925,1
207.5,54.18333333,28303,3138.381249,1
207.5,53.9,23877,2995.852253,1
207.5,54.83333333,32024,3048.047413,1
207.5,55.76666667,20627,3185.611693,1
207.5,56.7,22834,3230.380117,1
207.5,57.63333333,25498,3187.781534,1
207.5,58.56666667,23009,2877.828725,1
207.5,59.5,22898,2902.221914,1
207.5,59.5,29825,3067.07994,1
207.5,59.5,33982,3264.70729,1
207.5,59.5,32571,3017.321112,1
152.5,63.1,31858,2937.284229,2
152.5,63.1,23936,2917.414121,2
152.5,62.15714286,31425,2937.481936,2
152.5,61.21428571,22163,2872.574071,2
152.5,60.27142857,22396,2949.20954,2
152.5,59.32857143,25893,2992.090569,2
152.5,58.38571429,23621,2942.916896,2
152.5,57.44285714,26616,2927.149464,2
152.5,56.5,28881,3078.787495,2
152.5,56.4,28396,3202.286219,2
152.5,56.3,26529,3066.194393,2
152.5,56.2,28637,3111.264277,2
152.5,56.1,25243,3103.270223,2
152.5,56,27345,3124.308497,2
152.5,55.9,27405,3003.144942,2
152.5,55.83333333,28963,3035.724045,2
152.5,55.76666667,32498,3178.32126,2
152.5,55.7,22439,3176.166904,2
152.5,55.63333333,30359,3168.815131,2
152.5,55.56666667,19414,2919.114231,2
152.5,55.5,28274,2994.180248,2
152.5,54.56666667,27428,3230.552572,2
152.5,53.63333333,25493,3116.969905,2
152.5,52.7,36101,3238.685259,2
152.5,51.76666667,24184,3187.910689,2
152.5,50.83333333,26787,3202.833095,2
152.5,49.9,33442,3188.241566,2
152.5,49.9,33151,3223.41633,2
152.5,49.9,21815,2977.359249,2
152.5,49.9,31418,3145.741251,2
87.5,53.9,23617,3009.177997,3
87.5,53.9,23010,3081.609274,3
87.5,53.5,24865,3166.703914,3
87.5,53.1,28085,3074.45026,3
87.5,52.7,26128,3292.480794,3
87.5,52.3,24580,3175.616279,3
87.5,51.9,25597,3210.540916,3
87.5,51.5,25039,3068.707493,3
87.5,51.1,26590,3131.029007,3
87.5,52.08333333,26456,3254.786048,3
87.5,53.06666667,25569,3394.974309,3
87.5,54.05,28173,3459.054677,3
87.5,55.03333333,28167,3501.795936,3
87.5,56.01666667,24549,3190.818725,3
87.5,57,17542,3223.594996,3
87.5,55.86666667,30198,3384.197457,3
87.5,54.73333333,25864,3381.232717,3
87.5,53.6,25431,3266.608688,3
87.5,52.46666667,25760,3293.998512,3
87.5,51.33333333,31505,3397.922012,3
87.5,50.2,30956,3353.689899,3
87.5,51.23333333,24897,3357.433968,3
87.5,52.26666667,25287,3360.600886,3
87.5,53.3,26078,3272.628687,3
87.5,54.33333333,27455,3177.887536,3
87.5,55.36666667,22132,3193.129432,3
87.5,56.4,19920,3068.39165,3
87.5,56.4,27005,3091.582583,3
87.5,56.4,25925,3071.077321,3
87.5,56.4,24618,3146.67765,3
65,57.2,19447,3222.27798,4
65,57.2,17876,3226.611965,4
65,56.22857143,21783,3245.933568,4
65,55.25714286,19906,3217.035769,4
65,54.28571429,21655,3168.640025,4
65,53.31428571,23498,3131.099204,4
65,52.34285714,27030,3167.94903,4
65,51.37142857,24533,3168.384535,4
65,50.4,24315,3127.414317,4
65,50.55,28900,3190.421252,4
65,50.7,21463,3186.439246,4
65,50.85,21255,3109.327875,4
65,51,27604,3225.02057,4
65,51.15,28987,3179.778405,4
65,51.3,24857,3236.994139,4
65,51.46666667,25549,3232.311981,4
65,51.63333333,23705,3209.487022,4
65,51.8,19210,3202.682122,4
65,51.96666667,23163,3258.868107,4
65,52.13333333,32561,3279.227445,4
65,52.3,23550,3267.4413,4
65,52.51666667,24133,3254.473356,4
65,52.73333333,24954,3242.588963,4
65,52.95,21798,3139.728526,4
65,53.16666667,21528,3101.154587,4
65,53.38333333,18865,3231.457202,4
65,53.6,25973,3220.766608,4
65,53.6,29114,3078.560771,4
65,53.6,34721,3101.766289,4
65,53.6,22201,2969.403625,4
192.5,56.16664756,42037,2743.712727,1
192.5,56.0258313,39115,2789.05271,1
192.5,58.22781502,39068,2789.014612,1
192.5,54.21890786,42140,2996.083887,1
192.5,53.90753704,38143,2785.535214,1
192.5,55.02223466,31428,2805.929026,1
192.5,57.57325951,37150,2775.566241,1
192.5,57.60915988,35086,2810.997558,1
192.5,55.51870532,32497,2880.38011,1
192.5,87.63805952,8796105,2871.104979,1
192.5,57.84654998,43841,2824.604197,1
192.5,55.80407246,37517,2793.083161,1
192.5,56.60566615,36415,2791.877993,1
192.5,56.3068985,43525,2777.184679,1
192.5,59.39551379,36279,2783.986983,1
192.5,57.94902751,47040,2777.999919,1
192.5,57.68628497,44139,2801.740068,1
192.5,57.19697347,41512,2804.685535,1
192.5,55.74945565,23389,2846.33172,1
192.5,54.88103756,33333,2913.367342,1
192.5,57.74495769,27232,2790.48729,1
192.5,59.5778069,31689,2872.429327,1
192.5,56.71091143,25628,2827.562155,1
192.5,56.85120788,31019,3025.769195,1
192.5,55.65283975,33266,3198.022798,1
192.5,55.57912545,27525,3129.361192,1
192.5,54.98655755,29697,2863.065006,1
192.5,55.95751709,37376,2828.795873,1
192.5,56.16967665,35512,2895.564501,1
192.5,55.4337578,35014,2859.506589,1
155,53.90182169,33126,3033.8759,2
155,54.28523046,26603,2867.083389,2
155,51.58885026,41979,3113.637904,2
155,53.76058232,30676,2846.707144,2
155,53.15774895,40683,3021.294892,2
155,52.27597989,41139,3133.191958,2
155,53.15192975,34165,3201.567309,2
155,56.4884694,32964,3166.004694,2
155,52.26179119,39178,3135.236306,2
155,53.07500516,36976,3133.349638,2
155,52.25635124,30149,3171.847956,2
155,52.23065743,37263,3140.925711,2
155,55.13577674,29833,3051.38588,2
155,52.78041275,37680,3093.625288,2
155,53.74214354,34914,3119.727863,2
155,53.46345144,31418,3078.684386,2
155,53.50656984,34409,3070.405127,2
155,53.93092536,29398,2949.55494,2
155,53.8998783,32308,2976.946367,2
155,52.8178259,23446,3077.180489,2
155,52.01502796,30023,3142.668151,2
155,55.0992524,30189,2932.269194,2
155,54.56400483,32239,3047.799322,2
155,53.45379611,40356,3038.533158,2
155,53.76043067,29375,3124.499935,2
155,53.15981231,33067,3141.104474,2
155,52.22319695,36747,3101.826031,2
155,53.6337401,34963,3035.937373,2
155,52.73287464,26205,3042.412877,2
155,51.9456228,33581,3278.818134,2
90,51.27209547,33940,3189.898209,3
90,55.09463525,28287,3177.701042,3
90,52.57654091,28528,3127.246821,3
90,51.21017935,32253,3224.738456,3
90,52.22911147,27304,3051.866401,3
90,53.05599118,32614,3198.476979,3
90,52.08986378,32181,3195.40633,3
90,53.10276968,30922,3293.558347,3
90,52.09021267,38650,3272.44528,3
90,54.68665207,28563,3102.280946,3
90,52.9263468,33100,3070.637903,3
90,52.49910098,34454,3123.261032,3
90,52.16819194,32752,3193.403532,3
90,50.9631819,31220,3255.703297,3
90,54.32833913,18497,3093.165245,3
90,53.24764701,35338,3154.806839,3
90,53.85656602,27498,3136.589053,3
90,50.82171592,37688,3214.354743,3
90,51.69583007,37054,3214.253314,3
90,51.57680975,32966,3183.374557,3
90,51.48813919,36936,3188.01291,3
90,52.22807758,28862,3160.921332,3
90,51.93208249,30862,3066.419105,3
90,51.5787455,31732,3056.076619,3
90,52.60977643,37091,3011.188537,3
90,52.72809033,29224,2893.020625,3
90,55.06584967,25452,2844.126207,3
90,54.46940631,35666,2852.725667,3
90,52.46069492,39652,2977.171595,3
90,51.65132838,36328,2970.469219,3
70,50.66578827,24632,3123.527616,4
70,49.64834969,25431,3165.382393,4
70,50.24607408,32761,3179.365856,4
70,51.22529561,27653,3176.855901,4
70,49.44462489,28463,3166.430277,4
70,50.04994147,31033,3165.848696,4
70,50.85539503,35618,3155.591381,4
70,49.69821982,35477,3152.971972,4
70,50.26412877,33214,3147.954828,4
70,52.1370939,36292,3146.821374,4
70,51.58171787,28796,3143.569561,4
70,52.18608564,29368,3137.601719,4
70,50.84308578,39878,3131.781034,4
70,52.32896461,34981,3129.169875,4
70,49.2752781,33483,3150.389978,4
70,50.48452698,33193,3179.079298,4
70,49.71778724,33058,3131.777529,4
70,50.09673155,25571,3096.797005,4
70,49.92193706,33545,3146.461731,4
70,50.8235884,38732,3113.415397,4
70,50.21002912,28907,3111.493182,4
70,51.21922689,32007,3102.038106,4
70,49.95727614,32369,3094.253794,4
70,50.2720761,26816,2906.278548,4
70,50.96459595,27900,2997.655888,4
70,50.71356473,24168,3039.906457,4
70,50.66469363,29150,3047.301808,4
70,51.08000456,37817,3012.227667,4
70,49.60031788,41274,3045.139047,4
70,49.67796899,30697,2982.691041,4
200,51.9,27776,2710.218087,1
200,51.9,30676,2624.418602,1
200,51.55714286,35872,2687.381703,1
200,51.21428571,37119,2872.107262,1
200,50.87142857,27119,2964.195854,1
200,50.52857143,27969,2862.034188,1
200,50.18571429,31362,2762.962307,1
200,49.84285714,27991,2779.150027,1
200,49.5,28978,2871.397752,1
200,49.81666667,22695,2746.449074,1
200,50.13333333,30828,2899.022471,1
200,50.45,30997,2905.73347,1
200,50.76666667,30193,2850.09312,1
200,51.08333333,30388,2751.486075,1
200,51.4,32364,2823.172784,1
200,50.5,31743,2878.058698,1
200,49.6,25517,2824.384518,1
200,48.7,31619,2946.361627,1
200,47.8,23932,2803.827179,1
200,46.9,26757,2906.546555,1
200,46,29504,3082.65401,1
200,45.85,24222,2926.55194,1
200,45.7,24727,2858.101473,1
200,45.55,27321,3075.297827,1
200,45.4,28231,3080.447013,1
200,45.25,25054,2956.993339,1
200,45.1,26988,2952.65899,1
200,45.1,33094,3047.009445,1
200,45.1,30592,3025.611039,1
200,45.1,29080,2936.978897,1
175,56.3,27836,2794.11738,2
175,56.3,21507,2773.30509,2
175,55.3,28069,2766.849686,2
175,54.3,24584,2844.528577,2
175,53.3,34170,2924.267774,2
175,52.3,27607,2833.336887,2
175,51.3,29043,3006.974066,2
175,50.3,27737,2963.675272,2
175,49.3,31631,2940.548128,2
175,49.46666667,29503,3091.046059,2
175,49.63333333,26922,2936.515655,2
175,49.8,34171,3016.885398,2
175,49.96666667,28133,2985.726337,2
175,50.13333333,33179,3025.649877,2
175,50.3,25301,2874.800448,2
175,50,25018,2947.428997,2
175,49.7,30138,3075.850228,2
175,49.4,26783,3144.521462,2
175,49.1,26187,3103.786343,2
175,48.8,17730,2891.68264,2
175,48.5,22243,2927.557768,2
175,48.06666667,31017,3141.825919,2
175,47.63333333,28372,3040.323799,2
175,47.2,31404,3127.350288,2
175,46.76666667,24781,3094.661648,2
175,46.33333333,25635,3043.554336,2
175,45.9,28207,3052.229443,2
175,45.9,30436,3168.808382,2
175,45.9,25880,2970.694121,2
175,45.9,30209,3008.767505,2
82.5,47.9,24710,2958.938622,3
82.5,47.9,22482,3008.587003,3
82.5,48.12857143,26317,3178.572515,3
82.5,48.35714286,26963,3053.493212,3
82.5,48.58571429,25891,3264.903222,3
82.5,48.81428571,26310,3257.322353,3
82.5,49.04285714,30352,3288.852796,3
82.5,49.27142857,25249,3119.494366,3
82.5,49.5,22595,3165.664819,3
82.5,49.31666667,24021,3265.220134,3
82.5,49.13333333,26068,3259.977156,3
82.5,48.95,27389,3303.883617,3
82.5,48.76666667,26465,3323.905452,3
82.5,48.58333333,24371,3054.95052,3
82.5,48.4,16855,3179.810509,3
82.5,48.03333333,30747,3290.875965,3
82.5,47.66666667,22606,3261.22236,3
82.5,47.3,24381,3177.379495,3
82.5,46.93333333,24562,3127.580278,3
82.5,46.56666667,28234,3267.614016,3
82.5,46.2,26575,3155.503124,3
82.5,46.73333333,22220,3156.349191,3
82.5,47.26666667,25986,3196.324518,3
82.5,47.8,26055,3087.729669,3
82.5,48.33333333,26639,3050.351623,3
82.5,48.86666667,22827,2943.477172,3
82.5,49.4,16687,2875.481226,3
82.5,49.4,29353,2922.227045,3
82.5,49.4,29599,2905.033811,3
82.5,49.4,25333,2906.48884,3
65,39.9,20003,2859.600494,4
65,39.9,18183,2838.015269,4
65,41.37142857,21764,2871.046924,4
65,42.84285714,17768,2845.202822,4
65,44.31428571,21950,2884.998725,4
65,45.78571429,22672,2835.58508,4
65,47.25714286,26273,2831.51211,4
65,48.72857143,22546,2896.724094,4
65,50.2,23836,2784.136668,4
65,50.18333333,27373,2812.848466,4
65,50.16666667,18928,2769.223736,4
65,50.15,20403,2787.528974,4
65,50.13333333,26340,2799.97896,4
65,50.11666667,25822,2818.91256,4
65,50.1,22586,2874.433163,4
65,49.38333333,22168,2853.551099,4
65,48.66666667,24522,2928.802883,4
65,47.95,21761,2929.146818,4
65,47.23333333,24246,2925.356927,4
65,46.51666667,29766,2888.766328,4
65,45.8,21606,2883.347677,4
65,46.31666667,21178,2858.882261,4
65,46.83333333,25068,2863.605234,4
65,47.35,20121,2867.87156,4
65,47.86666667,20457,2877.201346,4
65,48.38333333,21278,2948.348788,4
65,48.9,24183,2915.13445,4
65,48.9,27574,2832.982952,4
65,48.9,30792,2855.791501,4
65,48.9,20436,2777.93966,4
217.5,55.9,26517,2980.824094,1
217.5,55.9,26318,2852.637035,1
217.5,56.4,30493,2857.624713,1
217.5,56.9,30870,2874.092703,1
217.5,57.4,23838,2710.89849,1
217.5,57.9,27100,2861.27601,1
217.5,58.4,27853,2795.661726,1
217.5,58.9,30887,2753.169512,1
217.5,59.4,23349,2725.112563,1
217.5,58.1,23001,2808.945168,1
217.5,56.8,24260,2728.857767,1
217.5,55.5,25997,2843.885309,1
217.5,54.2,28676,2701.865928,1
217.5,52.9,27115,2693.134546,1
217.5,51.6,32236,2829.264122,1
217.5,51.43333333,32877,2865.601603,1
217.5,51.26666667,29024,2787.737623,1
217.5,51.1,29017,3095.674748,1
217.5,50.93333333,23629,2686.83876,1
217.5,50.76666667,25819,2654.348157,1
217.5,50.6,30308,2970.423082,1
217.5,51.8,29127,2814.056683,1
217.5,53,24369,2789.845652,1
217.5,54.2,26029,2668.736696,1
217.5,55.4,27921,2864.647887,1
217.5,56.6,26297,2650.666008,1
217.5,57.8,26340,2797.714927,1
217.5,57.8,30230,2623.553672,1
217.5,57.8,64201081,2776.181559,1
217.5,57.8,34310,2776.155491,1
155,56.8,33087,3034.467278,2
155,56.8,25148,2964.259153,2
155,57.21428571,26055,2985.555448,2
155,57.62857143,22804,2755.746395,2
155,58.04285714,30717,2944.922045,2
155,58.45714286,25801,3020.098025,2
155,58.87142857,26676,3062.095286,2
155,59.28571429,29008,3045.498161,2
155,59.7,28888,3026.039445,2
155,59.75,25845,2863.353976,2
155,59.8,30382,3045.125479,2
155,59.85,29261,3079.396324,2
155,59.9,28139,3056.466304,2
155,59.95,28921,3097.710928,2
155,60,25042,3106.64183,2
155,58.15,23538,3125.50916,2
155,56.3,30151,3083.327554,2
155,54.45,24941,3065.466031,2
155,52.6,28232,3083.873884,2
155,50.75,18415,3110.613754,2
155,48.9,24711,3200.238489,2
155,50.13333333,29998,3153.530994,2
155,51.36666667,26072,3176.062103,2
155,52.6,32560,3151.688406,2
155,53.83333333,25313,3096.96672,2
155,55.06666667,26597,3117.180565,2
155,56.3,28212,3045.099859,2
155,56.3,28221,2897.586975,2
155,56.3,23867,3069.868684,2
155,56.3,30098,3038.871401,2
95,58.4,27212,3190.146936,3
95,58.4,20915,3075.351619,3
95,57.77142857,27152,2968.976597,3
95,57.14285714,26396,3129.136109,3
95,56.51428571,25829,2947.095294,3
95,55.88571429,25491,3015.407854,3
95,55.25714286,30854,3025.051016,3
95,54.62857143,29248,3145.555419,3
95,54,28626,3168.147362,3
95,53.73333333,25015,3138.566753,3
95,53.46666667,22798,2987.12096,3
95,53.2,24894,3021.483922,3
95,52.93333333,24103,3094.216327,3
95,52.66666667,23135,3161.406489,3
95,52.4,18488,3028.219613,3
95,53.23333333,32492,3035.006134,3
95,54.06666667,25170,2987.52479,3
95,54.9,29054,3129.204014,3
95,55.73333333,29818,3122.373802,3
95,56.56666667,24078,2923.383703,3
95,57.4,27214,2992.423252,3
95,57.91666667,26606,3020.299389,3
95,58.43333333,25582,2970.821954,3
95,58.95,25405,2895.399159,3
95,59.46666667,26793,2875.74303,3
95,59.98333333,22425,2810.543003,3
95,60.5,18541,2800.883968,3
95,60.5,30638,2819.711998,3
95,60.5,27028,2821.397076,3
95,60.5,27118,2942.6725,3
65,42.3,21532,3130.393209,4
65,42.3,22680,3165.903633,4
65,44,24959,3223.657401,4
65,45.7,21873,3198.808862,4
65,47.4,23928,3223.398706,4
65,49.1,25557,3197.4801,4
65,50.8,29954,3200.667681,4
65,52.5,27369,3238.749341,4
65,54.2,26161,3220.903056,4
65,54,29605,3221.354276,4
65,53.8,22161,3235.853488,4
65,53.6,26039,3253.716218,4
65,53.4,28741,3262.577575,4
65,53.2,28593,3279.502323,4
65,53,23499,3283.771758,4
65,53.75,23441,3290.493496,4
65,54.5,26661,3279.557729,4
65,55.25,21988,3286.556526,4
65,56,28146,3300.149568,4
65,56.75,32081,3316.178703,4
65,57.5,23930,3329.046132,4
65,57.23333333,24522,3301.244863,4
65,56.96666667,25877,3302.38071,4
65,56.7,21064,3242.340471,4
65,56.43333333,23077,3247.86223,4
65,56.16666667,22021,3292.312657,4
65,55.9,24482,3310.27435,4
65,55.9,29752,3155.163516,4
65,55.9,32768,3131.192366,4
65,55.9,25754,2997.77212,4
230,53.9,27770,2838.025919,1
230,53.9,27683,2805.357396,1
230,54.38571429,29098,2858.447626,1
230,54.87142857,31685,2971.272448,1
230,55.35714286,27857,3076.266992,1
230,55.84285714,29554,2955.0427,1
230,56.32857143,36761,3036.520905,1
230,56.81428571,32884,2922.777326,1
230,57.3,26827,2896.162851,1
230,56.05,26953,3132.339281,1
230,54.8,27669,3027.758608,1
230,53.55,30917,3082.542741,1
230,52.3,29807,2932.714117,1
230,51.05,35174,2880.80862,1
230,49.8,32561,2965.420915,1
230,49.91666667,30299,3002.948451,1
230,50.03333333,29015,2974.486963,1
230,50.15,32648,3081.723152,1
230,50.26666667,24102,2864.484246,1
230,50.38333333,27397,2888.882226,1
230,50.5,28778,3022.465312,1
230,51.46666667,34694,2994.144414,1
230,52.43333333,25050,2970.777516,1
230,53.4,25199,3139.80453,1
230,54.36666667,28002,3175.355959,1
230,55.33333333,25228,2950.287658,1
230,56.3,27212,2943.851909,1
230,56.3,30398,3134.801699,1
230,56.3,35942,3204.075337,1
230,56.3,33329,3049.262507,1
155,54.2,33091,3030.837725,2
155,54.2,27125,3094.062818,2
155,54.55714286,30299,2937.580418,2
155,54.91428571,24150,2920.053345,2
155,55.27142857,32864,3034.687341,2
155,55.62857143,27334,2986.224268,2
155,55.98571429,28403,3044.347647,2
155,56.34285714,31945,3033.899687,2
155,56.7,30511,3018.042891,2
155,55.26666667,32552,3216.224131,2
155,53.83333333,31593,3023.435737,2
155,52.4,28995,3121.87861,2
155,50.96666667,28408,3118.119208,2
155,49.53333333,30386,3080.116757,2
155,48.1,27438,3015.310059,2
155,48.43333333,28641,3088.090759,2
155,48.76666667,33007,3198.070255,2
155,49.1,29454,3199.880961,2
155,49.43333333,31605,3191.607236,2
155,49.76666667,18408,2923.607339,2
155,50.1,25725,3047.771566,2
155,49.43333333,33979,3231.751195,2
155,48.76666667,28471,3058.154618,2
155,48.1,39103,3157.998243,2
155,47.43333333,25224,3084.321193,2
155,46.76666667,31739,3034.504275,2
155,46.1,33702,2989.567822,2
155,46.1,30990,3158.199976,2
155,46.1,25519,3005.628295,2
155,46.1,31822,3075.574689,2
97.5,45.6,25192,2923.581259,3
97.5,45.6,22196,2985.842974,3
97.5,46.5,28308,3115.215456,3
97.5,47.4,21808,3024.782028,3
97.5,48.3,27243,3225.8833,3
97.5,49.2,26885,3159.831606,3
97.5,50.1,31905,3219.182528,3
97.5,51,27114,2990.256508,3
97.5,51.9,22254,3021.530281,3
97.5,51.63333333,29097,3209.650787,3
97.5,51.36666667,26126,3171.151354,3
97.5,51.1,27562,3236.983399,3
97.5,50.83333333,26241,3296.343014,3
97.5,50.56666667,23857,3059.429531,3
97.5,50.3,19381,3121.674595,3
97.5,49.21666667,33781,3290.610567,3
97.5,48.13333333,27628,3262.631813,3
97.5,47.05,24060,3101.405974,3
97.5,45.96666667,22233,3040.828581,3
97.5,44.88333333,28861,3248.892359,3
97.5,43.8,30594,3206.276478,3
97.5,44.33333333,29308,3205.988724,3
97.5,44.86666667,30107,3234.853574,3
97.5,45.4,26465,3129.194397,3
97.5,45.93333333,26016,3040.993168,3
97.5,46.46666667,23101,2953.565901,3
97.5,47,18828,2926.519127,3
97.5,47,29383,2969.57478,3
97.5,47,30040,2947.736535,3
97.5,47,25513,3024.887231,3
67.5,44.7,18584,3170.211028,4
67.5,44.7,19673,3174.2404,4
67.5,45.64285714,19271,3224.736783,4
67.5,46.58571429,19837,3203.685618,4
67.5,47.52857143,19824,3230.798131,4
67.5,48.47142857,19787,3183.493974,4
67.5,49.41428571,22053,3182.340335,4
67.5,50.35714286,22830,3142.369823,4
67.5,51.3,20543,3133.041199,4
67.5,51.21666667,25742,3164.110621,4
67.5,51.13333333,21214,3055.561231,4
67.5,51.05,24553,3090.212785,4
67.5,50.96666667,25542,3074.892714,4
67.5,50.88333333,27396,3080.576197,4
67.5,50.8,21835,3054.159923,4
67.5,48.86666667,23681,3049.058002,4
67.5,46.93333333,26549,3076.991547,4
67.5,45,21870,3057.018822,4
67.5,43.06666667,27069,3068.043472,4
67.5,41.13333333,31428,3048.969378,4
67.5,39.2,23016,3052.473372,4
67.5,41.13333333,24008,3037.83006,4
67.5,43.06666667,26064,3019.653645,4
67.5,45,20414,2964.755991,4
67.5,46.93333333,20837,2973.115171,4
67.5,48.86666667,20358,3011.107425,4
67.5,50.8,24248,2947.482295,4
67.5,50.8,28159,2803.933074,4
67.5,50.8,31432,2799.257747,4
67.5,50.8,25209,2714.775148,4
217.5,58.8,28548,2774.700177,1
217.5,58.8,25979,2719.121485,1
217.5,57.65714286,29481,2772.538187,1
217.5,56.51428571,27312,2828.417138,1
217.5,55.37142857,27400,2689.869428,1
217.5,54.22857143,25114,2722.883341,1
217.5,53.08571429,34336,2773.680534,1
217.5,51.94285714,32869,2772.367911,1
217.5,50.8,27666,2753.366329,1
217.5,51.41666667,26324,3042.834219,1
217.5,52.03333333,24425,2731.259467,1
217.5,52.65,26816,2737.176171,1
217.5,53.26666667,24644,2730.466867,1
217.5,53.88333333,31343,2866.341383,1
217.5,54.5,28127,2812.18025,1
217.5,53.85,28975,2746.532898,1
217.5,53.2,29017,2908.830897,1
217.5,52.55,30919,2894.710075,1
217.5,51.9,24989,2752.176938,1
217.5,51.25,30154,2846.104018,1
217.5,50.6,27585,2876.959538,1
217.5,52.18333333,33417,2941.658034,1
217.5,53.76666667,22232,2948.411236,1
217.5,55.35,23715,2869.099821,1
217.5,56.93333333,31245,2983.371121,1
217.5,58.51666667,28306,2854.59045,1
217.5,60.1,23761,2765.549196,1
217.5,60.1,27705,2742.280166,1
217.5,60.1,24811,2818.156692,1
217.5,60.1,31651,2778.070189,1
155,59.2,34932,3058.950356,2
155,59.2,27647,2977.283085,2
155,58.74285714,29759,3046.521457,2
155,58.28571429,27067,2906.157546,2
155,57.82857143,30059,2956.587818,2
155,57.37142857,32983,3070.821345,2
155,56.91428571,27595,3167.67086,2
155,56.45714286,29367,3157.849296,2
155,56,31263,3107.950797,2
155,54.75,27950,2909.748989,2
155,53.5,31339,3057.908468,2
155,52.25,29284,3093.393168,2
155,51,28416,3098.577372,2
155,49.75,29437,3058.946303,2
155,48.5,27606,3145.674094,2
155,48.56666667,28707,3111.267314,2
155,48.63333333,31382,3081.283671,2
155,48.7,22917,2943.528793,2
155,48.76666667,27435,2918.428935,2
155,48.83333333,24718,3100.755673,2
155,48.9,25094,3103.615922,2
155,48.36666667,26570,2961.271484,2
155,47.83333333,26180,2994.621603,2
155,47.3,31427,2868.695057,2
155,46.76666667,23510,2906.661335,2
155,46.23333333,31849,3037.768861,2
155,45.7,34595,3047.405229,2
155,45.7,29965,2844.307071,2
155,45.7,23330,3029.891728,2
155,45.7,30312,3113.656874,2
90,46.1,25345,3135.149264,3
90,46.1,23414,3139.982313,3
90,46.17142857,25879,3095.348543,3
90,46.24285714,27751,3174.125206,3
90,46.31428571,21981,3067.881556,3
90,46.38571429,24335,3151.07189,3
90,46.45714286,27781,3121.310407,3
90,46.52857143,28120,3237.499493,3
90,46.6,29712,3231.528716,3
90,47.88333333,25954,2989.584694,3
90,49.16666667,23246,3008.261836,3
90,50.45,22519,3135.652059,3
90,51.73333333,22251,3126.505946,3
90,53.01666667,25525,3346.373096,3
90,54.3,17981,3237.551207,3
90,53.26666667,28294,3167.806613,3
90,52.23333333,22446,3140.394859,3
90,51.2,25800,3254.114282,3
90,50.16666667,26458,3255.608545,3
90,49.13333333,20475,3122.884305,3
90,48.1,30243,3228.066119,3
90,48.13333333,26668,3216.142895,3
90,48.16666667,24076,3134.388148,3
90,48.2,26084,3033.220352,3
90,48.23333333,26040,2991.494634,3
90,48.26666667,22128,2939.769391,3
90,48.3,19720,2921.116726,3
90,48.3,26562,2885.340549,3
90,48.3,27043,2883.387175,3
90,48.3,25484,3002.715832,3
45,44.8,20448,3154.472831,4
45,44.8,20667,3170.117279,4
45,44.5,21159,3177.508368,4
45,44.2,22200,3187.056971,4
45,43.9,21408,3203.583145,4
45,43.6,22278,3160.667184,4
45,43.3,27460,3154.349961,4
45,43,23788,3194.414334,4
45,42.7,24187,3131.540816,4
45,44.11666667,25763,3115.505674,4
45,45.53333333,23487,3099.40219,4
45,46.95,25792,3146.286222,4
45,48.36666667,25561,3080.443096,4
45,49.78333333,29520,3098.344247,4
45,51.2,24484,3122.367481,4
45,49.01666667,26581,3088.895392,4
45,46.83333333,27227,3109.985017,4
45,44.65,22388,3119.930008,4
45,42.46666667,26540,3082.793215,4
45,40.28333333,32314,3109.389496,4
45,38.1,21825,3110.633439,4
45,40.76666667,22269,3096.69737,4
45,43.43333333,24649,3065.499216,4
45,46.1,19760,3014.825126,4
45,48.76666667,20468,3016.98942,4
45,51.43333333,19651,3081.364354,4
45,54.1,24766,3032.153719,4
45,54.1,30375,2864.575136,4
45,54.1,29606,2891.81226,4
45,54.1,24686,2807.920438,4
227.5,52,29007,2767.005541,1
227.5,52,26431,2793.494222,1
227.5,51.17142857,29063,2798.72555,1
227.5,50.34285714,39736,2961.269801,1
227.5,49.51428571,33363,2987.747252,1
227.5,48.68571429,33244,2914.680226,1
227.5,47.85714286,35488,2941.600349,1
227.5,47.02857143,30491,2844.551117,1
227.5,46.2,28489,2896.611946,1
227.5,46.78333333,28190,2940.454236,1
227.5,47.36666667,29574,2959.623333,1
227.5,47.95,30872,3013.914254,1
227.5,48.53333333,26700,2858.391287,1
227.5,49.11666667,31967,2799.083888,1
227.5,49.7,29844,2829.999506,1
227.5,49.35,33650,2942.257733,1
227.5,49,32690,2769.938025,1
227.5,48.65,33961,2977.760085,1
227.5,48.3,28861,2679.652027,1
227.5,47.95,33231,2826.509921,1
227.5,47.6,35343,2866.221519,1
227.5,47.9,35937,2877.288179,1
227.5,48.2,30285,2937.190136,1
227.5,48.5,31073,2940.6202,1
227.5,48.8,39137,2976.789621,1
227.5,49.1,30073,2918.586621,1
227.5,49.4,34955,2896.796922,1
227.5,49.4,32862,2923.487285,1
227.5,49.4,33325,2951.590299,1
227.5,49.4,35629,2889.769129,1
150,54.1,33090,2804.29458,2
150,54.1,27496,2918.745445,2
150,53.22857143,30136,2773.36463,2
150,52.35714286,28480,2813.40993,2
150,51.48571429,36222,2814.436412,2
150,50.61428571,32670,2756.529903,2
150,49.74285714,26577,2758.724263,2
150,48.87142857,29457,2749.085463,2
150,48,37712,2815.175308,2
150,48.15,31033,2954.883625,2
150,48.3,32203,2836.908272,2
150,48.45,29330,2878.620831,2
150,48.6,28935,2917.626118,2
150,48.75,33140,2893.176258,2
150,48.9,28110,2828.386,2
150,48.63333333,28055,2851.947238,2
150,48.36666667,32334,2995.867162,2
150,48.1,28800,2984.92634,2
150,47.83333333,29869,2968.870018,2
150,47.56666667,24059,2848.021328,2
150,47.3,25495,2876.71974,2
150,47.1,31686,3070.720836,2
150,46.9,26772,2967.781463,2
150,46.7,36158,2994.531188,2
150,46.5,31201,2952.574828,2
150,46.3,35063,2968.220572,2
150,46.1,36720,2965.426961,2
150,46.1,37826,3071.183518,2
150,46.1,24124,2925.174954,2
150,46.1,31169,2974.053399,2
92.5,46.7,27260,2907.866254,3
92.5,46.7,25404,3036.464994,3
92.5,46.77142857,29222,3001.129854,3
92.5,46.84285714,28275,2903.801049,3
92.5,46.91428571,28596,2976.344484,3
92.5,46.98571429,28990,2936.044568,3
92.5,47.05714286,30334,2990.7052,3
92.5,47.12857143,26788,2843.921174,3
92.5,47.2,29215,2950.304428,3
92.5,47.46666667,29687,2983.509444,3
92.5,47.73333333,27178,2909.638111,3
92.5,48,29177,2945.96314,3
92.5,48.26666667,28958,2966.190699,3
92.5,48.53333333,25244,2832.66216,3
92.5,48.8,18276,2810.576606,3
92.5,48.48333333,31060,2990.286934,3
92.5,48.16666667,27313,2902.480025,3
92.5,47.85,26348,2803.318734,3
92.5,47.53333333,27360,2843.326816,3
92.5,47.21666667,29119,2963.337556,3
92.5,46.9,31855,2887.449775,3
92.5,46.83333333,28582,2910.69166,3
92.5,46.76666667,28528,2907.727509,3
92.5,46.7,26076,2836.427426,3
92.5,46.63333333,29293,2849.048923,3
92.5,46.56666667,24464,2750.67405,3
92.5,46.5,20905,2726.057722,3
92.5,46.5,28558,2755.118652,3
92.5,46.5,28516,2736.974884,3
92.5,46.5,26554,2784.668181,3
67.5,44.5,19809,2884.687634,4
67.5,44.5,20359,2844.896485,4
67.5,44.42857143,20944,2856.558794,4
67.5,44.35714286,22371,2849.679647,4
67.5,44.28571429,23948,2848.301313,4
67.5,44.21428571,24823,2861.58501,4
67.5,44.14285714,27745,2899.068197,4
67.5,44.07142857,28221,2878.701337,4
67.5,44,26728,2902.304024,4
67.5,44.91666667,26580,2883.179271,4
67.5,45.83333333,25951,2896.774055,4
67.5,46.75,25612,2882.671178,4
67.5,47.66666667,27434,2895.377885,4
67.5,48.58333333,30018,2878.613079,4
67.5,49.5,24557,2881.819704,4
67.5,47.85,26326,2925.371322,4
67.5,46.2,26593,2880.222549,4
67.5,44.55,21067,2851.094903,4
67.5,42.9,25480,2849.811402,4
67.5,41.25,31507,2864.817263,4
67.5,39.6,23028,2853.075867,4
67.5,41.36666667,23683,2880.15779,4
67.5,43.13333333,24495,2846.404367,4
67.5,44.9,20585,2793.008272,4
67.5,46.66666667,20224,2826.249825,4
67.5,48.43333333,19566,2891.565875,4
67.5,50.2,22433,2835.482441,4
67.5,50.2,28263,2701.523287,4
67.5,50.2,29525,2732.706781,4
67.5,50.2,23618,2711.073813,4
