Treatment,AvgTemp,WaterLeft,EcLeft,WeightedSpad,new_leaf,Size_temp,Avg_temp,Max_temp
A,37,,,45.6,0,12912,2806.451518,3463
A,37,,,45.6,0,15497,2896.29296,3462
A,37,,,46.51428571,0,16049,2901.586267,3606
A,37,,,47.42857143,0,19217,2896.21736,3619
A,37,,,48.34285714,0,22846,2832.006828,3707
A,37,,,49.25714286,0,15877,2850.228696,3572
A,37,,,50.17142857,0,16627,2904.354604,3702
A,37,,,51.08571429,0,13779,2933.415923,3586
A,37,,,52,0,13413,2925.066801,3769
A,37,,,51.46666667,0,13264,2897.141134,3764
A,37,,,50.93333333,0,21223,2873.570513,3928
A,37,,,50.4,0,19696,2866.088901,3659
A,37,,,49.86666667,0,13398,2871.476638,3679
A,37,,,49.33333333,0,20543,2894.509517,3960
A,37,,,48.8,0,17541,2896.530642,3825
A,37,,,47.23333333,0,21962,2941.941535,3922
A,37,,,45.66666667,0,16809,2971.838539,3697
A,37,,,44.1,0,22753,2972.375511,3890
A,37,,,42.53333333,0,11004,2957.688113,3689
A,37,,,40.96666667,0,17563,2929.390195,3883
A,37,,,39.4,0,17154,2937.49557,3679
A,37,,,41.98333333,0,16883,2913.52236,3952
A,37,,,44.56666667,0,16311,2932.207713,3737
A,37,,,47.15,0,23344,2909.823167,3643
A,37,,,49.73333333,0,21111,2902.919,3765
A,37,,,52.31666667,0,15755,2962.928848,3609
A,37,,,54.9,0,20158,2920.235589,3768
A,37,,,54.9,0,21944,2876.886848,3992
A,37,,,54.9,0,25598,2892.20361,3610
A,37,,,54.9,0,15863,2934.045641,3697
B,37,,,47.2,0,18667,3143.885895,3669
B,37,,,47.2,0,13211,3272.146393,3729
B,37,,,48.71428571,0,16808,3327.625297,3661
B,37,,,50.22857143,0,13431,2924.66421,3661
B,37,,,51.74285714,0,18876,2833.682242,3485
B,37,,,53.25714286,0,15454,2857.446875,3577
B,37,,,54.77142857,0,14524,2890.05033,3445
B,37,,,56.28571429,0,13162,2922.334752,3596
B,37,,,57.8,0,17425,2847.424907,3462
B,37,,,56.81666667,0,18461,2834.032663,3417
B,37,,,55.83333333,0,13996,2843.017505,3439
B,37,,,54.85,0,25636,2839.401584,3358
B,37,,,53.86666667,0,18744,2838.73997,3416
B,37,,,52.88333333,0,17611,2824.443302,3568
B,37,,,51.9,0,13530,2833.283962,3407
B,37,,,51.63333333,0,12377,2855.775875,3568
B,37,,,51.36666667,0,20220,2823.755737,3432
B,37,,,51.1,0,19892,2871.870802,3632
B,37,,,50.83333333,0,19575,2865.803729,3437
B,37,,,50.56666667,0,15073,2875.052345,3378
B,37,,,50.3,0,13618,2868.541122,3665
B,37,,,50.41666667,0,24370,2885.287444,3572
B,37,,,50.53333333,0,15342,2890.563225,3568
B,37,,,50.65,1,27584,2925.12732,3455
B,37,,,50.76666667,0,19843,2900.0637,3567
B,37,,,50.88333333,0,18461,2894.162613,3638
B,37,,,51,0,18869,2868.619429,3448
B,37,,,51,0,18544,3305.270546,3581
B,37,,,51,0,12214,2924.029474,3532
B,37,,,51,0,18677,2810.988649,3424
C,37,,,42.3,0,21447,2790.819695,3591
C,37,,,42.3,0,14878,2811.214209,3650
C,37,,,44.07142857,1,16569,2821.576559,3520
C,37,,,45.84285714,0,13141,2853.695305,3508
C,37,,,47.61428571,0,23700,2850.980591,3518
C,37,,,49.38571429,0,17757,2876.027426,3680
C,37,,,51.15714286,0,17243,2855.014267,3715
C,37,,,52.92857143,0,18945,2854.458221,3605
C,37,,,54.7,0,24991,2875.563803,3975
C,37,,,54.2,0,15575,2849.390754,3416
C,37,,,53.7,0,20583,2834.261672,3471
C,37,,,53.2,0,23155,2805.666292,3504
C,37,,,52.7,0,22511,2787.313313,3416
C,37,,,52.2,0,23948,2761.05395,3417
C,37,,,51.7,1,12410,2815.815633,3408
C,37,,,52.03333333,0,17619,2779.9244,3285
C,37,,,52.36666667,0,17525,2738.153153,3280
C,37,,,52.7,0,23055,2750.893125,3387
C,37,,,53.03333333,1,21004,2819.272996,3358
C,37,,,53.36666667,0,20471,2796.598114,3748
C,37,,,53.7,1,15989,2799.642567,3576
C,37,,,52.78333333,1,13955,2795.048441,3353
C,37,,,51.86666667,0,22861,2791.054503,3404
C,37,,,50.95,0,16737,2772.249567,3279
C,37,,,50.03333333,0,15326,2773.171734,3442
C,37,,,49.11666667,1,16940,2845.263164,3308
C,37,,,48.2,0,11527,2835.509499,3468
C,37,,,48.2,0,18871,2770.086906,3499
C,37,,,48.2,0,17463,2783.41734,3192
C,37,,,48.2,1,24833,2769.512745,3531
D,37,,,47.5,0,17238,2874.924817,3640
D,37,,,47.5,0,16504,2978.520843,3581
D,37,,,48.15714286,0,21830,2956.7388,3670
D,37,,,48.81428571,0,16622,2928.389063,3695
D,37,,,49.47142857,1,18950,2980.652612,3413
D,37,,,50.12857143,0,19700,2903.728325,3358
D,37,,,50.78571429,0,25869,2934.718196,3592
D,37,,,51.44285714,0,30071,2954.473779,3444
D,37,,,52.1,0,19019,2966.942321,3523
D,37,,,52.88333333,0,23782,2909.482886,3683
D,37,,,53.66666667,0,15336,2902.539841,3408
D,37,,,54.45,0,15756,2868.708492,3505
D,37,,,55.23333333,0,19760,2871.379706,3471
D,37,,,56.01666667,0,20668,2876.824947,3412
D,37,,,56.8,0,19313,2868.835033,3496
D,37,,,55.9,0,16053,2850.16296,3462
D,37,,,55,1,21861,2833.628791,3426
D,37,,,54.1,0,13874,2869.251478,3382
D,37,,,53.2,1,19294,2837.510884,3721
D,37,,,52.3,0,19717,2810.701374,3386
D,37,,,51.4,0,16646,2774.744203,3542
D,37,,,50.9,0,16292,2749.640437,3303
D,37,,,50.4,0,19788,2833.611583,3462
D,37,,,49.9,0,14122,2857.752939,3474
D,37,,,49.4,0,18963,2862.988293,3463
D,37,,,48.9,0,11803,2872.195798,3350
D,37,,,48.4,0,18194,2863.47032,3331
D,37,,,48.4,0,19724,2800.33989,3409
D,37,,,48.4,0,22789,2803.681864,3450
D,37,,,48.4,0,14690,2799.546903,3298
A,35,170,0.11,55.2,0,16331,2906.537444,3422
A,35,170,0.11,55.2,1,21484,2828.147691,3465
A,35,170,0.11,55.41428571,1,18440,2820.886334,3510
A,35,170,0.11,55.62857143,0,22540,2791.727152,3541
A,35,170,0.11,55.84285714,0,24878,2761.066444,3435
A,35,170,0.11,56.05714286,0,19210,2800.881208,3444
A,35,170,0.11,56.27142857,0,16791,2833.042404,3618
A,35,170,0.11,56.48571429,0,17622,2860.555329,3496
A,35,170,0.11,56.7,0,18899,2862.761892,3698
A,35,170,0.11,56.33333333,0,19493,2869.983276,3560
A,35,170,0.11,55.96666667,0,25978,2830.87193,3651
A,35,170,0.11,55.6,0,30265,2844.648208,3590
A,35,170,0.11,55.23333333,0,18345,2883.10804,3545
A,35,170,0.11,54.86666667,0,20348,2866.735207,3552
A,35,170,0.11,54.5,0,19954,2881.22592,3551
A,35,170,0.11,54.73333333,0,26468,2849.382953,3638
A,35,170,0.11,54.96666667,0,17295,2871.406649,3574
A,35,170,0.11,55.2,0,25309,2898.52266,3615
A,35,170,0.11,55.43333333,1,12916,2901.079746,3581
A,35,170,0.11,55.66666667,0,15885,2901.914322,3587
A,35,170,0.11,55.9,1,21885,2875.781951,3583
A,35,170,0.11,56.71666667,0,17825,2848.711304,3550
A,35,170,0.11,57.53333333,1,20517,2885.715602,3540
A,35,170,0.11,58.35,0,25926,2849.267916,3692
A,35,170,0.11,59.16666667,0,22700,2861.439075,3491
A,35,170,0.11,59.98333333,0,18686,2907.262496,3480
A,35,170,0.11,60.8,0,22648,2881.389041,3522
A,35,170,0.11,60.8,0,23887,2805.324151,3448
A,35,170,0.11,60.8,0,30616,2826.789979,3500
A,35,170,0.11,60.8,0,21100,2852.777299,3455
B,35,155,0.185,53.6,0,22075,3007.956059,3344
B,35,155,0.185,53.6,1,16979,3050.437305,3366
B,35,155,0.185,55.05714286,1,21227,3101.645122,3480
B,35,155,0.185,56.51428571,0,15445,2825.677371,3221
B,35,155,0.185,57.97142857,0,20494,2805.019713,3213
B,35,155,0.185,59.42857143,0,18189,2816.310242,3298
B,35,155,0.185,60.88571429,1,16560,2815.376389,3373
B,35,155,0.185,62.34285714,1,14315,2827.979183,3232
B,35,155,0.185,63.8,0,18282,2808.007767,3286
B,35,155,0.185,62.86666667,1,27460,2805.28791,3250
B,35,155,0.185,61.93333333,1,19639,2750.107745,3247
B,35,155,0.185,61,0,24728,2807.358622,3275
B,35,155,0.185,60.06666667,1,20887,2798.444391,3354
B,35,155,0.185,59.13333333,0,19655,2813.517629,3340
B,35,155,0.185,58.2,0,13849,2803.81616,3302
B,35,155,0.185,58.63333333,0,14292,2826.668416,3357
B,35,155,0.185,59.06666667,1,21703,2834.315901,3282
B,35,155,0.185,59.5,0,21582,2878.818831,3417
B,35,155,0.185,59.93333333,1,23691,2878.973154,3358
B,35,155,0.185,60.36666667,0,14495,2886.957434,3288
B,35,155,0.185,60.8,1,18134,2855.018088,3299
B,35,155,0.185,59.98333333,0,25085,2850.206618,3463
B,35,155,0.185,59.16666667,0,15867,2802.453079,3299
B,35,155,0.185,58.35,0,26676,2789.835433,3227
B,35,155,0.185,57.53333333,0,21076,2768.806462,3253
B,35,155,0.185,56.71666667,1,22223,2764.396661,3270
B,35,155,0.185,55.9,1,23053,2739.764716,3209
B,35,155,0.185,55.9,0,16976,2981.581232,3372
B,35,155,0.185,55.9,1,15703,2874.092657,3211
B,35,155,0.185,55.9,0,19330,2730.151888,3227
C,35,155,0.325,58.6,0,23666,2659.746345,3020
C,35,155,0.325,58.6,1,16532,2693.596056,3103
C,35,155,0.325,58.88571429,0,16362,2711.0514,3184
C,35,155,0.325,59.17142857,1,19047,2759.803014,3208
C,35,155,0.325,59.45714286,0,20015,2755.278191,3323
C,35,155,0.325,59.74285714,0,15395,2764.182657,3313
C,35,155,0.325,60.02857143,0,15875,2792.328882,3225
C,35,155,0.325,60.31428571,0,17796,2760.255788,3135
C,35,155,0.325,60.6,0,22600,2772.815885,3416
C,35,155,0.325,59.8,0,16778,2795.376505,3456
C,35,155,0.325,59,0,22367,2750.988331,3211
C,35,155,0.325,58.2,0,22964,2713.032181,3156
C,35,155,0.325,57.4,1,27837,2726.542408,3192
C,35,155,0.325,56.6,0,24104,2698.646532,3087
C,35,155,0.325,55.8,0,16887,2726.889205,3197
C,35,155,0.325,56.46666667,1,24058,2764.574985,3227
C,35,155,0.325,57.13333333,0,18494,2711.599005,3080
C,35,155,0.325,57.8,1,30878,2745.610856,3206
C,35,155,0.325,58.46666667,0,20632,2747.220143,3136
C,35,155,0.325,59.13333333,1,24380,2724.545447,3336
C,35,155,0.325,59.8,0,19457,2694.355913,3157
C,35,155,0.325,57.9,0,15593,2689.787533,3202
C,35,155,0.325,56,0,23115,2672.807355,3067
C,35,155,0.325,54.1,0,17412,2683.665001,3213
C,35,155,0.325,52.2,1,18573,2694.608895,3065
C,35,155,0.325,50.3,0,19804,2730.8622,3056
C,35,155,0.325,48.4,0,15191,2728.391416,3113
C,35,155,0.325,48.4,0,21356,2676.551227,3121
C,35,155,0.325,48.4,0,18524,2708.887335,3121
C,35,155,0.325,48.4,0,22293,2707.446014,3170
D,35,127.5,0.26,42.9,0,18438,2780.226326,3308
D,35,127.5,0.26,42.9,0,16600,2843.037651,3435
D,35,127.5,0.26,44.74285714,0,22048,2825.896226,3380
D,35,127.5,0.26,46.58571429,0,15597,2781.488684,3153
D,35,127.5,0.26,48.42857143,0,18387,2754.524175,3084
D,35,127.5,0.26,50.27142857,0,18886,2720.110399,3055
D,35,127.5,0.26,52.11428571,0,21214,2696.001744,3074
D,35,127.5,0.26,53.95714286,0,25631,2675.456791,3026
D,35,127.5,0.26,55.8,0,20939,2685.808253,3217
D,35,127.5,0.26,57.03333333,0,24681,2662.168146,3323
D,35,127.5,0.26,58.26666667,0,16252,2655.517044,3103
D,35,127.5,0.26,59.5,0,17670,2647.653877,3010
D,35,127.5,0.26,60.73333333,0,21598,2633.634179,3014
D,35,127.5,0.26,61.96666667,0,21095,2599.541313,2933
D,35,127.5,0.26,63.2,0,21901,2585.853705,3046
D,35,127.5,0.26,62.6,0,19189,2611.08088,3206
D,35,127.5,0.26,62,0,21377,2613.82397,3072
D,35,127.5,0.26,61.4,1,19055,2662.339176,3001
D,35,127.5,0.26,60.8,0,20171,2636.855337,2947
D,35,127.5,0.26,60.2,1,26907,2645.337905,3066
D,35,127.5,0.26,59.6,1,21462,2648.398751,3005
D,35,127.5,0.26,58.18333333,1,23037,2680.087642,3037
D,35,127.5,0.26,56.76666667,0,20817,2705.448864,3166
D,35,127.5,0.26,55.35,0,14842,2715.91012,3012
D,35,127.5,0.26,53.93333333,0,19322,2709.020754,3040
D,35,127.5,0.26,52.51666667,1,12143,2702.792967,2966
D,35,127.5,0.26,51.1,0,19094,2684.940819,3124
D,35,127.5,0.26,51.1,0,21201,2664.557049,3052
D,35,127.5,0.26,51.1,1,27571,2662.897211,3126
D,35,127.5,0.26,51.1,1,20757,2675.987522,3110
A,34.5,,0.335,57.7,1,18771,2628.462842,3465
A,34.5,,0.335,57.7,0,21574,2658.141188,3274
A,34.5,,0.335,57.6,0,19535,2642.079498,3354
A,34.5,,0.335,57.5,0,18700,2664.25246,3312
A,34.5,,0.335,57.4,0,23210,2608.851099,3480
A,34.5,,0.335,57.3,0,16467,2666.773972,3358
A,34.5,,0.335,57.2,0,16865,2686.6504,3409
A,34.5,,0.335,57.1,0,17180,2681.957509,3313
A,34.5,,0.335,57,0,13662,2706.88113,3669
A,34.5,,0.335,56.85,0,16685,2720.791669,3721
A,34.5,,0.335,56.7,0,21276,2655.162578,3428
A,34.5,,0.335,56.55,1,25886,2697.066522,3442
A,34.5,,0.335,56.4,1,16492,2690.18415,3555
A,34.5,,0.335,56.25,1,17575,2703.210014,3410
A,34.5,,0.335,56.1,1,16320,2663.861213,3477
A,34.5,,0.335,56.31666667,0,19406,2614.133618,3369
A,34.5,,0.335,56.53333333,1,16925,2642.027415,3537
A,34.5,,0.335,56.75,1,23369,2700.009757,3536
A,34.5,,0.335,56.96666667,0,13020,2646.127112,3490
A,34.5,,0.335,57.18333333,0,14052,2686.270139,3410
A,34.5,,0.335,57.4,0,16507,2673.239535,3528
A,34.5,,0.335,58.03333333,1,17555,2712.382683,3497
A,34.5,,0.335,58.66666667,0,16519,2697.628246,3395
A,34.5,,0.335,59.3,0,19636,2656.242208,3491
A,34.5,,0.335,59.93333333,0,18957,2686.159941,3467
A,34.5,,0.335,60.56666667,0,14061,2737.907546,3372
A,34.5,,0.335,61.2,0,18113,2734.653177,3449
A,34.5,,0.335,61.2,0,19630,2635.704075,3364
A,34.5,,0.335,61.2,0,25873,2656.166815,3275
A,34.5,,0.335,61.2,1,20204,2732.28133,3378
B,34.5,,0.19,58.3,0,19530,2703.575064,3270
B,34.5,,0.19,58.3,0,14654,2756.963491,3343
B,34.5,,0.19,59.08571429,0,21100,2773.85455,3312
B,34.5,,0.19,59.87142857,0,13333,2701.661817,3268
B,34.5,,0.19,60.65714286,0,17394,2667.72571,3280
B,34.5,,0.19,61.44285714,0,18976,2702.403984,3267
B,34.5,,0.19,62.22857143,0,15492,2683.407501,3349
B,34.5,,0.19,63.01428571,0,15703,2661.610839,3304
B,34.5,,0.19,63.8,0,19010,2658.622251,3335
B,34.5,,0.19,63.15,0,26330,2615.743373,3514
B,34.5,,0.19,62.5,0,18306,2607.59292,3279
B,34.5,,0.19,61.85,0,22748,2650.851108,3386
B,34.5,,0.19,61.2,0,18759,2621.644917,3314
B,34.5,,0.19,60.55,0,18833,2628.867626,3354
B,34.5,,0.19,59.9,1,18158,2684.96167,3378
B,34.5,,0.19,60.55,1,18372,2673.136077,3405
B,34.5,,0.19,61.2,0,22424,2681.840483,3294
B,34.5,,0.19,61.85,0,19501,2678.436542,3472
B,34.5,,0.19,62.5,0,22448,2678.951488,3254
B,34.5,,0.19,63.15,0,14383,2727.304457,3325
B,34.5,,0.19,63.8,0,20288,2723.288693,3279
B,34.5,,0.19,62.98333333,0,28584,2742.460188,3435
B,34.5,,0.19,62.16666667,0,19315,2698.368625,3495
B,34.5,,0.19,61.35,0,27152,2713.975103,3453
B,34.5,,0.19,60.53333333,0,22154,2700.573711,3280
B,34.5,,0.19,59.71666667,0,21871,2682.017009,3257
B,34.5,,0.19,58.9,0,23284,2665.196659,3294
B,34.5,,0.19,58.9,1,22453,2752.931412,3275
B,34.5,,0.19,58.9,0,16587,2701.489299,3352
B,34.5,,0.19,58.9,0,20304,2598.0592,3258
C,34.5,,0.295,60.5,1,26072,2698.46594,3349
C,34.5,,0.295,60.5,0,14154,2671.421153,3344
C,34.5,,0.295,60.67142857,0,14576,2710.840697,3371
C,34.5,,0.295,60.84285714,0,19405,2734.494409,3322
C,34.5,,0.295,61.01428571,1,25345,2737.849517,3444
C,34.5,,0.295,61.18571429,1,20815,2752.776651,3403
C,34.5,,0.295,61.35714286,1,17450,2675.752665,3412
C,34.5,,0.295,61.52857143,1,20536,2685.364044,3368
C,34.5,,0.295,61.7,0,22085,2666.302694,3569
C,34.5,,0.295,61.25,0,19763,2671.452664,3524
C,34.5,,0.295,60.8,0,20372,2687.895985,3427
C,34.5,,0.295,60.35,0,24056,2687.87446,3424
C,34.5,,0.295,59.9,0,24734,2747.420191,3394
C,34.5,,0.295,59.45,0,21725,2750.574545,3430
C,34.5,,0.295,59,0,12989,2807.213488,3423
C,34.5,,0.295,59.45,0,25416,2837.292768,3445
C,34.5,,0.295,59.9,0,18497,2789.829432,3373
C,34.5,,0.295,60.35,0,28834,2811.389228,3774
C,34.5,,0.295,60.8,0,20596,2799.379394,3707
C,34.5,,0.295,61.25,0,23931,2780.6174,3487
C,34.5,,0.295,61.7,0,18372,2749.82887,3332
C,34.5,,0.295,61.43333333,0,19636,2744.81702,3417
C,34.5,,0.295,61.16666667,0,23372,2742.493796,3368
C,34.5,,0.295,60.9,0,21841,2790.556659,3785
C,34.5,,0.295,60.63333333,0,18374,2725.596168,3471
C,34.5,,0.295,60.36666667,0,15837,2773.287933,3339
C,34.5,,0.295,60.1,1,17986,2766.429779,3416
C,34.5,,0.295,60.1,1,22594,2754.834779,3428
C,34.5,,0.295,60.1,1,22157,2746.471454,3273
C,34.5,,0.295,60.1,0,22180,2685.32092,3326
D,34.5,,0.175,57.5,1,20525,2688.058514,3322
D,34.5,,0.175,57.5,1,19245,2756.881424,3629
D,34.5,,0.175,57.68571429,0,19306,2675.347509,3472
D,34.5,,0.175,57.87142857,0,18530,2665.129412,3248
D,34.5,,0.175,58.05714286,0,20128,2686.186457,3257
D,34.5,,0.175,58.24285714,0,19140,2675.339028,3381
D,34.5,,0.175,58.42857143,0,23125,2718.861103,3258
D,34.5,,0.175,58.61428571,0,29435,2751.764804,3371
D,34.5,,0.175,58.8,0,19170,2780.975639,3413
D,34.5,,0.175,59.73333333,0,21506,2756.193202,3501
D,34.5,,0.175,60.66666667,0,14531,2796.483724,3512
D,34.5,,0.175,61.6,0,18007,2797.390071,3567
D,34.5,,0.175,62.53333333,0,22865,2762.558583,3340
D,34.5,,0.175,63.46666667,1,22795,2833.70941,3161
D,34.5,,0.175,64.4,0,20342,2826.936584,3503
D,34.5,,0.175,63.86666667,1,23156,2895.900846,3426
D,34.5,,0.175,63.33333333,0,20613,2788.673022,3512
D,34.5,,0.175,62.8,0,20577,2823.8908,3279
D,34.5,,0.175,62.26666667,0,21492,2780.189838,3430
D,34.5,,0.175,61.73333333,0,28149,2786.065118,3465
D,34.5,,0.175,61.2,0,20939,2784.415731,3316
D,34.5,,0.175,60.78333333,0,23551,2760.998599,3357
D,34.5,,0.175,60.36666667,0,21161,2751.698218,3390
D,34.5,,0.175,59.95,0,15967,2711.721676,3334
D,34.5,,0.175,59.53333333,0,21052,2687.032158,3309
D,34.5,,0.175,59.11666667,0,16854,2675.208556,3596
D,34.5,,0.175,58.7,1,23639,2702.821355,3250
D,34.5,,0.175,58.7,1,29995,2685.86291,3302
D,34.5,,0.175,58.7,0,30232,2685.325913,3358
D,34.5,,0.175,58.7,0,20229,2701.872213,3375
A,36,125,0.04,66,0,19072,2794.409186,3627
A,36,125,0.04,66,0,20725,2893.007817,3595
A,36,125,0.04,64.74285714,0,18515,2835.966568,3444
A,36,125,0.04,63.48571429,0,19552,2790.280585,3599
A,36,125,0.04,62.22857143,0,25892,2782.120153,3481
A,36,125,0.04,60.97142857,0,17584,2734.390469,3474
A,36,125,0.04,59.71428571,1,22801,2779.561949,3537
A,36,125,0.04,58.45714286,1,21093,2782.72076,3474
A,36,125,0.04,57.2,0,18555,2782.037241,3675
A,36,125,0.04,58.26666667,1,20007,2763.844554,3600
A,36,125,0.04,59.33333333,0,23997,2749.319165,3774
A,36,125,0.04,60.4,0,27853,2758.363228,3581
A,36,125,0.04,61.46666667,0,18537,2801.667476,3812
A,36,125,0.04,62.53333333,0,20719,2828.006661,3547
A,36,125,0.04,63.6,0,17420,2846.635189,3541
A,36,125,0.04,63.41666667,0,19769,2837.230765,3899
A,36,125,0.04,63.23333333,0,21055,2869.738304,3811
A,36,125,0.04,63.05,0,20033,2927.426047,3995
A,36,125,0.04,62.86666667,0,15149,2908.960789,3884
A,36,125,0.04,62.68333333,1,20662,2867.920676,3743
A,36,125,0.04,62.5,0,18632,2802.565693,3615
A,36,125,0.04,62.95,0,17265,2863.872401,3869
A,36,125,0.04,63.4,0,18128,2858.334951,3574
A,36,125,0.04,63.85,0,24031,2832.497607,3700
A,36,125,0.04,64.3,1,28316,2858.814628,3619
A,36,125,0.04,64.75,0,19551,2842.824203,3537
A,36,125,0.04,65.2,0,21036,2819.121839,3817
A,36,125,0.04,65.2,0,23673,2672.739492,3581
A,36,125,0.04,65.2,0,28402,2657.148475,3472
A,36,125,0.04,65.2,0,20131,2704.25349,3602
B,36,120,-0.065,56.6,0,19333,2685.123726,3398
B,36,120,-0.065,56.6,0,18809,2725.150141,3537
B,36,120,-0.065,58.2,0,23806,2719.339704,3372
B,36,120,-0.065,59.8,0,18539,2702.058471,3276
B,36,120,-0.065,61.4,1,22390,2661.108665,3335
B,36,120,-0.065,63,1,23920,2675.095443,3320
B,36,120,-0.065,64.6,0,17661,2658.335258,3366
B,36,120,-0.065,66.2,0,15557,2674.237771,3326
B,36,120,-0.065,67.8,1,20507,2732.414054,3404
B,36,120,-0.065,67.28333333,0,29082,2691.954027,3619
B,36,120,-0.065,66.76666667,0,21520,2716.436199,3522
B,36,120,-0.065,66.25,0,30948,2759.610056,3372
B,36,120,-0.065,65.73333333,0,22305,2755.614929,3444
B,36,120,-0.065,65.21666667,1,22506,2936.353284,3652
B,36,120,-0.065,64.7,0,19741,2917.057191,3650
B,36,120,-0.065,65.4,0,18295,2941.706805,3624
B,36,120,-0.065,66.1,0,22312,2891.258336,3538
B,36,120,-0.065,66.8,0,23913,2952.072555,3641
B,36,120,-0.065,67.5,0,22092,2898.405486,3636
B,36,120,-0.065,68.2,0,21385,2986.083376,3648
B,36,120,-0.065,68.9,0,22796,2921.754036,3794
B,36,120,-0.065,68.26666667,0,21811,2918.233689,3638
B,36,120,-0.065,67.63333333,0,20677,2878.02776,3597
B,36,120,-0.065,67,0,28065,2781.918546,3504
B,36,120,-0.065,66.36666667,1,27047,2818.573003,3480
B,36,120,-0.065,65.73333333,0,23964,2764.187072,3737
B,36,120,-0.065,65.1,0,22121,2765.158628,3536
B,36,120,-0.065,65.1,0,23032,2910.512114,3558
B,36,120,-0.065,65.1,0,16997,2844.109725,3459
B,36,120,-0.065,65.1,0,20649,2834.514117,3517
C,36,107.5,1.63,64.7,0,27147,2816.362766,3455
C,36,107.5,1.63,64.7,0,15250,2768.221246,3423
C,36,107.5,1.63,65.02857143,0,14556,2734.296922,3416
C,36,107.5,1.63,65.35714286,0,16065,2769.357174,3482
C,36,107.5,1.63,65.68571429,0,24802,2773.824893,3848
C,36,107.5,1.63,66.01428571,0,23956,2811.158499,3632
C,36,107.5,1.63,66.34285714,0,24752,2799.807935,3779
C,36,107.5,1.63,66.67142857,0,23170,2890.550108,4263
C,36,107.5,1.63,67,0,26480,2920.407213,4035
C,36,107.5,1.63,66.61666667,0,20095,2924.822195,3954
C,36,107.5,1.63,66.23333333,0,22454,2899.463214,3721
C,36,107.5,1.63,65.85,0,24825,2844.697402,3668
C,36,107.5,1.63,65.46666667,0,25895,2874.605677,3600
C,36,107.5,1.63,65.08333333,1,30717,2879.386984,3576
C,36,107.5,1.63,64.7,0,15760,2841.117957,3577
C,36,107.5,1.63,65.08333333,0,26439,2916.33999,3983
C,36,107.5,1.63,65.46666667,0,21368,2903.360492,3641
C,36,107.5,1.63,65.85,0,31300,2946.642556,3960
C,36,107.5,1.63,66.23333333,0,22495,2970.41507,3672
C,36,107.5,1.63,66.61666667,0,25892,2933.118338,3572
C,36,107.5,1.63,67,0,20774,2917.309329,3533
C,36,107.5,1.63,66.91666667,0,15927,2881.170089,3526
C,36,107.5,1.63,66.83333333,1,22931,2942.621648,3563
C,36,107.5,1.63,66.75,1,24820,2938.734367,4034
C,36,107.5,1.63,66.66666667,0,16743,2927.83408,3454
C,36,107.5,1.63,66.58333333,0,13373,2974.666118,3563
C,36,107.5,1.63,66.5,0,19506,2961.833846,3369
C,36,107.5,1.63,66.5,0,25097,2935.686457,3500
C,36,107.5,1.63,66.5,0,24262,2975.128184,3559
C,36,107.5,1.63,66.5,0,23925,2951.607064,3773
D,36,80,1.62,64.4,0,19760,2781.583957,3647
D,36,80,1.62,64.4,0,19523,2846.972135,3542
D,36,80,1.62,64.21428571,1,23874,2843.998366,3552
D,36,80,1.62,64.02857143,0,18957,2851.978319,3538
D,36,80,1.62,63.84285714,0,18872,2845.864349,3691
D,36,80,1.62,63.65714286,0,18609,2843.903756,3619
D,36,80,1.62,63.47142857,1,31261,2950.988036,3737
D,36,80,1.62,63.28571429,1,26914,2953.249647,3986
D,36,80,1.62,63.1,0,21752,2909.584958,3524
D,36,80,1.62,63.58333333,1,31588,2934.927599,4044
D,36,80,1.62,64.06666667,0,18225,2922.19786,3752
D,36,80,1.62,64.55,1,25266,2942.638012,3655
D,36,80,1.62,65.03333333,1,24474,2963.073997,3618
D,36,80,1.62,65.51666667,0,24308,2966.109264,3693
D,36,80,1.62,66,1,23286,2970.14528,3701
D,36,80,1.62,65.65,0,21090,2972.938739,3650
D,36,80,1.62,65.3,0,19876,2859.591165,3682
D,36,80,1.62,64.95,0,19360,2886.776446,3499
D,36,80,1.62,64.6,0,19766,2851.716786,4012
D,36,80,1.62,64.25,0,27105,2811.416934,3646
D,36,80,1.62,63.9,0,19867,2825.356521,3748
D,36,80,1.62,64.06666667,0,23077,2754.648568,3495
D,36,80,1.62,64.23333333,0,23111,2791.702523,3529
D,36,80,1.62,64.4,0,16177,2803.694814,3463
D,36,80,1.62,64.56666667,0,20997,2812.917703,3517
D,36,80,1.62,64.73333333,0,13164,2857.063962,3474
D,36,80,1.62,64.9,0,25392,2913.129214,3602
D,36,80,1.62,64.9,0,30969,2883.064807,3488
D,36,80,1.62,64.9,0,28589,2871.749379,3734
D,36,80,1.62,64.9,0,20508,2958.460064,3541
A,35,160,-0.035,49.7,0,20522,2753.843924,3591
A,35,160,-0.035,49.7,0,23564,2803.0014,3459
A,35,160,-0.035,49.37142857,0,24166,2824.085161,3505
A,35,160,-0.035,49.04285714,1,20741,2846.74818,3613
A,35,160,-0.035,48.71428571,1,29944,2871.149279,3544
A,35,160,-0.035,48.38571429,0,19757,2799.778155,3624
A,35,160,-0.035,48.05714286,0,24767,2822.990835,3755
A,35,160,-0.035,47.72857143,0,21947,2858.083975,3550
A,35,160,-0.035,47.4,1,20203,2811.349404,3574
A,35,160,-0.035,48.13333333,0,19871,2813.875195,3833
A,35,160,-0.035,48.86666667,1,30333,2782.705931,3656
A,35,160,-0.035,49.6,0,26595,2830.015304,3710
A,35,160,-0.035,50.33333333,0,21159,2859.470249,3641
A,35,160,-0.035,51.06666667,0,24370,2877.251252,3744
A,35,160,-0.035,51.8,0,19858,2889.796052,3977
A,35,160,-0.035,51.58333333,0,24185,2864.77453,3665
A,35,160,-0.035,51.36666667,0,18656,2843.557676,3931
A,35,160,-0.035,51.15,0,23124,2900.808986,3883
A,35,160,-0.035,50.93333333,0,15433,2910.569624,3609
A,35,160,-0.035,50.71666667,0,22234,2900.328596,3752
A,35,160,-0.035,50.5,0,24401,2901.588623,3652
A,35,160,-0.035,50.63333333,0,21270,2913.764269,3762
A,35,160,-0.035,50.76666667,0,18689,2908.482048,3760
A,35,160,-0.035,50.9,1,27896,2858.170526,3784
A,35,160,-0.035,51.03333333,0,25043,2872.852094,3780
A,35,160,-0.035,51.16666667,0,19238,2897.204803,3576
A,35,160,-0.035,51.3,0,22166,2945.526256,3832
A,35,160,-0.035,51.3,1,30505,2870.924209,3762
A,35,160,-0.035,51.3,0,31660,2962.875995,3721
A,35,160,-0.035,51.3,0,19835,2891.006604,3718
B,35,152.5,0.85,51.1,1,19390,2799.989582,3410
B,35,152.5,0.85,51.1,0,19888,2808.335026,3486
B,35,152.5,0.85,51.75714286,0,24287,2854.21073,3540
B,35,152.5,0.85,52.41428571,1,20403,2830.903004,3394
B,35,152.5,0.85,53.07142857,0,20390,2761.9872,3308
B,35,152.5,0.85,53.72857143,0,24614,2811.204071,3442
B,35,152.5,0.85,54.38571429,0,18108,2826.429313,3417
B,35,152.5,0.85,55.04285714,0,16485,2853.307734,3454
B,35,152.5,0.85,55.7,0,21893,2840.662266,3469
B,35,152.5,0.85,55,0,23491,2801.17909,3751
B,35,152.5,0.85,54.3,0,24393,2853.816095,3569
B,35,152.5,0.85,53.6,1,30405,2856.675053,3691
B,35,152.5,0.85,52.9,0,23964,2882.978092,3576
B,35,152.5,0.85,52.2,0,23586,2789.840668,3468
B,35,152.5,0.85,51.5,0,16466,2826.778938,3756
B,35,152.5,0.85,51.95,0,18190,2835.107971,3537
B,35,152.5,0.85,52.4,0,21495,2809.557572,3508
B,35,152.5,0.85,52.85,1,22322,2839.663561,3477
B,35,152.5,0.85,53.3,0,27555,2825.452295,3417
B,35,152.5,0.85,53.75,1,17945,2826.113848,3454
B,35,152.5,0.85,54.2,0,21738,2790.831953,3620
B,35,152.5,0.85,53.73333333,1,21834,2860.205322,3504
B,35,152.5,0.85,53.26666667,1,18332,2839.43154,3500
B,35,152.5,0.85,52.8,1,26254,2836.47627,3426
B,35,152.5,0.85,52.33333333,0,27621,2812.565077,3775
B,35,152.5,0.85,51.86666667,0,24417,2832.721915,3556
B,35,152.5,0.85,51.4,0,23511,2830.071881,3494
B,35,152.5,0.85,51.4,0,21036,2927.796302,3492
B,35,152.5,0.85,51.4,0,16282,2846.025243,3407
B,35,152.5,0.85,51.4,1,29089,2837.158032,3532
C,35,85,1.655,50.8,0,27663,2770.200448,3468
C,35,85,1.655,50.8,0,22040,2748.848004,3533
C,35,85,1.655,51.01428571,1,18947,2792.799599,3456
C,35,85,1.655,51.22857143,0,19712,2808.485948,3631
C,35,85,1.655,51.44285714,0,27866,3071.31856,3561
C,35,85,1.655,51.65714286,0,25339,2833.710525,3588
C,35,85,1.655,51.87142857,0,24277,2812.093381,3615
C,35,85,1.655,52.08571429,0,23253,2908.535243,4009
C,35,85,1.655,52.3,1,32389,3079.352589,4155
C,35,85,1.655,52.1,1,19355,2949.437665,3929
C,35,85,1.655,51.9,1,26890,2910.473819,3657
C,35,85,1.655,51.7,1,28064,2925.430694,3610
C,35,85,1.655,51.5,0,25254,3010.110161,3568
C,35,85,1.655,51.3,0,28673,3052.134098,3680
C,35,85,1.655,51.1,0,20789,2974.546924,3606
C,35,85,1.655,51.16666667,0,25015,2975.422307,3650
C,35,85,1.655,51.23333333,1,26689,2943.655701,3954
C,35,85,1.655,51.3,0,29616,3232.77475,3796
C,35,85,1.655,51.36666667,1,25635,3010.287068,3709
C,35,85,1.655,51.43333333,0,27137,2937.073111,3762
C,35,85,1.655,51.5,1,26223,2810.521222,3508
C,35,85,1.655,51.63333333,1,19379,2772.688735,3422
C,35,85,1.655,51.76666667,0,24279,2761.606821,3337
C,35,85,1.655,51.9,0,26044,2676.563585,3628
C,35,85,1.655,52.03333333,0,21441,2667.555245,3291
C,35,85,1.655,52.16666667,1,23917,2741.881256,3335
C,35,85,1.655,52.3,0,18901,2712.440717,3243
C,35,85,1.655,52.3,0,28070,2712.52109,3346
C,35,85,1.655,52.3,0,23763,2740.401212,3288
C,35,85,1.655,52.3,0,25638,2930.229776,3330
D,35,60,1.665,47.5,0,20831,2706.405357,3427
D,35,60,1.665,47.5,0,22592,2799.081489,3435
D,35,60,1.665,47.55714286,0,28653,2769.831571,3369
D,35,60,1.665,47.61428571,1,25439,2781.559338,3431
D,35,60,1.665,47.67142857,1,21409,2839.183708,3454
D,35,60,1.665,47.72857143,1,27032,2837.016499,3396
D,35,60,1.665,47.78571429,0,30388,3023.132388,3600
D,35,60,1.665,47.84285714,0,29644,3013.547328,3695
D,35,60,1.665,47.9,1,25573,2714.486646,3401
D,35,60,1.665,48.33333333,0,28451,2829.43183,3701
D,35,60,1.665,48.76666667,1,24698,2624.577375,3263
D,35,60,1.665,49.2,0,28151,2600.904728,3298
D,35,60,1.665,49.63333333,0,31353,2834.507543,3335
D,35,60,1.665,50.06666667,0,24016,2938.800966,3531
D,35,60,1.665,50.5,0,30664,2926.883609,3435
D,35,60,1.665,50.56666667,0,23721,2826.739809,3384
D,35,60,1.665,50.63333333,1,29742,2976.135062,3433
D,35,60,1.665,50.7,0,21258,2822.175275,3354
D,35,60,1.665,50.76666667,1,26089,3136.472843,3638
D,35,60,1.665,50.83333333,0,29487,3373.134568,3993
D,35,60,1.665,50.9,0,21191,3140.091643,3634
D,35,60,1.665,51.08333333,0,21420,3052.35719,3544
D,35,60,1.665,51.26666667,1,28237,3107.362043,3550
D,35,60,1.665,51.45,1,20945,2885.94667,3414
D,35,60,1.665,51.63333333,1,25214,2937.776196,3501
D,35,60,1.665,51.81666667,0,17834,2834.085623,3337
D,35,60,1.665,52,0,27835,3011.016239,3564
D,35,60,1.665,52,0,27997,3119.770368,3720
D,35,60,1.665,52,0,26957,3303.905405,3624
D,35,60,1.665,52,0,18449,2827.771858,3453
A,36,160,0.33,61.2,0,22609,2772.168252,3686
A,36,160,0.33,61.2,1,28304,2829.602777,3627
A,36,160,0.33,60.75714286,1,26158,2849.507837,3576
A,36,160,0.33,60.31428571,0,20342,2908.382657,3668
A,36,160,0.33,59.87142857,0,29751,2962.986622,3770
A,36,160,0.33,59.42857143,1,21192,2821.425821,3633
A,36,160,0.33,58.98571429,0,23655,2815.519298,3807
A,36,160,0.33,58.54285714,0,19926,2818.165312,3526
A,36,160,0.33,58.1,0,18863,2798.932142,3746
A,36,160,0.33,58.93333333,0,19511,2753.368613,3532
A,36,160,0.33,59.76666667,0,30205,2828.254494,3796
A,36,160,0.33,60.6,0,31444,2829.741763,3640
A,36,160,0.33,61.43333333,0,21512,2833.665814,3614
A,36,160,0.33,62.26666667,0,20691,2832.730124,3576
A,36,160,0.33,63.1,0,19663,2789.927376,3625
A,36,160,0.33,62.08333333,1,21861,2809.647043,3689
A,36,160,0.33,61.06666667,0,18000,2832.289667,3674
A,36,160,0.33,60.05,0,21414,2857.360839,3670
A,36,160,0.33,59.03333333,1,15466,2819.11522,3682
A,36,160,0.33,58.01666667,0,18398,2828.070606,3669
A,36,160,0.33,57,1,21707,2850.00926,3700
A,36,160,0.33,58.36666667,0,18708,2855.067939,3698
A,36,160,0.33,59.73333333,1,23146,2835.844768,3677
A,36,160,0.33,61.1,0,27127,2933.883253,3696
A,36,160,0.33,62.46666667,0,24982,2924.327876,3739
A,36,160,0.33,63.83333333,1,21245,2900.930619,3600
A,36,160,0.33,65.2,1,24619,2887.231,3517
A,36,160,0.33,65.2,0,29181,2863.041534,3577
A,36,160,0.33,65.2,1,37073,3106.395868,3856
A,36,160,0.33,65.2,0,24724,2899.337445,3634
B,36,155,0.09,56.7,0,18326,2899.412692,3477
B,36,155,0.09,56.7,1,21321,2914.094789,3568
B,36,155,0.09,58.22857143,0,26293,2916.02358,3412
B,36,155,0.09,59.75714286,0,19461,2913.957042,3454
B,36,155,0.09,61.28571429,0,21290,2844.107327,3509
B,36,155,0.09,62.81428571,0,20520,2854.920906,3497
B,36,155,0.09,64.34285714,1,18739,2866.161321,3601
B,36,155,0.09,65.87142857,1,17327,2919.468748,3583
B,36,155,0.09,67.4,0,20573,2873.88237,3538
B,36,155,0.09,66.73333333,1,32295,2864.086391,3879
B,36,155,0.09,66.06666667,1,21420,2848.481326,3643
B,36,155,0.09,65.4,0,30747,2888.496406,3606
B,36,155,0.09,64.73333333,1,23119,2868.198884,3651
B,36,155,0.09,64.06666667,0,21104,2846.452521,3446
B,36,155,0.09,63.4,0,19574,2814.161081,3494
B,36,155,0.09,63.31666667,0,17052,2851.964931,3432
B,36,155,0.09,63.23333333,1,21515,2893.101232,3450
B,36,155,0.09,63.15,0,22927,2866.845379,3499
B,36,155,0.09,63.06666667,1,27920,2824.362285,3451
B,36,155,0.09,62.98333333,0,18316,2966.252184,3862
B,36,155,0.09,62.9,1,25357,2964.98667,3616
B,36,155,0.09,63.16666667,0,23128,3006.348106,3692
B,36,155,0.09,63.43333333,0,21017,2972.42418,3759
B,36,155,0.09,63.7,0,34737,3004.15672,3620
B,36,155,0.09,63.96666667,0,27354,2984.740477,3564
B,36,155,0.09,64.23333333,1,23594,3035.529414,3723
B,36,155,0.09,64.5,1,24485,3041.342945,3766
B,36,155,0.09,64.5,0,21594,3078.021765,3642
B,36,155,0.09,64.5,1,18712,3051.848974,3692
B,36,155,0.09,64.5,0,24746,3069.53346,3642
C,36,120,1.935,61.3,0,27398,3557.982663,4140
C,36,120,1.935,61.3,1,22277,3010.335817,3664
C,36,120,1.935,61.31428571,0,18227,3034.025182,3721
C,36,120,1.935,61.32857143,1,21853,3046.998307,4079
C,36,120,1.935,61.34285714,0,26623,3445.808511,3944
C,36,120,1.935,61.35714286,0,21386,3125.482839,3811
C,36,120,1.935,61.37142857,0,22668,3165.011205,3817
C,36,120,1.935,61.38571429,0,21351,3282.033347,4006
C,36,120,1.935,61.4,0,32571,3782.11283,4328
C,36,120,1.935,61.68333333,0,20511,3162.809858,4354
C,36,120,1.935,61.96666667,0,26133,3399.536984,4031
C,36,120,1.935,62.25,0,29870,3525.381252,4011
C,36,120,1.935,62.53333333,1,29196,3783.125771,4139
C,36,120,1.935,62.81666667,0,30112,3792.975392,4181
C,36,120,1.935,63.1,1,17889,3098.567947,3840
C,36,120,1.935,62.43333333,0,26522,3545.680944,4013
C,36,120,1.935,61.76666667,0,25697,3303.669728,3797
C,36,120,1.935,61.1,1,34286,3607.411451,4116
C,36,120,1.935,60.43333333,0,28689,3753.46164,4130
C,36,120,1.935,59.76666667,1,33034,3720.879034,4336
C,36,120,1.935,59.1,0,26864,3084.706075,3701
C,36,120,1.935,60.06666667,0,19965,2984.119659,3706
C,36,120,1.935,61.03333333,0,25142,3506.198672,3897
C,36,120,1.935,62,0,23268,3223.690003,3824
C,36,120,1.935,62.96666667,1,23544,3154.265121,3819
C,36,120,1.935,63.93333333,0,26582,3023.852607,3642
C,36,120,1.935,64.9,0,19422,2916.99171,3506
C,36,120,1.935,64.9,0,25734,3314.786314,3710
C,36,120,1.935,64.9,0,23734,3044.239825,3546
C,36,120,1.935,64.9,1,23545,3507.288341,3990
D,36,55,1.9,61,0,22977,2965.944336,3810
D,36,55,1.9,61,0,20150,3225.872754,3866
D,36,55,1.9,60.65714286,0,26182,3357.867008,3672
D,36,55,1.9,60.31428571,0,23288,3048.591764,3701
D,36,55,1.9,59.97142857,0,20879,3238.661286,3650
D,36,55,1.9,59.62857143,0,24579,3064.205094,3651
D,36,55,1.9,59.28571429,0,29825,3438.164023,3977
D,36,55,1.9,58.94285714,0,27882,3397.850836,3986
D,36,55,1.9,58.6,0,25380,3231.868282,3700
D,36,55,1.9,59,0,29877,3401.995816,3858
D,36,55,1.9,59.4,0,20026,2925.234845,3606
D,36,55,1.9,59.8,0,26899,2982.282724,3773
D,36,55,1.9,60.2,0,27354,3279.422022,3723
D,36,55,1.9,60.6,0,24245,3364.361023,3819
D,36,55,1.9,61,0,26968,3396.399288,3760
D,36,55,1.9,61.08333333,0,22086,3292.864665,3632
D,36,55,1.9,61.16666667,0,30062,3221.698623,3654
D,36,55,1.9,61.25,1,22803,3085.358374,3698
D,36,55,1.9,61.33333333,0,25441,3419.711253,3855
D,36,55,1.9,61.41666667,0,30267,3112.200152,3753
D,36,55,1.9,61.5,0,21698,3286.974652,3788
D,36,55,1.9,61.4,0,23296,3161.248369,3561
D,36,55,1.9,61.3,0,29674,3210.951405,3688
D,36,55,1.9,61.2,0,23853,2618.607052,3241
D,36,55,1.9,61.1,0,26617,3015.978623,3509
D,36,55,1.9,61,0,19895,2537.001407,3133
D,36,55,1.9,60.9,0,27092,2914.087554,3327
D,36,55,1.9,60.9,0,31425,2826.885473,3349
D,36,55,1.9,60.9,0,29028,2768.34322,3491
D,36,55,1.9,60.9,1,25130,2734.178273,3296
A,36,,,52.9,1,24848,2662.382164,3314
A,36,,,52.9,0,28360,2709.153385,3368
A,36,,,52.57142857,0,27108,2715.586506,3454
A,36,,,52.24285714,0,22284,2795.071441,3471
A,36,,,51.91428571,0,27817,2763.18956,3369
A,36,,,51.58571429,0,21760,2770.086029,3488
A,36,,,51.25714286,0,25107,2806.625443,3547
A,36,,,50.92857143,0,24657,2784.093969,3474
A,36,,,50.6,0,21400,2774.581822,3565
A,36,,,50.35,0,25552,2784.692822,3490
A,36,,,50.1,0,33329,2882.714813,3559
A,36,,,49.85,1,35763,3166.183262,3622
A,36,,,49.6,1,22890,2810.058628,3538
A,36,,,49.35,0,21044,2785.842188,3664
A,36,,,49.1,1,17892,2847.069416,3614
A,36,,,49.16666667,0,22279,2842.923875,3599
A,36,,,49.23333333,1,21109,2882.265242,3851
A,36,,,49.3,1,22991,2977.186812,3812
A,36,,,49.36666667,0,17063,2883.267186,3642
A,36,,,49.43333333,0,18227,2867.021177,3616
A,36,,,49.5,0,22265,2929.890636,3664
A,36,,,50.26666667,1,21434,2871.381123,3640
A,36,,,51.03333333,0,20950,2825.345442,3669
A,36,,,51.8,0,26251,3049.13729,3647
A,36,,,52.56666667,0,22776,2852.319635,3660
A,36,,,53.33333333,0,19588,2809.835614,3450
A,36,,,54.1,0,24507,2883.513772,3642
A,36,,,54.1,0,26626,2882.653497,3520
A,36,,,54.1,0,32360,2890.86542,3572
A,36,,,54.1,1,26447,2865.474874,3596
B,36,,,49.4,0,21247,2798.713842,3285
B,36,,,49.4,0,20421,2788.088096,3298
B,36,,,50.64285714,1,27419,2790.164266,3241
B,36,,,51.88571429,0,18153,2777.038892,3445
B,36,,,53.12857143,0,23498,2777.218614,3321
B,36,,,54.37142857,0,25348,2810.580993,3248
B,36,,,55.61428571,0,20996,2793.386026,3506
B,36,,,56.85714286,0,16809,2830.724909,3563
B,36,,,58.1,0,20962,2826.712718,3422
B,36,,,56.75,0,33120,3105.159632,3372
B,36,,,55.4,0,21981,3028.117329,3492
B,36,,,54.05,0,26052,3283.620835,3476
B,36,,,52.7,0,25279,3040.203964,3372
B,36,,,51.35,0,21624,2801.914493,3394
B,36,,,50,1,23374,2777.86331,3380
B,36,,,50.31666667,1,20579,2821.517907,3428
B,36,,,50.63333333,0,23996,3148.577805,3456
B,36,,,50.95,0,28581,2982.735559,3446
B,36,,,51.26666667,0,31081,3055.366333,3500
B,36,,,51.58333333,0,17622,2811.592271,3416
B,36,,,51.9,0,25517,2855.70698,3330
B,36,,,50.5,0,24175,3201.94606,3462
B,36,,,49.1,0,19871,2911.481757,3391
B,36,,,47.7,0,33029,3119.529383,3436
B,36,,,46.3,0,22825,3000.910055,3518
B,36,,,44.9,0,22075,3241.000589,3665
B,36,,,43.5,0,32261,3205.549456,3631
B,36,,,43.5,1,29483,3038.447682,3738
B,36,,,43.5,0,19686,2950.495631,3642
B,36,,,43.5,0,25352,3014.20523,3616
C,36,,,52,0,30119,3214.472127,3762
C,36,,,52,0,22108,3005.589244,3560
C,36,,,51.85714286,0,18156,3300.776327,3646
C,36,,,51.71428571,0,22976,3109.004831,3584
C,36,,,51.57142857,0,29534,3390.716835,3890
C,36,,,51.42857143,1,24535,3327.616711,3701
C,36,,,51.28571429,0,23818,3411.228903,3710
C,36,,,51.14285714,1,25241,3468.01351,3983
C,36,,,51,0,30541,3388.58983,3789
C,36,,,51.83333333,0,19943,3218.723011,3960
C,36,,,52.66666667,0,25222,3316.611252,3675
C,36,,,53.5,0,27672,3369.628397,3700
C,36,,,54.33333333,0,28766,3368.951331,3739
C,36,,,55.16666667,0,26677,3260.879409,3666
C,36,,,56,0,15933,2962.616017,3563
C,36,,,55.11666667,1,33990,3326.806649,3701
C,36,,,54.23333333,0,25086,3321.864546,3610
C,36,,,53.35,0,33921,3388.319448,3810
C,36,,,52.46666667,0,27372,3324.566784,3970
C,36,,,51.58333333,0,30882,3311.91134,3746
C,36,,,50.7,0,27545,3292.72652,4021
C,36,,,50.93333333,0,19892,3130.516539,3546
C,36,,,51.16666667,0,24663,3167.167822,3542
C,36,,,51.4,0,21457,3167.978469,3848
C,36,,,51.63333333,0,23265,3159.096583,3408
C,36,,,51.86666667,0,22290,3195.16236,3632
C,36,,,52.1,1,17416,2880.25023,3488
C,36,,,52.1,1,27590,3129.849511,3673
C,36,,,52.1,1,27347,3177.310893,3672
C,36,,,52.1,0,23000,3254.077696,3578
D,36,,,50.7,0,21799,3315.414652,3764
D,36,,,50.7,0,19165,3355.800574,3729
D,36,,,50.4,0,23713,3477.402058,3701
D,36,,,50.1,0,21579,3448.009083,3766
D,36,,,49.8,0,21541,3393.303514,3673
D,36,,,49.5,0,23062,3401.002688,3780
D,36,,,49.2,0,26507,3407.961557,3812
D,36,,,48.9,0,28849,3441.07151,3949
D,36,,,48.6,0,25195,3388.883985,3775
D,36,,,48.78333333,0,27952,3344.583751,3782
D,36,,,48.96666667,0,18454,3400.26352,3832
D,36,,,49.15,0,18522,3356.771245,3917
D,36,,,49.33333333,0,25863,3400.352125,3778
D,36,,,49.51666667,0,22977,3367.936545,3852
D,36,,,49.7,0,25336,3392.843543,3715
D,36,,,49.55,0,21431,3423.450002,3823
D,36,,,49.4,0,28476,3450.836108,3824
D,36,,,49.25,0,21440,3490.1375,3779
D,36,,,49.1,0,24932,3479.091328,3785
D,36,,,48.95,0,29576,3520.106641,3986
D,36,,,48.8,1,22632,3497.657476,3762
D,36,,,49.1,1,28308,3369.278296,3847
D,36,,,49.4,0,27091,3343.6143,3796
D,36,,,49.7,0,20257,3338.7821,3625
D,36,,,50,0,24169,3373.04183,3684
D,36,,,50.3,1,18382,3188.689696,3487
D,36,,,50.6,0,24846,3338.50817,3756
D,36,,,50.6,0,25783,3358.231936,3596
D,36,,,50.6,1,30267,3348.229028,3688
D,36,,,50.6,0,23467,3311.575958,3675
A,35,165,0.18,64.3,0,26646,2719.79967,3369
A,35,165,0.18,64.3,0,29280,2734.588183,3252
A,35,165,0.18,63.67142857,0,26734,2777.333658,3270
A,35,165,0.18,63.04285714,0,22361,2789.974286,3378
A,35,165,0.18,62.41428571,0,31074,2803.713233,3266
A,35,165,0.18,61.78571429,0,21927,2777.077667,3356
A,35,165,0.18,61.15714286,1,29650,2776.548634,3353
A,35,165,0.18,60.52857143,1,28197,2755.326099,3335
A,35,165,0.18,59.9,0,24571,2789.68882,3358
A,35,165,0.18,59.63333333,1,25143,2782.294317,3548
A,35,165,0.18,59.36666667,0,28646,2762.399672,3399
A,35,165,0.18,59.1,0,34387,2769.089074,3369
A,35,165,0.18,58.83333333,0,25028,2739.619666,3298
A,35,165,0.18,58.56666667,1,20350,2788.4143,3375
A,35,165,0.18,58.3,0,18853,2782.961598,3430
A,35,165,0.18,58.7,0,24589,2794.906625,3527
A,35,165,0.18,59.1,0,22149,2816.954851,3504
A,35,165,0.18,59.5,0,24868,2871.153249,3500
A,35,165,0.18,59.9,0,14482,2836.699351,3487
A,35,165,0.18,60.3,1,27967,2784.101727,3464
A,35,165,0.18,60.7,0,23109,2786.334675,3554
A,35,165,0.18,61.31666667,0,22411,2804.602606,3476
A,35,165,0.18,61.93333333,0,23041,2803.336791,3522
A,35,165,0.18,62.55,0,28151,2816.365102,3440
A,35,165,0.18,63.16666667,1,23305,2824.280755,3518
A,35,165,0.18,63.78333333,0,20618,2777.028082,3313
A,35,165,0.18,64.4,0,25961,2780.040214,3390
A,35,165,0.18,64.4,0,26896,2737.667943,3300
A,35,165,0.18,64.4,0,34467,2780.581977,3335
A,35,165,0.18,64.4,0,27124,2782.310721,3362
B,35,120,1.46,59.7,0,20049,2775.896204,3166
B,35,120,1.46,59.7,0,22012,2806.120162,3181
B,35,120,1.46,59.18571429,0,32437,2792.001264,3241
B,35,120,1.46,58.67142857,0,22376,2810.945567,3204
B,35,120,1.46,58.15714286,1,19294,2782.200736,3235
B,35,120,1.46,57.64285714,1,31393,2754.912911,3172
B,35,120,1.46,57.12857143,0,22031,2750.558758,3477
B,35,120,1.46,56.61428571,0,18534,2769.07408,3316
B,35,120,1.46,56.1,1,34798,2783.864791,3380
B,35,120,1.46,56.68333333,0,35638,2787.908132,3471
B,35,120,1.46,57.26666667,0,22681,2777.380142,3272
B,35,120,1.46,57.85,0,29744,2835.397088,3258
B,35,120,1.46,58.43333333,0,27864,2801.631819,3364
B,35,120,1.46,59.01666667,1,19162,2799.808684,3194
B,35,120,1.46,59.6,0,25239,2769.427473,3249
B,35,120,1.46,59.8,0,26403,2793.683937,3409
B,35,120,1.46,60,0,21914,2815.803368,3241
B,35,120,1.46,60.2,0,26608,2807.80472,3427
B,35,120,1.46,60.4,0,32228,2809.0772,3243
B,35,120,1.46,60.6,0,21132,2812.649631,3290
B,35,120,1.46,60.8,0,27694,2810.362172,3231
B,35,120,1.46,60.1,0,22097,2992.171064,3473
B,35,120,1.46,59.4,0,21013,2973.098796,3524
B,35,120,1.46,58.7,0,37309,2981.643732,3458
B,35,120,1.46,58,1,28608,3003.804286,3608
B,35,120,1.46,57.3,0,22454,2991.461343,3441
B,35,120,1.46,56.6,0,33741,2963.751963,3448
B,35,120,1.46,56.6,0,31959,3003.956475,3463
B,35,120,1.46,56.6,0,18151,2959.237783,3450
B,35,120,1.46,56.6,0,27878,2965.242629,3492
C,35,85,1.56,62.3,1,32221,3059.220695,3467
C,35,85,1.56,62.3,0,22946,2929.53944,3394
C,35,85,1.56,62.27142857,0,18439,2927.946364,3440
C,35,85,1.56,62.24285714,0,24350,2906.557823,3426
C,35,85,1.56,62.21428571,1,25470,2952.736945,3448
C,35,85,1.56,62.18571429,0,29112,2955.603394,3444
C,35,85,1.56,62.15714286,1,31290,2944.412336,3509
C,35,85,1.56,62.12857143,0,30271,3094.326914,3632
C,35,85,1.56,62.1,0,29965,3075.346237,3527
C,35,85,1.56,62.83333333,0,21795,2954.805965,3661
C,35,85,1.56,63.56666667,0,25777,2936.408892,3490
C,35,85,1.56,64.3,0,28967,2896.822246,3400
C,35,85,1.56,65.03333333,0,25031,2907.54057,3448
C,35,85,1.56,65.76666667,0,28779,2949.428959,3430
C,35,85,1.56,66.5,0,17467,2834.853724,3400
C,35,85,1.56,65.56666667,0,39740,2868.774711,3410
C,35,85,1.56,64.63333333,0,26709,2851.616122,3427
C,35,85,1.56,63.7,0,30227,2996.815661,3462
C,35,85,1.56,62.76666667,0,27812,2933.844384,3428
C,35,85,1.56,61.83333333,0,34136,2895.818344,3418
C,35,85,1.56,60.9,0,28802,2882.24967,3312
C,35,85,1.56,61.25,0,22663,2838.632794,3208
C,35,85,1.56,61.6,0,23975,2878.663399,3245
C,35,85,1.56,61.95,1,31073,2841.401088,3183
C,35,85,1.56,62.3,0,22818,2837.810807,3258
C,35,85,1.56,62.65,0,23678,2829.940662,3217
C,35,85,1.56,63,0,20645,2768.201502,3117
C,35,85,1.56,63,0,34938,2794.951915,3158
C,35,85,1.56,63,0,32392,2857.832613,3183
C,35,85,1.56,63,0,21305,2829.599906,3147
D,35,57.5,1.675,53.2,1,21469,2942.883227,3392
D,35,57.5,1.675,53.2,1,20610,2986.154973,3441
D,35,57.5,1.675,54.15714286,0,21654,3037.190819,3369
D,35,57.5,1.675,55.11428571,0,21117,2952.034996,3403
D,35,57.5,1.675,56.07142857,0,24394,2955.558826,3345
D,35,57.5,1.675,57.02857143,0,26143,2963.268523,3399
D,35,57.5,1.675,57.98571429,0,27604,3041.035176,3408
D,35,57.5,1.675,58.94285714,0,25916,3118.498611,3520
D,35,57.5,1.675,59.9,0,25069,2970.8767,3364
D,35,57.5,1.675,59.78333333,0,27439,3057.075877,3442
D,35,57.5,1.675,59.66666667,0,21856,2937.742908,3371
D,35,57.5,1.675,59.55,1,22497,2947.711206,3371
D,35,57.5,1.675,59.43333333,0,24362,3104.901034,3455
D,35,57.5,1.675,59.31666667,1,27419,3131.535322,3372
D,35,57.5,1.675,59.2,0,23846,3059.57733,3367
D,35,57.5,1.675,58.1,1,28301,3149.648493,3430
D,35,57.5,1.675,57,0,28043,3127.742859,3396
D,35,57.5,1.675,55.9,0,23294,3060.237314,3440
D,35,57.5,1.675,54.8,0,26973,3126.540466,3355
D,35,57.5,1.675,53.7,1,35381,3103.642463,3505
D,35,57.5,1.675,52.6,0,21177,3132.766067,3381
D,35,57.5,1.675,53.81666667,0,29728,3116.762345,3409
D,35,57.5,1.675,55.03333333,0,29723,3083.946338,3400
D,35,57.5,1.675,56.25,0,21612,2961.944013,3307
D,35,57.5,1.675,57.46666667,0,22437,3053.757142,3408
D,35,57.5,1.675,58.68333333,0,19612,3025.846166,3341
D,35,57.5,1.675,59.9,0,22663,3046.76305,3358
D,35,57.5,1.675,59.9,1,27750,3065.681369,3295
D,35,57.5,1.675,59.9,0,34714,3046.67382,3288
D,35,57.5,1.675,59.9,0,23592,2991.347915,3240
A,35,200,0.045,55.3,0,18759,2681.753985,3610
A,35,200,0.045,55.3,1,23857,2939.462212,3526
A,35,200,0.045,55.62857143,1,24067,2826.4539,3437
A,35,200,0.045,55.95714286,1,22949,2964.727918,3654
A,35,200,0.045,56.28571429,1,27900,2870.051362,3455
A,35,200,0.045,56.61428571,1,25126,3001.540675,3506
A,35,200,0.045,56.94285714,0,27616,2813.581221,3495
A,35,200,0.045,57.27142857,0,27022,2786.742654,3462
A,35,200,0.045,57.6,1,26991,2895.755733,3512
A,35,200,0.045,58.35,0,23308,2807.781406,3533
A,35,200,0.045,59.1,1,17975,3144.975132,3574
A,35,200,0.045,59.85,0,26657,3137.893686,3535
A,35,200,0.045,60.6,0,29888,2877.826552,3759
A,35,200,0.045,61.35,0,19921,2844.080669,3567
A,35,200,0.045,62.1,0,21453,2849.293339,3613
A,35,200,0.045,60.31666667,1,22329,3011.861391,3732
A,35,200,0.045,58.53333333,0,23893,2726.440547,3535
A,35,200,0.045,56.75,0,23207,2904.038954,3654
A,35,200,0.045,54.96666667,1,24401,2738.344863,3514
A,35,200,0.045,53.18333333,0,27795,2867.062097,3504
A,35,200,0.045,51.4,1,22447,3070.558738,3631
A,35,200,0.045,52.36666667,0,23098,2872.599922,3596
A,35,200,0.045,53.33333333,1,19838,3002.475955,3638
A,35,200,0.045,54.3,1,20198,3228.673334,3529
A,35,200,0.045,55.26666667,0,20696,3036.265607,3661
A,35,200,0.045,56.23333333,1,24221,2892.37773,3529
A,35,200,0.045,57.2,1,19340,3184.759255,3641
A,35,200,0.045,57.2,1,29830,3125.299061,3501
A,35,200,0.045,57.2,1,33535,3194.665901,3561
A,35,200,0.045,57.2,0,29890,2983.844496,3482
B,35,142.5,1.625,63.9,1,28636,2921.563731,3499
B,35,142.5,1.625,63.9,0,23058,2823.464698,3344
B,35,142.5,1.625,62.8,0,25571,2827.249071,3354
B,35,142.5,1.625,61.7,0,23394,2837.747371,3380
B,35,142.5,1.625,60.6,0,17335,3143.198385,3424
B,35,142.5,1.625,59.5,0,23448,2996.042562,3334
B,35,142.5,1.625,58.4,1,22901,2834.176761,3684
B,35,142.5,1.625,57.3,1,27741,2917.455319,3399
B,35,142.5,1.625,56.2,0,29627,3106.003645,3647
B,35,142.5,1.625,57.36666667,0,33027,3231.550792,3463
B,35,142.5,1.625,58.53333333,1,24858,3160.339891,3707
B,35,142.5,1.625,59.7,1,25957,3207.367338,3641
B,35,142.5,1.625,60.86666667,1,23817,3188.947055,3622
B,35,142.5,1.625,62.03333333,0,19357,3101.825903,3488
B,35,142.5,1.625,63.2,0,20581,2813.442107,3503
B,35,142.5,1.625,61.7,0,20131,2784.556157,3463
B,35,142.5,1.625,60.2,1,23962,3153.01156,3523
B,35,142.5,1.625,58.7,1,21700,3192.552258,3477
B,35,142.5,1.625,57.2,1,30147,3139.789332,3453
B,35,142.5,1.625,55.7,0,18317,2778.179178,3390
B,35,142.5,1.625,54.2,1,26532,2919.753769,3486
B,35,142.5,1.625,54.63333333,1,22127,3243.41307,3615
B,35,142.5,1.625,55.06666667,1,24903,3096.475565,3637
B,35,142.5,1.625,55.5,1,31921,3131.92118,3508
B,35,142.5,1.625,55.93333333,0,24052,3188.66456,3683
B,35,142.5,1.625,56.36666667,0,22998,3064.833464,3459
B,35,142.5,1.625,56.8,0,27479,3076.195313,3509
B,35,142.5,1.625,56.8,0,25681,3367.274911,3710
B,35,142.5,1.625,56.8,1,22327,3007.574103,3718
B,35,142.5,1.625,56.8,1,30264,3329.882765,3689
C,35,90,1.65,50.9,0,23726,3315.370985,3970
C,35,90,1.65,50.9,1,20492,3395.853065,4011
C,35,90,1.65,50.82857143,1,25757,3514.883216,3928
C,35,90,1.65,50.75714286,1,25940,3357.523169,3884
C,35,90,1.65,50.68571429,0,20488,3742.027675,4155
C,35,90,1.65,50.61428571,0,23146,3582.109609,4116
C,35,90,1.65,50.54285714,0,27249,3579.712907,3920
C,35,90,1.65,50.47142857,0,29105,3397.342965,4200
C,35,90,1.65,50.4,1,26977,3492.611224,4031
C,35,90,1.65,50.58333333,1,29630,3434.649443,4052
C,35,90,1.65,50.76666667,1,28459,3407.59345,3888
C,35,90,1.65,50.95,1,30441,3567.028317,3934
C,35,90,1.65,51.13333333,0,28780,3603.126303,3972
C,35,90,1.65,51.31666667,0,24885,3231.21302,3860
C,35,90,1.65,51.5,1,21016,3201.514608,3893
C,35,90,1.65,51.28333333,0,29707,3490.569495,3971
C,35,90,1.65,51.06666667,1,25773,3393.637838,3814
C,35,90,1.65,50.85,0,27169,3256.077073,4011
C,35,90,1.65,50.63333333,0,19974,3110.547562,3768
C,35,90,1.65,50.41666667,0,28230,3439.894439,3902
C,35,90,1.65,50.2,1,32108,3265.946057,4021
C,35,90,1.65,51.91666667,0,25982,3312.729697,3811
C,35,90,1.65,53.63333333,0,24356,3446.74922,4016
C,35,90,1.65,55.35,0,29732,3395.296448,3915
C,35,90,1.65,57.06666667,0,21554,3277.80695,3619
C,35,90,1.65,58.78333333,1,23511,3247.276849,3706
C,35,90,1.65,60.5,0,18896,3048.488146,3656
C,35,90,1.65,60.5,0,29749,3269.303405,3787
C,35,90,1.65,60.5,0,27758,3357.113121,3711
C,35,90,1.65,60.5,0,21096,3169.517823,3468
D,35,57.5,1.675,52.5,0,17087,3300.453561,3797
D,35,57.5,1.675,52.5,0,19686,3313.983745,3866
D,35,57.5,1.675,53.2,1,18239,3356.314546,3682
D,35,57.5,1.675,53.9,1,20614,3374.748084,3929
D,35,57.5,1.675,54.6,0,20561,3322.777102,3720
D,35,57.5,1.675,55.3,0,18151,3295.629662,3853
D,35,57.5,1.675,56,1,25151,3355.141545,4062
D,35,57.5,1.675,56.7,0,20991,3340.573055,3981
D,35,57.5,1.675,57.4,1,19876,3361.482441,4121
D,35,57.5,1.675,56.21666667,1,24408,3351.813913,4134
D,35,57.5,1.675,55.03333333,1,22973,3401.395769,4120
D,35,57.5,1.675,53.85,0,25804,3385.779337,4076
D,35,57.5,1.675,52.66666667,1,23029,3409.457467,3823
D,35,57.5,1.675,51.48333333,0,25734,3378.97921,3990
D,35,57.5,1.675,50.3,1,20358,3409.476275,3785
D,35,57.5,1.675,50.71666667,0,26846,3397.986404,4085
D,35,57.5,1.675,51.13333333,0,25918,3335.986959,3929
D,35,57.5,1.675,51.55,0,23515,3305.788858,3753
D,35,57.5,1.675,51.96666667,0,21821,3347.327529,3885
D,35,57.5,1.675,52.38333333,0,32541,3440.721889,4139
D,35,57.5,1.675,52.8,0,20496,3378.221409,3892
D,35,57.5,1.675,52.51666667,0,26964,3304.73472,3908
D,35,57.5,1.675,52.23333333,0,25886,3323.302866,3871
D,35,57.5,1.675,51.95,1,22946,3208.746143,3670
D,35,57.5,1.675,51.66666667,0,21988,3203.238994,3651
D,35,57.5,1.675,51.38333333,0,19626,3267.543718,3792
D,35,57.5,1.675,51.1,1,23092,3223.742205,3929
D,35,57.5,1.675,51.1,0,31940,3319.153757,3847
D,35,57.5,1.675,51.1,0,33845,3328.634717,3738
D,35,57.5,1.675,51.1,0,25132,3197.815176,3812
A,36,217.5,0.03,59,1,32054,2660.024708,3320
A,36,217.5,0.03,59,0,30338,2651.903553,3477
A,36,217.5,0.03,59.15714286,0,33798,2673.211166,3417
A,36,217.5,0.03,59.31428571,0,26293,2678.809531,3443
A,36,217.5,0.03,59.47142857,0,26299,2714.397163,3419
A,36,217.5,0.03,59.62857143,0,25743,2720.811483,3384
A,36,217.5,0.03,59.78571429,0,29293,2758.391664,3406
A,36,217.5,0.03,59.94285714,0,25537,2809.494263,3401
A,36,217.5,0.03,60.1,0,23051,2808.31157,3461
A,36,217.5,0.03,59.43333333,0,19430,2854.666392,3535
A,36,217.5,0.03,58.76666667,0,22760,2838.519288,3416
A,36,217.5,0.03,58.1,1,33071,2770.489523,3526
A,36,217.5,0.03,57.43333333,1,24178,2800.451857,3432
A,36,217.5,0.03,56.76666667,0,23309,2736.308507,3473
A,36,217.5,0.03,56.1,1,26751,2732.645658,3476
A,36,217.5,0.03,55.66666667,0,25252,2636.983249,3458
A,36,217.5,0.03,55.23333333,1,28758,2691.867272,3524
A,36,217.5,0.03,54.8,0,27587,2681.550295,3508
A,36,217.5,0.03,54.36666667,0,20525,2628.289452,3422
A,36,217.5,0.03,53.93333333,0,24701,2625.673819,3504
A,36,217.5,0.03,53.5,0,23794,2716.990796,3546
A,36,217.5,0.03,54.45,1,27871,2722.144344,3549
A,36,217.5,0.03,55.4,0,22422,2707.622647,3506
A,36,217.5,0.03,56.35,0,24273,2675.997363,3482
A,36,217.5,0.03,57.3,0,23703,2774.463697,3564
A,36,217.5,0.03,58.25,0,22222,2734.547115,3439
A,36,217.5,0.03,59.2,0,23138,2787.906906,3524
A,36,217.5,0.03,59.2,0,28355,2753.868877,3446
A,36,217.5,0.03,59.2,0,31918,2894.698195,3532
A,36,217.5,0.03,59.2,1,30433,2829.475306,3387
B,36,152.5,1.7,61.4,0,31571,3065.000317,3384
B,36,152.5,1.7,61.4,1,23439,2813.034387,3448
B,36,152.5,1.7,61.12857143,1,28387,3064.603903,3279
B,36,152.5,1.7,60.85714286,0,21593,2813.663039,3317
B,36,152.5,1.7,60.58571429,0,21621,2974.908931,3305
B,36,152.5,1.7,60.31428571,0,24219,3080.325819,3328
B,36,152.5,1.7,60.04285714,0,24481,3139.957722,3426
B,36,152.5,1.7,59.77142857,0,26292,3139.338278,3417
B,36,152.5,1.7,59.5,0,26258,3081.780638,3323
B,36,152.5,1.7,58.05,1,30919,3081.530515,3337
B,36,152.5,1.7,56.6,0,28905,3119.833178,3418
B,36,152.5,1.7,55.15,0,29127,3068.220929,3442
B,36,152.5,1.7,53.7,0,26450,3084.044272,3596
B,36,152.5,1.7,52.25,0,21638,2976.290415,3440
B,36,152.5,1.7,50.8,1,25052,3110.641106,3504
B,36,152.5,1.7,51.18333333,1,21857,2899.046301,3304
B,36,152.5,1.7,51.56666667,0,31239,3057.089343,3528
B,36,152.5,1.7,51.95,0,23852,3034.353891,3535
B,36,152.5,1.7,52.33333333,0,28098,3053.656488,3430
B,36,152.5,1.7,52.71666667,0,16204,2884.213281,3382
B,36,152.5,1.7,53.1,0,28837,3161.642369,3442
B,36,152.5,1.7,52.73333333,0,30158,3070.983487,3632
B,36,152.5,1.7,52.36666667,0,25491,3099.524499,3517
B,36,152.5,1.7,52,0,34439,3149.443509,3476
B,36,152.5,1.7,51.63333333,0,23847,3034.308257,3551
B,36,152.5,1.7,51.26666667,1,24338,3154.075232,3464
B,36,152.5,1.7,50.9,1,30986,3213.211192,3478
B,36,152.5,1.7,50.9,0,25247,3094.928031,3417
B,36,152.5,1.7,50.9,0,20865,3081.673472,3505
B,36,152.5,1.7,50.9,0,29911,3194.2697,3442
C,36,92.5,1.655,50.5,0,24713,3430.433335,3803
C,36,92.5,1.655,50.5,0,23226,3294.063636,3983
C,36,92.5,1.655,50.48571429,0,25382,3192.865771,3537
C,36,92.5,1.655,50.47142857,0,26875,3287.607888,3743
C,36,92.5,1.655,50.45714286,0,24241,3109.776783,3793
C,36,92.5,1.655,50.44285714,0,22429,3204.986491,3821
C,36,92.5,1.655,50.42857143,0,24377,3191.98876,3869
C,36,92.5,1.655,50.41428571,0,25660,3507.754871,4072
C,36,92.5,1.655,50.4,0,28094,3491.292696,4158
C,36,92.5,1.655,51.28333333,0,25405,3083.808463,3989
C,36,92.5,1.655,52.16666667,0,25981,3159.227243,3993
C,36,92.5,1.655,53.05,0,27135,3105.653989,3578
C,36,92.5,1.655,53.93333333,1,28599,3113.22312,3727
C,36,92.5,1.655,54.81666667,0,27565,3349.186541,3741
C,36,92.5,1.655,55.7,0,17733,3079.453166,3569
C,36,92.5,1.655,54.85,0,27500,3042.442036,3785
C,36,92.5,1.655,54,0,23936,3119.468625,3536
C,36,92.5,1.655,53.15,0,29056,3428.162032,3800
C,36,92.5,1.655,52.3,1,25988,3579.598738,4200
C,36,92.5,1.655,51.45,1,26671,3342.466987,3933
C,36,92.5,1.655,50.6,0,30512,3399.671277,3811
C,36,92.5,1.655,51.18333333,0,25138,3383.59416,3884
C,36,92.5,1.655,51.76666667,0,26114,3281.402428,3986
C,36,92.5,1.655,52.35,0,25817,3230.020762,4000
C,36,92.5,1.655,52.93333333,1,27282,3279.658053,3842
C,36,92.5,1.655,53.51666667,0,22714,3165.451308,3733
C,36,92.5,1.655,54.1,1,18893,3164.391468,3490
C,36,92.5,1.655,54.1,0,26093,3145.337025,3496
C,36,92.5,1.655,54.1,0,25259,3096.762778,3629
C,36,92.5,1.655,54.1,1,25838,3327.207446,3673
D,36,65,1.666,56.3,0,19642,3212.610019,3700
D,36,65,1.666,56.3,0,18858,3231.24658,3668
D,36,65,1.666,55.17142857,0,20066,3312.607944,3631
D,36,65,1.666,54.04285714,0,19890,3266.257868,3716
D,36,65,1.666,52.91428571,1,19723,3301.559753,3541
D,36,65,1.666,51.78571429,1,23247,3258.019529,3613
D,36,65,1.666,50.65714286,0,29150,3331.715437,3861
D,36,65,1.666,49.52857143,1,24820,3384.652941,3881
D,36,65,1.666,48.4,0,23533,3353.55488,3780
D,36,65,1.666,48.75,0,27347,3364.81285,3867
D,36,65,1.666,49.1,0,21024,3361.973554,3738
D,36,65,1.666,49.45,0,23135,3392.561876,3865
D,36,65,1.666,49.8,0,26588,3466.62893,3898
D,36,65,1.666,50.15,0,29576,3501.286989,3839
D,36,65,1.666,50.5,0,25246,3540.876654,3825
D,36,65,1.666,50.8,0,26521,3500.491384,3921
D,36,65,1.666,51.1,0,26032,3496.789106,3824
D,36,65,1.666,51.4,0,19266,3496.89837,3853
D,36,65,1.666,51.7,0,25700,3607.156965,3960
D,36,65,1.666,52,0,32795,3598.248849,4144
D,36,65,1.666,52.3,0,24193,3620.24846,4000
D,36,65,1.666,52.08333333,0,26772,3568.223069,3888
D,36,65,1.666,51.86666667,0,24481,3574.172828,3966
D,36,65,1.666,51.65,0,21925,3500.325929,3870
D,36,65,1.666,51.43333333,0,22272,3544.123114,3942
D,36,65,1.666,51.21666667,0,17966,3389.635589,4030
D,36,65,1.666,51,0,22957,3472.547328,3986
D,36,65,1.666,51,0,29849,3557.720862,3869
D,36,65,1.666,51,0,34541,3495.276512,3853
D,36,65,1.666,51,0,24216,3457.541543,3830
A,36,207.5,0.04,57.4,0,30515,2909.435294,3586
A,36,207.5,0.04,57.4,0,26821,3221.831028,3930
A,36,207.5,0.04,57.61428571,0,29284,2961.990165,3878
A,36,207.5,0.04,57.82857143,0,29972,3037.825204,3789
A,36,207.5,0.04,58.04285714,0,25387,3144.117422,3500
A,36,207.5,0.04,58.25714286,0,27706,3045.98383,3645
A,36,207.5,0.04,58.47142857,1,36133,3009.031855,3971
A,36,207.5,0.04,58.68571429,1,32672,3062.176359,3689
A,36,207.5,0.04,58.9,0,24154,3043.999586,3746
A,36,207.5,0.04,58.35,1,22500,3088.722889,3565
A,36,207.5,0.04,57.8,0,23522,3090.622013,3590
A,36,207.5,0.04,57.25,0,30354,3335.046979,3921
A,36,207.5,0.04,56.7,0,22306,3159.715816,3730
A,36,207.5,0.04,56.15,1,30854,3034.264666,3729
A,36,207.5,0.04,55.6,0,29100,3054.170584,3765
A,36,207.5,0.04,55.31666667,0,24095,3160.480681,3935
A,36,207.5,0.04,55.03333333,0,32624,3083.773756,3802
A,36,207.5,0.04,54.75,1,36776,3256.674434,3896
A,36,207.5,0.04,54.46666667,0,21921,2918.303088,3627
A,36,207.5,0.04,54.18333333,1,28303,3141.924566,3701
A,36,207.5,0.04,53.9,0,23877,3088.674122,3657
A,36,207.5,0.04,54.83333333,0,32024,3089.44042,3654
A,36,207.5,0.04,55.76666667,0,20627,3242.547971,3656
A,36,207.5,0.04,56.7,0,22834,3300.70049,4006
A,36,207.5,0.04,57.63333333,1,25498,3223.843007,3696
A,36,207.5,0.04,58.56666667,0,23009,2948.593159,3559
A,36,207.5,0.04,59.5,0,22898,2997.011224,3540
A,36,207.5,0.04,59.5,0,29825,3116.570126,3686
A,36,207.5,0.04,59.5,0,33982,3363.549615,3839
A,36,207.5,0.04,59.5,0,32571,3082.869976,3619
B,36,152.5,1.71,63.1,0,31858,2902.740724,3440
B,36,152.5,1.71,63.1,0,23936,2862.900652,3364
B,36,152.5,1.71,62.15714286,0,31425,2961.100971,3669
B,36,152.5,1.71,61.21428571,0,22163,2842.34332,3344
B,36,152.5,1.71,60.27142857,0,22396,3064.924942,3504
B,36,152.5,1.71,59.32857143,1,25893,3009.523848,3408
B,36,152.5,1.71,58.38571429,0,23621,2894.335845,3391
B,36,152.5,1.71,57.44285714,0,26616,2959.695521,3495
B,36,152.5,1.71,56.5,0,28881,3089.570894,3656
B,36,152.5,1.71,56.4,0,28396,3265.977356,3656
B,36,152.5,1.71,56.3,0,26529,3106.818877,3435
B,36,152.5,1.71,56.2,0,28637,3157.011908,3655
B,36,152.5,1.71,56.1,0,25243,3156.287882,3510
B,36,152.5,1.71,56,1,27345,3149.788444,3611
B,36,152.5,1.71,55.9,0,27405,3054.584419,3622
B,36,152.5,1.71,55.83333333,0,28963,3016.93509,3769
B,36,152.5,1.71,55.76666667,0,32498,3253.046218,3613
B,36,152.5,1.71,55.7,0,22439,3291.679932,3563
B,36,152.5,1.71,55.63333333,0,30359,3227.516288,3730
B,36,152.5,1.71,55.56666667,0,19414,2962.540126,3645
B,36,152.5,1.71,55.5,0,28274,3074.666124,3570
B,36,152.5,1.71,54.56666667,0,27428,3360.786313,3830
B,36,152.5,1.71,53.63333333,0,25493,3117.526811,3673
B,36,152.5,1.71,52.7,0,36101,3337.512479,3622
B,36,152.5,1.71,51.76666667,1,24184,3252.928217,3737
B,36,152.5,1.71,50.83333333,0,26787,3266.763617,3601
B,36,152.5,1.71,49.9,0,33442,3246.589648,3611
B,36,152.5,1.71,49.9,1,33151,3335.816778,3730
B,36,152.5,1.71,49.9,0,21815,3035.791199,3504
B,36,152.5,1.71,49.9,0,31418,3180.323222,3808
C,36,87.5,1.7,53.9,0,23617,3050.820341,3718
C,36,87.5,1.7,53.9,0,23010,3119.510908,3564
C,36,87.5,1.7,53.5,0,24865,3210.037362,3654
C,36,87.5,1.7,53.1,0,28085,3140.363076,3926
C,36,87.5,1.7,52.7,0,26128,3425.996288,4004
C,36,87.5,1.7,52.3,1,24580,3249.685598,3908
C,36,87.5,1.7,51.9,0,25597,3263.822049,3965
C,36,87.5,1.7,51.5,0,25039,3083.915212,3948
C,36,87.5,1.7,51.1,0,26590,3213.011734,4080
C,36,87.5,1.7,52.08333333,0,26456,3281.29997,3979
C,36,87.5,1.7,53.06666667,0,25569,3493.986194,3957
C,36,87.5,1.7,54.05,0,28173,3598.536862,3990
C,36,87.5,1.7,55.03333333,0,28167,3588.621152,4054
C,36,87.5,1.7,56.01666667,0,24549,3255.676158,3794
C,36,87.5,1.7,57,0,17542,3286.134705,3791
C,36,87.5,1.7,55.86666667,1,30198,3537.24654,4012
C,36,87.5,1.7,54.73333333,0,25864,3506.234457,3864
C,36,87.5,1.7,53.6,1,25431,3343.419291,3889
C,36,87.5,1.7,52.46666667,0,25760,3271.954542,3835
C,36,87.5,1.7,51.33333333,0,31505,3689.472719,4058
C,36,87.5,1.7,50.2,0,30956,3432.366585,3857
C,36,87.5,1.7,51.23333333,0,24897,3458.480459,3966
C,36,87.5,1.7,52.26666667,0,25287,3645.402618,4143
C,36,87.5,1.7,53.3,0,26078,3580.158601,4075
C,36,87.5,1.7,54.33333333,0,27455,3479.969477,4009
C,36,87.5,1.7,55.36666667,0,22132,3461.894045,3808
C,36,87.5,1.7,56.4,0,19920,3300.579518,3824
C,36,87.5,1.7,56.4,1,27005,3467.223736,4132
C,36,87.5,1.7,56.4,1,25925,3509.82704,4007
C,36,87.5,1.7,56.4,0,24618,3365.077057,3665
D,36,65,1.705,57.2,0,19447,3238.410603,3723
D,36,65,1.705,57.2,0,17876,3208.489987,3871
D,36,65,1.705,56.22857143,0,21783,3317.976358,3750
D,36,65,1.705,55.25714286,0,19906,3258.520094,3815
D,36,65,1.705,54.28571429,0,21655,3239.056985,3744
D,36,65,1.705,53.31428571,0,23498,3133.404545,3805
D,36,65,1.705,52.34285714,0,27030,3170.008102,3979
D,36,65,1.705,51.37142857,0,24533,3309.231525,4016
D,36,65,1.705,50.4,0,24315,3121.492248,3807
D,36,65,1.705,50.55,0,28900,3174.510588,4013
D,36,65,1.705,50.7,0,21463,3181.71756,3768
D,36,65,1.705,50.85,0,21255,3182.943355,3892
D,36,65,1.705,51,0,27604,3243.553108,4008
D,36,65,1.705,51.15,0,28987,3293.015352,3910
D,36,65,1.705,51.3,0,24857,3365.244277,3851
D,36,65,1.705,51.46666667,0,25549,3346.448902,3727
D,36,65,1.705,51.63333333,0,23705,3301.099473,3779
D,36,65,1.705,51.8,1,19210,3274.494794,3939
D,36,65,1.705,51.96666667,0,23163,3411.018089,4002
D,36,65,1.705,52.13333333,0,32561,3517.895273,4253
D,36,65,1.705,52.3,0,23550,3481.577749,3864
D,36,65,1.705,52.51666667,0,24133,3416.894211,3979
D,36,65,1.705,52.73333333,0,24954,3444.987577,3949
D,36,65,1.705,52.95,0,21798,3345.764566,3838
D,36,65,1.705,53.16666667,1,21528,3379.502044,3869
D,36,65,1.705,53.38333333,1,18865,3406.704426,3860
D,36,65,1.705,53.6,0,25973,3427.293382,3875
D,36,65,1.705,53.6,0,29114,3575.889847,4063
D,36,65,1.705,53.6,0,34721,3564.613346,3890
D,36,65,1.705,53.6,0,22201,3333.422549,3919
A,36,192.5,-0.005,,0,42037,2806.026167,3526
A,36,192.5,-0.005,,0,39115,2886.089556,3614
A,36,192.5,-0.005,,0,39068,2875.309691,3833
A,36,192.5,-0.005,,1,42140,2933.696417,3515
A,36,192.5,-0.005,,1,38143,2904.288362,3444
A,36,192.5,-0.005,,0,31428,2919.930667,3551
A,36,192.5,-0.005,,0,37150,2874.011602,3762
A,36,192.5,-0.005,,0,35086,2893.680072,3791
A,36,192.5,-0.005,,1,32497,2936.07533,3655
A,36,192.5,-0.005,,0,8796105,12.24956637,3736
A,36,192.5,-0.005,,0,43841,2928.965147,3862
A,36,192.5,-0.005,,0,37517,2873.301383,3574
A,36,192.5,-0.005,,0,36415,2885.953645,3675
A,36,192.5,-0.005,,0,43525,2869.023871,3622
A,36,192.5,-0.005,,0,36279,2869.605943,3949
A,36,192.5,-0.005,,0,47040,2893.994005,3828
A,36,192.5,-0.005,,0,44139,2895.505449,3802
A,36,192.5,-0.005,,0,41512,2904.744604,3762
A,36,192.5,-0.005,,0,23389,2897.810937,3599
A,36,192.5,-0.005,,0,33333,2978.066901,3611
A,36,192.5,-0.005,,0,27232,2887.516561,3797
A,36,192.5,-0.005,,0,31689,2913.091451,4024
A,36,192.5,-0.005,,0,25628,2913.501756,3721
A,36,192.5,-0.005,,1,31019,2902.013218,3752
A,36,192.5,-0.005,,0,33266,2910.769284,3606
A,36,192.5,-0.005,,0,27525,2933.384814,3627
A,36,192.5,-0.005,,0,29697,2939.250867,3572
A,36,192.5,-0.005,,1,37376,2909.913153,3668
A,36,192.5,-0.005,,0,35512,2950.561557,3712
A,36,192.5,-0.005,,0,35014,2903.834723,3574
B,36,155,1.75,,0,33126,3048.410554,3476
B,36,155,1.75,,0,26603,2864.906965,3280
B,36,155,1.75,,0,41979,3184.475047,3407
B,36,155,1.75,,1,30676,2891.794693,3290
B,36,155,1.75,,1,40683,3079.195217,3468
B,36,155,1.75,,0,41139,3224.390481,3531
B,36,155,1.75,,0,34165,3161.259008,3542
B,36,155,1.75,,0,32964,3162.190845,3896
B,36,155,1.75,,1,39178,3187.060825,3512
B,36,155,1.75,,0,36976,3078.8912,3428
B,36,155,1.75,,0,30149,3142.561412,3423
B,36,155,1.75,,1,37263,3151.630894,3463
B,36,155,1.75,,0,29833,3103.322629,3677
B,36,155,1.75,,0,37680,3118.605281,3448
B,36,155,1.75,,0,34914,3197.416423,3651
B,36,155,1.75,,0,31418,3098.486664,3494
B,36,155,1.75,,0,34409,3084.717022,3481
B,36,155,1.75,,0,29398,3015.877237,3437
B,36,155,1.75,,0,32308,3031.512597,3454
B,36,155,1.75,,1,23446,3101.640536,3460
B,36,155,1.75,,0,30023,3196.579922,3467
B,36,155,1.75,,0,30189,2996.76243,3536
B,36,155,1.75,,0,32239,3105.139272,3619
B,36,155,1.75,,0,40356,3067.047304,3453
B,36,155,1.75,,0,29375,3118.456306,3551
B,36,155,1.75,,0,33067,3169.980948,3554
B,36,155,1.75,,0,36747,3175.305903,3462
B,36,155,1.75,,0,34963,3054.044476,3455
B,36,155,1.75,,1,26205,3090.634459,3437
B,36,155,1.75,,0,33581,3167.947232,3423
C,36,90,1.735,,0,33940,3369.172864,3672
C,36,90,1.735,,0,28287,3266.653056,3944
C,36,90,1.735,,0,28528,3164.328975,3546
C,36,90,1.735,,0,32253,3310.624066,3590
C,36,90,1.735,,1,27304,3068.110643,3416
C,36,90,1.735,,0,32614,3266.938247,3729
C,36,90,1.735,,1,32181,3200.545353,3572
C,36,90,1.735,,0,30922,3420.104844,3931
C,36,90,1.735,,0,38650,3469.56727,3888
C,36,90,1.735,,0,28563,3112.148269,3702
C,36,90,1.735,,0,33100,3158.700755,3576
C,36,90,1.735,,0,34454,3167.333024,3542
C,36,90,1.735,,0,32752,3215.571538,3569
C,36,90,1.735,,0,31220,3375.247245,3647
C,36,90,1.735,,0,18497,3147.454506,3709
C,36,90,1.735,,0,35338,3205.236742,3670
C,36,90,1.735,,0,27498,3206.813586,3736
C,36,90,1.735,,0,37688,3433.212163,3707
C,36,90,1.735,,0,37054,3374.624332,3724
C,36,90,1.735,,0,32966,3240.069314,3538
C,36,90,1.735,,0,36936,3269.717511,3567
C,36,90,1.735,,0,28862,3239.562019,3606
C,36,90,1.735,,0,30862,3156.582561,3468
C,36,90,1.735,,0,31732,3153.724096,3427
C,36,90,1.735,,0,37091,3196.973659,3592
C,36,90,1.735,,0,29224,3088.139577,3464
C,36,90,1.735,,0,25452,3134.730709,3771
C,36,90,1.735,,0,35666,3118.820473,3688
C,36,90,1.735,,0,39652,3144.629905,3509
C,36,90,1.735,,0,36328,3272.650077,3588
D,36,70,1.75,,0,24632,3191.539339,3555
D,36,70,1.75,,0,25431,3232.373481,3500
D,36,70,1.75,,0,32761,3284.727145,3631
D,36,70,1.75,,0,27653,3265.085018,3709
D,36,70,1.75,,0,28463,3269.184204,3526
D,36,70,1.75,,0,31033,3245.754262,3560
D,36,70,1.75,,0,35618,3274.163709,3682
D,36,70,1.75,,0,35477,3379.350058,3695
D,36,70,1.75,,0,33214,3278.562925,3625
D,36,70,1.75,,0,36292,3271.377025,3814
D,36,70,1.75,,0,28796,3262.943117,3744
D,36,70,1.75,,0,29368,3267.645056,3814
D,36,70,1.75,,0,39878,3278.102237,3686
D,36,70,1.75,,0,34981,3320.928904,3898
D,36,70,1.75,,0,33483,3359.02443,3624
D,36,70,1.75,,0,33193,3328.046907,3712
D,36,70,1.75,,1,33058,3295.758515,3620
D,36,70,1.75,,0,25571,3242.918149,3561
D,36,70,1.75,,1,33545,3346.556029,3707
D,36,70,1.75,,0,38732,3348.12207,3774
D,36,70,1.75,,0,28907,3367.875255,3734
D,36,70,1.75,,0,32007,3315.122192,3773
D,36,70,1.75,,1,32369,3327.386821,3686
D,36,70,1.75,,0,26816,3297.604192,3650
D,36,70,1.75,,0,27900,3294.264409,3719
D,36,70,1.75,,0,24168,3214.82572,3590
D,36,70,1.75,,0,29150,3300.983945,3696
D,36,70,1.75,,0,37817,3383.807573,3847
D,36,70,1.75,,0,41274,3384.817779,3692
D,36,70,1.75,,0,30697,3308.185816,3601
A,35,200,0.01,51.9,0,27776,2657.986283,3239
A,35,200,0.01,51.9,1,30676,2712.417818,3455
A,35,200,0.01,51.55714286,1,35872,2753.787355,3444
A,35,200,0.01,51.21428571,0,37119,2910.451548,3514
A,35,200,0.01,50.87142857,0,27119,3032.756849,3532
A,35,200,0.01,50.52857143,1,27969,2891.554221,3384
A,35,200,0.01,50.18571429,0,31362,2837.044481,3536
A,35,200,0.01,49.84285714,0,27991,2846.751599,3665
A,35,200,0.01,49.5,0,28978,2955.137484,3711
A,35,200,0.01,49.81666667,0,22695,2869.31844,3666
A,35,200,0.01,50.13333333,1,30828,3003.155443,3574
A,35,200,0.01,50.45,0,30997,2975.293932,3581
A,35,200,0.01,50.76666667,0,30193,2963.442189,3496
A,35,200,0.01,51.08333333,0,30388,2840.920791,3537
A,35,200,0.01,51.4,0,32364,2886.550056,3558
A,35,200,0.01,50.5,1,31743,3012.826418,3569
A,35,200,0.01,49.6,0,25517,2885.242701,3533
A,35,200,0.01,48.7,0,31619,2989.349315,3544
A,35,200,0.01,47.8,1,23932,2839.902683,3806
A,35,200,0.01,46.9,0,26757,2986.235452,3624
A,35,200,0.01,46,1,29504,3057.785622,3660
A,35,200,0.01,45.85,0,24222,2912.484394,3650
A,35,200,0.01,45.7,1,24727,2957.730901,3590
A,35,200,0.01,45.55,0,27321,3127.390798,3620
A,35,200,0.01,45.4,0,28231,3124.453367,3661
A,35,200,0.01,45.25,1,25054,3009.706953,3608
A,35,200,0.01,45.1,1,26988,3023.017934,3616
A,35,200,0.01,45.1,0,33094,3109.765426,3622
A,35,200,0.01,45.1,0,30592,3112.431976,3787
A,35,200,0.01,45.1,0,29080,2967.707428,3474
B,35,175,1.68,56.3,1,27836,2838.589057,3280
B,35,175,1.68,56.3,0,21507,2828.721393,3211
B,35,175,1.68,55.3,0,28069,2824.053725,3249
B,35,175,1.68,54.3,0,24584,2880.221241,3285
B,35,175,1.68,53.3,0,34170,3013.239128,3496
B,35,175,1.68,52.3,0,27607,2880.684573,3369
B,35,175,1.68,51.3,1,29043,2931.001825,3634
B,35,175,1.68,50.3,1,27737,2953.910589,3724
B,35,175,1.68,49.3,0,31631,2985.201227,3367
B,35,175,1.68,49.46666667,0,29503,3129.413687,3488
B,35,175,1.68,49.63333333,1,26922,2987.940272,3345
B,35,175,1.68,49.8,0,34171,3036.900647,3360
B,35,175,1.68,49.96666667,1,28133,3034.634273,3524
B,35,175,1.68,50.13333333,0,33179,3067.534284,3395
B,35,175,1.68,50.3,0,25301,2935.635983,3456
B,35,175,1.68,50,0,25018,2937.231034,3428
B,35,175,1.68,49.7,0,30138,3102.218694,3387
B,35,175,1.68,49.4,1,26783,3164.682373,3495
B,35,175,1.68,49.1,1,26187,3151.639478,3398
B,35,175,1.68,48.8,0,17730,2930.279075,3480
B,35,175,1.68,48.5,0,22243,2966.930315,3418
B,35,175,1.68,48.06666667,1,31017,3191.196247,3593
B,35,175,1.68,47.63333333,1,28372,3088.788418,3451
B,35,175,1.68,47.2,0,31404,3188.215832,3485
B,35,175,1.68,46.76666667,0,24781,3169.788063,3538
B,35,175,1.68,46.33333333,0,25635,3079.262961,3577
B,35,175,1.68,45.9,0,28207,3083.167015,3367
B,35,175,1.68,45.9,0,30436,3223.738139,3468
B,35,175,1.68,45.9,0,25880,3022.485781,3435
B,35,175,1.68,45.9,1,30209,3057.300573,3394
C,35,82.5,1.71,47.9,1,24710,3014.776325,3592
C,35,82.5,1.71,47.9,0,22482,3088.550974,3687
C,35,82.5,1.71,48.12857143,1,26317,3193.800205,3469
C,35,82.5,1.71,48.35714286,0,26963,3078.271446,3593
C,35,82.5,1.71,48.58571429,0,25891,3320.528408,3677
C,35,82.5,1.71,48.81428571,0,26310,3300.283466,3628
C,35,82.5,1.71,49.04285714,0,30352,3303.68839,3641
C,35,82.5,1.71,49.27142857,1,25249,3185.166937,3760
C,35,82.5,1.71,49.5,0,22595,3225.210046,3666
C,35,82.5,1.71,49.31666667,0,24021,3338.093543,3838
C,35,82.5,1.71,49.13333333,0,26068,3352.157933,3666
C,35,82.5,1.71,48.95,0,27389,3396.636898,3682
C,35,82.5,1.71,48.76666667,0,26465,3378.196259,3677
C,35,82.5,1.71,48.58333333,0,24371,3098.636905,3627
C,35,82.5,1.71,48.4,1,16855,3198.912014,3622
C,35,82.5,1.71,48.03333333,0,30747,3355.522165,3852
C,35,82.5,1.71,47.66666667,0,22606,3306.037335,3558
C,35,82.5,1.71,47.3,0,24381,3244.24474,3608
C,35,82.5,1.71,46.93333333,0,24562,3145.95375,3684
C,35,82.5,1.71,46.56666667,0,28234,3387.256358,3766
C,35,82.5,1.71,46.2,0,26575,3190.666754,3581
C,35,82.5,1.71,46.73333333,0,22220,3211.536859,3504
C,35,82.5,1.71,47.26666667,0,25986,3278.96806,3615
C,35,82.5,1.71,47.8,1,26055,3297.217732,3768
C,35,82.5,1.71,48.33333333,0,26639,3176.965689,3587
C,35,82.5,1.71,48.86666667,0,22827,3139.8249,3624
C,35,82.5,1.71,49.4,0,16687,2991.886259,3303
C,35,82.5,1.71,49.4,0,29353,3123.859571,3483
C,35,82.5,1.71,49.4,0,29599,3101.501672,3513
C,35,82.5,1.71,49.4,0,25333,3002.082659,3518
D,35,65,1.74,39.9,1,20003,2872.419237,3157
D,35,65,1.74,39.9,1,18183,2871.99384,3513
D,35,65,1.74,41.37142857,0,21764,2925.674325,3405
D,35,65,1.74,42.84285714,0,17768,2891.930549,3409
D,35,65,1.74,44.31428571,0,21950,2930.808519,3307
D,35,65,1.74,45.78571429,0,22672,2834.47455,3412
D,35,65,1.74,47.25714286,0,26273,2857.517946,3446
D,35,65,1.74,48.72857143,0,22546,2957.140956,3460
D,35,65,1.74,50.2,0,23836,2817.709305,3285
D,35,65,1.74,50.18333333,0,27373,2857.225587,3369
D,35,65,1.74,50.16666667,0,18928,2844.7015,3272
D,35,65,1.74,50.15,0,20403,2836.834632,3326
D,35,65,1.74,50.13333333,0,26340,2849.265034,3326
D,35,65,1.74,50.11666667,0,25822,2882.036016,3290
D,35,65,1.74,50.1,0,22586,2929.086824,3386
D,35,65,1.74,49.38333333,0,22168,2930.042449,3465
D,35,65,1.74,48.66666667,0,24522,2978.202553,3424
D,35,65,1.74,47.95,0,21761,2936.758513,3504
D,35,65,1.74,47.23333333,0,24246,2978.757321,3258
D,35,65,1.74,46.51666667,0,29766,2955.567493,3538
D,35,65,1.74,45.8,0,21606,2934.270851,3371
D,35,65,1.74,46.31666667,0,21178,2920.321985,3355
D,35,65,1.74,46.83333333,0,25068,2953.543641,3341
D,35,65,1.74,47.35,0,20121,2933.406242,3307
D,35,65,1.74,47.86666667,0,20457,2949.322823,3371
D,35,65,1.74,48.38333333,0,21278,3005.040135,3550
D,35,65,1.74,48.9,0,24183,2969.386677,3433
D,35,65,1.74,48.9,0,27574,3025.762748,3624
D,35,65,1.74,48.9,0,30792,3047.485061,3569
D,35,65,1.74,48.9,1,20436,2968.141613,3358
A,35,217.5,-0.035,55.9,1,26517,2997.155447,3514
A,35,217.5,-0.035,55.9,0,26318,2939.531841,3636
A,35,217.5,-0.035,56.4,0,30493,2962.958384,3652
A,35,217.5,-0.035,56.9,0,30870,2900.357402,3556
A,35,217.5,-0.035,57.4,0,23838,2799.927846,3802
A,35,217.5,-0.035,57.9,0,27100,2903.230959,3657
A,35,217.5,-0.035,58.4,0,27853,2831.626647,3531
A,35,217.5,-0.035,58.9,0,30887,2849.582964,3611
A,35,217.5,-0.035,59.4,0,23349,2823.786201,3533
A,35,217.5,-0.035,58.1,0,23001,2825.050606,3518
A,35,217.5,-0.035,56.8,0,24260,2886.764922,3556
A,35,217.5,-0.035,55.5,1,25997,2859.165327,3645
A,35,217.5,-0.035,54.2,1,28676,2871.21851,3541
A,35,217.5,-0.035,52.9,0,27115,2774.207634,3496
A,35,217.5,-0.035,51.6,1,32236,2830.816044,3509
A,35,217.5,-0.035,51.43333333,0,32877,2767.461599,3496
A,35,217.5,-0.035,51.26666667,1,29024,2810.972161,3513
A,35,217.5,-0.035,51.1,0,29017,2731.501154,3538
A,35,217.5,-0.035,50.93333333,0,23629,2768.293918,3542
A,35,217.5,-0.035,50.76666667,0,25819,2766.306092,3527
A,35,217.5,-0.035,50.6,0,30308,2770.595783,3587
A,35,217.5,-0.035,51.8,1,29127,2738.021801,3545
A,35,217.5,-0.035,53,0,24369,2829.401863,3640
A,35,217.5,-0.035,54.2,0,26029,2714.209766,3597
A,35,217.5,-0.035,55.4,0,27921,2710.176964,3582
A,35,217.5,-0.035,56.6,0,26297,2716.760087,3473
A,35,217.5,-0.035,57.8,0,26340,2750.162984,3531
A,35,217.5,-0.035,57.8,0,30230,2712.472941,3503
A,35,217.5,-0.035,57.8,1,64201081,2.186028301,3541
A,35,217.5,-0.035,57.8,1,34310,2807.431594,3403
B,35,155,1.7,56.8,0,33087,3097.150815,3465
B,35,155,1.7,56.8,1,25148,2886.672817,3316
B,35,155,1.7,57.21428571,0,26055,3038.535444,3437
B,35,155,1.7,57.62857143,0,22804,2810.792054,3382
B,35,155,1.7,58.04285714,0,30717,3007.781815,3508
B,35,155,1.7,58.45714286,0,25801,3080.580946,3451
B,35,155,1.7,58.87142857,0,26676,3069.702729,3476
B,35,155,1.7,59.28571429,0,29008,3075.12924,3719
B,35,155,1.7,59.7,0,28888,3056.047425,3423
B,35,155,1.7,59.75,0,25845,2909.882685,3318
B,35,155,1.7,59.8,0,30382,3098.885985,3422
B,35,155,1.7,59.85,0,29261,3093.082909,3416
B,35,155,1.7,59.9,0,28139,3109.087885,3358
B,35,155,1.7,59.95,0,28921,3115.986688,3391
B,35,155,1.7,60,0,25042,3161.551793,3579
B,35,155,1.7,58.15,0,23538,3154.644532,3532
B,35,155,1.7,56.3,1,30151,3138.557693,3477
B,35,155,1.7,54.45,0,24941,3104.149352,3592
B,35,155,1.7,52.6,0,28232,3133.020615,3439
B,35,155,1.7,50.75,0,18415,3151.506055,3570
B,35,155,1.7,48.9,1,24711,3278.170572,3579
B,35,155,1.7,50.13333333,0,29998,3131.259351,3431
B,35,155,1.7,51.36666667,0,26072,3202.614337,3611
B,35,155,1.7,52.6,1,32560,3195.609244,3743
B,35,155,1.7,53.83333333,0,25313,3150.027575,3549
B,35,155,1.7,55.06666667,0,26597,3161.8757,3702
B,35,155,1.7,56.3,0,28212,3119.741032,3535
B,35,155,1.7,56.3,0,28221,2957.233089,3428
B,35,155,1.7,56.3,0,23867,3125.609293,3436
B,35,155,1.7,56.3,0,30098,3096.701342,3473
C,35,95,1.705,58.4,0,27212,3315.393687,3677
C,35,95,1.705,58.4,0,20915,3123.82032,3741
C,35,95,1.705,57.77142857,0,27152,3054.833714,3528
C,35,95,1.705,57.14285714,0,26396,3186.846189,3618
C,35,95,1.705,56.51428571,0,25829,2985.383174,3537
C,35,95,1.705,55.88571429,0,25491,3075.588521,3564
C,35,95,1.705,55.25714286,0,30854,3059.950671,3835
C,35,95,1.705,54.62857143,0,29248,3233.285866,3619
C,35,95,1.705,54,0,28626,3253.45574,3741
C,35,95,1.705,53.73333333,1,25015,3057.728083,3552
C,35,95,1.705,53.46666667,1,22798,3071.21401,3600
C,35,95,1.705,53.2,0,24894,3074.796859,3554
C,35,95,1.705,52.93333333,0,24103,3108.594407,3616
C,35,95,1.705,52.66666667,1,23135,3249.128377,3596
C,35,95,1.705,52.4,0,18488,3103.125108,3535
C,35,95,1.705,53.23333333,0,32492,3090.718177,3678
C,35,95,1.705,54.06666667,1,25170,3044.321255,3522
C,35,95,1.705,54.9,0,29054,3254.56691,3544
C,35,95,1.705,55.73333333,0,29818,3203.386042,3536
C,35,95,1.705,56.56666667,0,24078,3015.283828,3513
C,35,95,1.705,57.4,1,27214,3041.257882,3476
C,35,95,1.705,57.91666667,1,26606,3008.568969,3500
C,35,95,1.705,58.43333333,1,25582,2981.382886,3418
C,35,95,1.705,58.95,0,25405,2988.417359,3501
C,35,95,1.705,59.46666667,0,26793,2965.851864,3467
C,35,95,1.705,59.98333333,0,22425,2878.784214,3426
C,35,95,1.705,60.5,0,18541,2893.84688,3224
C,35,95,1.705,60.5,0,30638,2922.727528,3386
C,35,95,1.705,60.5,0,27028,2937.981797,3400
C,35,95,1.705,60.5,0,27118,3099.183826,3426
D,35,65,1.735,42.3,0,21532,3205.860812,3427
D,35,65,1.735,42.3,0,22680,3250.238139,3624
D,35,65,1.735,44,0,24959,3329.923154,3576
D,35,65,1.735,45.7,0,21873,3293.83171,3555
D,35,65,1.735,47.4,0,23928,3323.338348,3536
D,35,65,1.735,49.1,0,25557,3281.029659,3564
D,35,65,1.735,50.8,0,29954,3298.368098,3666
D,35,65,1.735,52.5,0,27369,3398.921919,3896
D,35,65,1.735,54.2,0,26161,3332.077099,3835
D,35,65,1.735,54,0,29605,3338.534369,3733
D,35,65,1.735,53.8,0,22161,3311.723478,3785
D,35,65,1.735,53.6,1,26039,3362.107915,3832
D,35,65,1.735,53.4,0,28741,3420.154379,3803
D,35,65,1.735,53.2,1,28593,3438.132165,3815
D,35,65,1.735,53,0,23499,3564.861824,3815
D,35,65,1.735,53.75,0,23441,3478.138603,3843
D,35,65,1.735,54.5,0,26661,3538.925959,3821
D,35,65,1.735,55.25,0,21988,3508.012279,3934
D,35,65,1.735,56,0,28146,3552.640659,3911
D,35,65,1.735,56.75,0,32081,3587.899504,3889
D,35,65,1.735,57.5,1,23930,3559.57827,3951
D,35,65,1.735,57.23333333,1,24522,3571.869016,3904
D,35,65,1.735,56.96666667,0,25877,3554.571086,3961
D,35,65,1.735,56.7,0,21064,3530.653437,3901
D,35,65,1.735,56.43333333,0,23077,3528.532348,3958
D,35,65,1.735,56.16666667,0,22021,3550.064893,4017
D,35,65,1.735,55.9,0,24482,3564.819786,4003
D,35,65,1.735,55.9,0,29752,3651.777326,4044
D,35,65,1.735,55.9,0,32768,3644.160431,3963
D,35,65,1.735,55.9,0,25754,3551.494214,3929
A,,230,-0.1,53.9,0,27770,2922.664926,3526
A,,230,-0.1,53.9,0,27683,2900.065419,3560
A,,230,-0.1,54.38571429,0,29098,2950.628394,3587
A,,230,-0.1,54.87142857,0,31685,3033.850781,3535
A,,230,-0.1,55.35714286,0,27857,3136.820261,3638
A,,230,-0.1,55.84285714,0,29554,3025.433275,3537
A,,230,-0.1,56.32857143,1,36761,3060.695765,3578
A,,230,-0.1,56.81428571,1,32884,3020.848559,3581
A,,230,-0.1,57.3,0,26827,3001.545756,3668
A,,230,-0.1,56.05,1,26953,3028.82258,3606
A,,230,-0.1,54.8,0,27669,3070.421555,3682
A,,230,-0.1,53.55,0,30917,3143.093153,3605
A,,230,-0.1,52.3,0,29807,3059.619284,3544
A,,230,-0.1,51.05,1,35174,2984.612327,3592
A,,230,-0.1,49.8,0,32561,3016.624029,3651
A,,230,-0.1,49.91666667,0,30299,3097.664015,3606
A,,230,-0.1,50.03333333,0,29015,3005.945476,3567
A,,230,-0.1,50.15,1,32648,3128.068366,3701
A,,230,-0.1,50.26666667,0,24102,2896.060493,3682
A,,230,-0.1,50.38333333,0,27397,3004.891192,3549
A,,230,-0.1,50.5,0,28778,3087.961359,3646
A,,230,-0.1,51.46666667,0,34694,3037.097538,3680
A,,230,-0.1,52.43333333,0,25050,3018.783952,3581
A,,230,-0.1,53.4,0,25199,3166.078297,3582
A,,230,-0.1,54.36666667,0,28002,3202.076495,3656
A,,230,-0.1,55.33333333,0,25228,2993.225147,3538
A,,230,-0.1,56.3,0,27212,3043.613773,3590
A,,230,-0.1,56.3,0,30398,3194.543753,3624
A,,230,-0.1,56.3,0,35942,3299.634077,3702
A,,230,-0.1,56.3,0,33329,3089.247742,3472
B,,155,1.815,54.2,0,33091,3027.375993,3348
B,,155,1.815,54.2,0,27125,3008.726083,3371
B,,155,1.815,54.55714286,1,30299,3007.689198,3483
B,,155,1.815,54.91428571,0,24150,2973.095569,3503
B,,155,1.815,55.27142857,0,32864,3100.73792,3505
B,,155,1.815,55.62857143,0,27334,2999.143814,3401
B,,155,1.815,55.98571429,0,28403,3023.952047,3706
B,,155,1.815,56.34285714,0,31945,3056.444608,3640
B,,155,1.815,56.7,0,30511,3071.010062,3508
B,,155,1.815,55.26666667,1,32552,3272.234824,3533
B,,155,1.815,53.83333333,0,31593,3089.962966,3536
B,,155,1.815,52.4,0,28995,3150.889947,3450
B,,155,1.815,50.96666667,0,28408,3179.247043,3444
B,,155,1.815,49.53333333,0,30386,3119.072435,3473
B,,155,1.815,48.1,1,27438,3080.226766,3491
B,,155,1.815,48.43333333,1,28641,3111.362627,3496
B,,155,1.815,48.76666667,0,33007,3253.753749,3546
B,,155,1.815,49.1,0,29454,3310.060671,3554
B,,155,1.815,49.43333333,0,31605,3263.292137,3547
B,,155,1.815,49.76666667,0,18408,2982.236691,3570
B,,155,1.815,50.1,0,25725,3107.259903,3556
B,,155,1.815,49.43333333,0,33979,3333.958563,3619
B,,155,1.815,48.76666667,0,28471,3104.377928,3454
B,,155,1.815,48.1,0,39103,3214.070199,3556
B,,155,1.815,47.43333333,0,25224,3160.605415,3532
B,,155,1.815,46.76666667,1,31739,3055.370711,3446
B,,155,1.815,46.1,1,33702,3048.375378,3448
B,,155,1.815,46.1,0,30990,3228.291384,3532
B,,155,1.815,46.1,0,25519,3067.238802,3469
B,,155,1.815,46.1,0,31822,3141.72893,3583
C,,97.5,1.8,45.6,0,25192,2973.593561,3536
C,,97.5,1.8,45.6,1,22196,3040.252613,3582
C,,97.5,1.8,46.5,0,28308,3168.822771,3528
C,,97.5,1.8,47.4,1,21808,3064.402284,3572
C,,97.5,1.8,48.3,0,27243,3328.228132,3632
C,,97.5,1.8,49.2,0,26885,3206.209745,3512
C,,97.5,1.8,50.1,0,31905,3244.557781,3832
C,,97.5,1.8,51,0,27114,3076.162425,3714
C,,97.5,1.8,51.9,0,22254,3083.181945,3723
C,,97.5,1.8,51.63333333,0,29097,3253.824312,3622
C,,97.5,1.8,51.36666667,0,26126,3265.63033,3629
C,,97.5,1.8,51.1,1,27562,3314.651586,3592
C,,97.5,1.8,50.83333333,0,26241,3365.560154,3693
C,,97.5,1.8,50.56666667,0,23857,3108.058138,3625
C,,97.5,1.8,50.3,0,19381,3189.427119,3568
C,,97.5,1.8,49.21666667,0,33781,3381.491282,3801
C,,97.5,1.8,48.13333333,0,27628,3328.015636,3608
C,,97.5,1.8,47.05,0,24060,3194.866293,3574
C,,97.5,1.8,45.96666667,0,22233,3074.574192,3588
C,,97.5,1.8,44.88333333,0,28861,3411.113787,3741
C,,97.5,1.8,43.8,0,30594,3251.979996,3586
C,,97.5,1.8,44.33333333,0,29308,3246.429712,3552
C,,97.5,1.8,44.86666667,0,30107,3337.290464,3674
C,,97.5,1.8,45.4,0,26465,3318.099377,3559
C,,97.5,1.8,45.93333333,0,26016,3173.935463,3456
C,,97.5,1.8,46.46666667,1,23101,3221.509026,3637
C,,97.5,1.8,47,1,18828,3101.092734,3480
C,,97.5,1.8,47,0,29383,3260.110778,3568
C,,97.5,1.8,47,0,30040,3239.660885,3590
C,,97.5,1.8,47,0,25513,3147.808882,3655
D,,67.5,1.825,44.7,0,18584,3241.770179,3517
D,,67.5,1.825,44.7,0,19673,3227.16942,3748
D,,67.5,1.825,45.64285714,0,19271,3301.991386,3727
D,,67.5,1.825,46.58571429,1,19837,3235.145435,3753
D,,67.5,1.825,47.52857143,0,19824,3280.423931,3619
D,,67.5,1.825,48.47142857,0,19787,3175.637995,3689
D,,67.5,1.825,49.41428571,0,22053,3213.298553,3577
D,,67.5,1.825,50.35714286,0,22830,3237.290845,3977
D,,67.5,1.825,51.3,0,20543,3134.734898,3898
D,,67.5,1.825,51.21666667,0,25742,3206.116425,3943
D,,67.5,1.825,51.13333333,1,21214,3126.731781,3618
D,,67.5,1.825,51.05,0,24553,3078.822344,3691
D,,67.5,1.825,50.96666667,0,25542,3101.347545,3491
D,,67.5,1.825,50.88333333,0,27396,3166.406738,3623
D,,67.5,1.825,50.8,0,21835,3126.019556,3622
D,,67.5,1.825,48.86666667,1,23681,3134.752502,3593
D,,67.5,1.825,46.93333333,0,26549,3155.019473,3592
D,,67.5,1.825,45,0,21870,3070.74792,3677
D,,67.5,1.825,43.06666667,0,27069,3136.089475,3597
D,,67.5,1.825,41.13333333,1,31428,3116.353856,3483
D,,67.5,1.825,39.2,0,23016,3112.454206,3482
D,,67.5,1.825,41.13333333,0,24008,3131.033239,3546
D,,67.5,1.825,43.06666667,0,26064,3117.53595,3555
D,,67.5,1.825,45,0,20414,3049.960713,3384
D,,67.5,1.825,46.93333333,0,20837,3073.16773,3441
D,,67.5,1.825,48.86666667,0,20358,3065.124767,3614
D,,67.5,1.825,50.8,0,24248,3028.820975,3492
D,,67.5,1.825,50.8,0,28159,3047.320253,3407
D,,67.5,1.825,50.8,0,31432,3038.38709,3514
D,,67.5,1.825,50.8,0,25209,2965.747788,3421
A,36,217.5,-0.21,58.8,0,28548,2844.53678,3460
A,36,217.5,-0.21,58.8,0,25979,2816.311405,3590
A,36,217.5,-0.21,57.65714286,0,29481,2860.90136,3532
A,36,217.5,-0.21,56.51428571,0,27312,2873.017209,3495
A,36,217.5,-0.21,55.37142857,0,27400,2782.288686,3802
A,36,217.5,-0.21,54.22857143,0,25114,2807.892729,3392
A,36,217.5,-0.21,53.08571429,0,34336,2822.135252,3568
A,36,217.5,-0.21,51.94285714,0,32869,2862.286684,3551
A,36,217.5,-0.21,50.8,0,27666,2849.087653,3465
A,36,217.5,-0.21,51.41666667,0,26324,2843.802386,3531
A,36,217.5,-0.21,52.03333333,0,24425,2842.468414,3576
A,36,217.5,-0.21,52.65,0,26816,2806.596659,3551
A,36,217.5,-0.21,53.26666667,0,24644,2837.096738,3506
A,36,217.5,-0.21,53.88333333,0,31343,2939.612481,3638
A,36,217.5,-0.21,54.5,0,28127,2895.464536,3632
A,36,217.5,-0.21,53.85,0,28975,2844.18409,3561
A,36,217.5,-0.21,53.2,0,29017,2955.537857,3765
A,36,217.5,-0.21,52.55,0,30919,2940.954171,3661
A,36,217.5,-0.21,51.9,0,24989,2857.751811,3652
A,36,217.5,-0.21,51.25,1,30154,2974.533561,3574
A,36,217.5,-0.21,50.6,0,27585,2937.9528,3714
A,36,217.5,-0.21,52.18333333,0,33417,2905.619206,3608
A,36,217.5,-0.21,53.76666667,0,22232,2978.310543,3538
A,36,217.5,-0.21,55.35,0,23715,2883.737803,3572
A,36,217.5,-0.21,56.93333333,1,31245,2954.383037,3570
A,36,217.5,-0.21,58.51666667,0,28306,2935.7373,3549
A,36,217.5,-0.21,60.1,0,23761,2891.609149,3512
A,36,217.5,-0.21,60.1,0,27705,2859.277964,3531
A,36,217.5,-0.21,60.1,0,24811,2921.687921,3701
A,36,217.5,-0.21,60.1,0,31651,2857.487125,3426
B,36,155,1.24,59.2,0,34932,3166.913833,3469
B,36,155,1.24,59.2,0,27647,2987.403841,3277
B,36,155,1.24,58.74285714,0,29759,3110.895595,3366
B,36,155,1.24,58.28571429,0,27067,2958.047327,3435
B,36,155,1.24,57.82857143,0,30059,3036.993746,3523
B,36,155,1.24,57.37142857,1,32983,3144.096322,3496
B,36,155,1.24,56.91428571,0,27595,3206.250444,3645
B,36,155,1.24,56.45714286,0,29367,3211.593387,3650
B,36,155,1.24,56,0,31263,3139.759716,3437
B,36,155,1.24,54.75,0,27950,2951.944615,3494
B,36,155,1.24,53.5,0,31339,3122.791665,3417
B,36,155,1.24,52.25,0,29284,3125.20588,3455
B,36,155,1.24,51,0,28416,3140.913887,3441
B,36,155,1.24,49.75,0,29437,3102.181404,3405
B,36,155,1.24,48.5,0,27606,3218.605629,3555
B,36,155,1.24,48.56666667,0,28707,3209.114711,3565
B,36,155,1.24,48.63333333,0,31382,3100.455707,3407
B,36,155,1.24,48.7,0,22917,2951.024305,3424
B,36,155,1.24,48.76666667,0,27435,2985.878075,3433
B,36,155,1.24,48.83333333,1,24718,3109.685776,3468
B,36,155,1.24,48.9,0,25094,3185.339962,3524
B,36,155,1.24,48.36666667,0,26570,2909.278886,3482
B,36,155,1.24,47.83333333,0,26180,3031.757601,3625
B,36,155,1.24,47.3,0,31427,2943.816464,3346
B,36,155,1.24,46.76666667,0,23510,2967.343173,3472
B,36,155,1.24,46.23333333,0,31849,3094.596408,3446
B,36,155,1.24,45.7,0,34595,3071.54638,3460
B,36,155,1.24,45.7,0,29965,2899.189254,3327
B,36,155,1.24,45.7,0,23330,3113.57201,3396
B,36,155,1.24,45.7,0,30312,3143.273819,3469
C,36,90,1.42,46.1,0,25345,3259.133044,3611
C,36,90,1.42,46.1,0,23414,3173.699197,3550
C,36,90,1.42,46.17142857,0,25879,3147.084972,3505
C,36,90,1.42,46.24285714,0,27751,3283.23246,3650
C,36,90,1.42,46.31428571,0,21981,3053.548064,3477
C,36,90,1.42,46.38571429,0,24335,3222.655969,3517
C,36,90,1.42,46.45714286,0,27781,3124.838343,3625
C,36,90,1.42,46.52857143,0,28120,3383.333997,3840
C,36,90,1.42,46.6,1,29712,3328.165018,3750
C,36,90,1.42,47.88333333,0,25954,3067.183132,3816
C,36,90,1.42,49.16666667,0,23246,3115.795664,3503
C,36,90,1.42,50.45,0,22519,3203.211244,3546
C,36,90,1.42,51.73333333,0,22251,3143.493776,3529
C,36,90,1.42,53.01666667,0,25525,3437.19142,3768
C,36,90,1.42,54.3,0,17981,3315.964852,3645
C,36,90,1.42,53.26666667,0,28294,3223.46349,3739
C,36,90,1.42,52.23333333,0,22446,3192.375568,3611
C,36,90,1.42,51.2,0,25800,3448.836047,3783
C,36,90,1.42,50.16666667,1,26458,3347.632285,3700
C,36,90,1.42,49.13333333,0,20475,3172.462515,3577
C,36,90,1.42,48.1,0,30243,3289.995139,3704
C,36,90,1.42,48.13333333,0,26668,3247.740888,3744
C,36,90,1.42,48.16666667,0,24076,3190.884948,3541
C,36,90,1.42,48.2,0,26084,3170.549072,3565
C,36,90,1.42,48.23333333,1,26040,3196.786022,3576
C,36,90,1.42,48.26666667,0,22128,3138.87613,3682
C,36,90,1.42,48.3,0,19720,3178.547059,3538
C,36,90,1.42,48.3,0,26562,3084.064905,3656
C,36,90,1.42,48.3,0,27043,3094.494842,3544
C,36,90,1.42,48.3,0,25484,3226.320829,3723
D,36,45,1.57,44.8,0,20448,3230.366735,3481
D,36,45,1.57,44.8,0,20667,3253.901244,3702
D,36,45,1.57,44.5,0,21159,3282.22364,3655
D,36,45,1.57,44.2,0,22200,3260.510766,3798
D,36,45,1.57,43.9,0,21408,3309.297038,3654
D,36,45,1.57,43.6,1,22278,3254.09359,3567
D,36,45,1.57,43.3,1,27460,3262.586198,3780
D,36,45,1.57,43,0,23788,3354.202791,3997
D,36,45,1.57,42.7,1,24187,3235.367801,3924
D,36,45,1.57,44.11666667,0,25763,3179.495206,3962
D,36,45,1.57,45.53333333,0,23487,3167.848895,3718
D,36,45,1.57,46.95,0,25792,3181.350729,3706
D,36,45,1.57,48.36666667,0,25561,3177.556003,3632
D,36,45,1.57,49.78333333,0,29520,3196.449018,3625
D,36,45,1.57,51.2,0,24484,3246.327969,3609
D,36,45,1.57,49.01666667,0,26581,3186.526993,3604
D,36,45,1.57,46.83333333,0,27227,3207.916517,3655
D,36,45,1.57,44.65,0,22388,3156.647266,3721
D,36,45,1.57,42.46666667,0,26540,3192.979804,3604
D,36,45,1.57,40.28333333,0,32314,3185.173145,3625
D,36,45,1.57,38.1,0,21825,3193.50291,3567
D,36,45,1.57,40.76666667,0,22269,3209.407697,3572
D,36,45,1.57,43.43333333,0,24649,3184.352185,3692
D,36,45,1.57,46.1,0,19760,3135.732895,3499
D,36,45,1.57,48.76666667,0,20468,3134.992916,3546
D,36,45,1.57,51.43333333,0,19651,3173.158313,3803
D,36,45,1.57,54.1,0,24766,3148.682751,3633
D,36,45,1.57,54.1,1,30375,3196.1947,3666
D,36,45,1.57,54.1,0,29606,3205.535196,3631
D,36,45,1.57,54.1,0,24686,3144.847079,3743
A,39,227.5,0.6,52,0,29007,2814.900231,3349
A,39,227.5,0.6,52,1,26431,2843.135031,3394
A,39,227.5,0.6,51.17142857,0,29063,2864.953962,3460
A,39,227.5,0.6,50.34285714,1,39736,2948.582947,3467
A,39,227.5,0.6,49.51428571,1,33363,3025.441327,3465
A,39,227.5,0.6,48.68571429,1,33244,2960.150584,3500
A,39,227.5,0.6,47.85714286,0,35488,2985.535223,3504
A,39,227.5,0.6,47.02857143,0,30491,2910.974419,3454
A,39,227.5,0.6,46.2,1,28489,2964.939029,3541
A,39,227.5,0.6,46.78333333,0,28190,2871.315608,3473
A,39,227.5,0.6,47.36666667,0,29574,2988.301447,3474
A,39,227.5,0.6,47.95,0,30872,3075.578129,3492
A,39,227.5,0.6,48.53333333,0,26700,3028.575955,3453
A,39,227.5,0.6,49.11666667,0,31967,2864.099165,3449
A,39,227.5,0.6,49.7,0,29844,2899.812994,3522
A,39,227.5,0.6,49.35,1,33650,3010.266746,3648
A,39,227.5,0.6,49,0,32690,2831.249495,3472
A,39,227.5,0.6,48.65,0,33961,3034.591355,3514
A,39,227.5,0.6,48.3,1,28861,2786.383805,3487
A,39,227.5,0.6,47.95,0,33231,2887.498089,3483
A,39,227.5,0.6,47.6,0,35343,2944.017825,3541
A,39,227.5,0.6,47.9,0,35937,2881.413418,3503
A,39,227.5,0.6,48.2,1,30285,2943.765527,3487
A,39,227.5,0.6,48.5,1,31073,2987.647057,3487
A,39,227.5,0.6,48.8,0,39137,3025.323837,3569
A,39,227.5,0.6,49.1,1,30073,2973.748046,3542
A,39,227.5,0.6,49.4,1,34955,2965.184065,3455
A,39,227.5,0.6,49.4,1,32862,2994.701875,3537
A,39,227.5,0.6,49.4,0,33325,3040.793968,3474
A,39,227.5,0.6,49.4,0,35629,2928.855174,3375
B,39,150,0.945,54.1,0,33090,2832.304775,3151
B,39,150,0.945,54.1,0,27496,2859.118635,3165
B,39,150,0.945,53.22857143,0,30136,2817.645407,3138
B,39,150,0.945,52.35714286,1,28480,2848.066327,3177
B,39,150,0.945,51.48571429,1,36222,2872.074375,3220
B,39,150,0.945,50.61428571,0,32670,2782.334221,3199
B,39,150,0.945,49.74285714,0,26577,2774.092335,3380
B,39,150,0.945,48.87142857,0,29457,2797.743389,3337
B,39,150,0.945,48,1,37712,2833.507875,3193
B,39,150,0.945,48.15,0,31033,2985.1762,3277
B,39,150,0.945,48.3,0,32203,2889.401174,3268
B,39,150,0.945,48.45,0,29330,2902.146267,3264
B,39,150,0.945,48.6,0,28935,2949.443097,3257
B,39,150,0.945,48.75,1,33140,2935.566777,3259
B,39,150,0.945,48.9,0,28110,2872.104731,3277
B,39,150,0.945,48.63333333,0,28055,2885.983604,3252
B,39,150,0.945,48.36666667,0,32334,3023.06139,3311
B,39,150,0.945,48.1,0,28800,3044.333472,3300
B,39,150,0.945,47.83333333,0,29869,3020.989956,3299
B,39,150,0.945,47.56666667,0,24059,2878.300678,3282
B,39,150,0.945,47.3,0,25495,2929.696019,3328
B,39,150,0.945,47.1,0,31686,3125.100644,3513
B,39,150,0.945,46.9,0,26772,2975.744957,3341
B,39,150,0.945,46.7,0,36158,3047.750899,3375
B,39,150,0.945,46.5,1,31201,3033.952502,3289
B,39,150,0.945,46.3,0,35063,2997.603114,3432
B,39,150,0.945,46.1,0,36720,2992.98159,3308
B,39,150,0.945,46.1,1,37826,3099.543621,3367
B,39,150,0.945,46.1,1,24124,2990.423976,3376
B,39,150,0.945,46.1,0,31169,2981.184607,3299
C,39,92.5,0.94,46.7,0,27260,2943.039765,3330
C,39,92.5,0.94,46.7,0,25404,3000.484176,3343
C,39,92.5,0.94,46.77142857,0,29222,3062.584765,3316
C,39,92.5,0.94,46.84285714,0,28275,2945.044173,3314
C,39,92.5,0.94,46.91428571,0,28596,3050.105329,3326
C,39,92.5,0.94,46.98571429,1,28990,2955.48058,3343
C,39,92.5,0.94,47.05714286,0,30334,3010.520868,3407
C,39,92.5,0.94,47.12857143,0,26788,2887.919591,3371
C,39,92.5,0.94,47.2,0,29215,2930.606538,3449
C,39,92.5,0.94,47.46666667,0,29687,3019.907367,3503
C,39,92.5,0.94,47.73333333,0,27178,2994.521304,3441
C,39,92.5,0.94,48,0,29177,3010.794873,3345
C,39,92.5,0.94,48.26666667,1,28958,3015.74874,3352
C,39,92.5,0.94,48.53333333,0,25244,2861.244613,3229
C,39,92.5,0.94,48.8,0,18276,2867.476964,3302
C,39,92.5,0.94,48.48333333,0,31060,2998.79897,3381
C,39,92.5,0.94,48.16666667,0,27313,2939.780324,3331
C,39,92.5,0.94,47.85,0,26348,2870.62946,3339
C,39,92.5,0.94,47.53333333,0,27360,2877.351718,3358
C,39,92.5,0.94,47.21666667,1,29119,2964.29091,3339
C,39,92.5,0.94,46.9,0,31855,2918.57272,3336
C,39,92.5,0.94,46.83333333,0,28582,2909.808726,3263
C,39,92.5,0.94,46.76666667,0,28528,2937.839807,3220
C,39,92.5,0.94,46.7,0,26076,2923.386792,3209
C,39,92.5,0.94,46.63333333,0,29293,2888.901751,3144
C,39,92.5,0.94,46.56666667,0,24464,2865.181614,3172
C,39,92.5,0.94,46.5,0,20905,2788.082468,3087
C,39,92.5,0.94,46.5,0,28558,2867.629316,3055
C,39,92.5,0.94,46.5,0,28516,2851.024267,3075
C,39,92.5,0.94,46.5,1,26554,2831.318069,3207
D,39,67.5,1.06,44.5,0,19809,2906.041496,3126
D,39,67.5,1.06,44.5,0,20359,2879.119603,3220
D,39,67.5,1.06,44.42857143,1,20944,2886.067466,3227
D,39,67.5,1.06,44.35714286,0,22371,2879.229091,3235
D,39,67.5,1.06,44.28571429,1,23948,2885.093661,3316
D,39,67.5,1.06,44.21428571,0,24823,2882.8729,3290
D,39,67.5,1.06,44.14285714,0,27745,2912.014093,3334
D,39,67.5,1.06,44.07142857,1,28221,2943.874526,3385
D,39,67.5,1.06,44,0,26728,2924.752357,3249
D,39,67.5,1.06,44.91666667,1,26580,2904.326787,3440
D,39,67.5,1.06,45.83333333,0,25951,2907.005819,3241
D,39,67.5,1.06,46.75,0,25612,2875.115922,3277
D,39,67.5,1.06,47.66666667,1,27434,2923.748451,3279
D,39,67.5,1.06,48.58333333,0,30018,2920.240922,3235
D,39,67.5,1.06,49.5,1,24557,2876.494686,3158
D,39,67.5,1.06,47.85,0,26326,2907.202006,3258
D,39,67.5,1.06,46.2,0,26593,2920.676795,3209
D,39,67.5,1.06,44.55,0,21067,2860.053971,3344
D,39,67.5,1.06,42.9,0,25480,2888.724647,3266
D,39,67.5,1.06,41.25,0,31507,2862.738534,3249
D,39,67.5,1.06,39.6,0,23028,2880.194633,3195
D,39,67.5,1.06,41.36666667,0,23683,2903.315416,3231
D,39,67.5,1.06,43.13333333,0,24495,2901.182119,3207
D,39,67.5,1.06,44.9,1,20585,2911.146612,3145
D,39,67.5,1.06,46.66666667,0,20224,2897.097112,3183
D,39,67.5,1.06,48.43333333,0,19566,2927.855259,3308
D,39,67.5,1.06,50.2,1,22433,2877.177061,3194
D,39,67.5,1.06,50.2,0,28263,2907.694441,3313
D,39,67.5,1.06,50.2,1,29525,2920.366842,3153
D,39,67.5,1.06,50.2,0,23618,2875.801634,3288
