0,1,2,3
0.24824136,0.25144893,0.2508561,0.24945362
0.24824136,0.25144893,0.2508561,0.24945362
0.24824136,0.25144893,0.2508561,0.24945362
0.24824136,0.25144893,0.2508561,0.24945362
0.24824136,0.25144893,0.2508561,0.24945362
0.24824136,0.25144893,0.2508561,0.24945362
0.24824136,0.25144893,0.2508561,0.24945362
0.24824136,0.25144893,0.2508561,0.24945362
0.24327654,0.24641995,0.24583898,0.26446453
0.24824136,0.25144893,0.2508561,0.24945362
0.24824136,0.25144893,0.2508561,0.24945362
0.24824136,0.25144893,0.2508561,0.24945362
0.24824136,0.25144893,0.2508561,0.24945362
0.24824136,0.25144893,0.2508561,0.24945362
0.24824136,0.25144893,0.2508561,0.24945362
0.24824136,0.25144893,0.2508561,0.24945362
0.24824136,0.25144893,0.2508561,0.24945362
0.24824136,0.25144893,0.2508561,0.24945362
0.24824136,0.25144893,0.2508561,0.24945362
0.24824136,0.25144893,0.2508561,0.24945362
0.24824136,0.25144893,0.2508561,0.24945362
0.24824136,0.25144893,0.2508561,0.24945362
0.24824136,0.25144893,0.2508561,0.24945362
0.24824136,0.25144893,0.2508561,0.24945362
0.24824136,0.25144893,0.2508561,0.24945362
0.24824136,0.25144893,0.2508561,0.24945362
0.24824136,0.25144893,0.2508561,0.24945362
0.24824136,0.25144893,0.2508561,0.24945362
0.24824136,0.25144893,0.2508561,0.24945362
0.24824136,0.25144893,0.2508561,0.24945362
0.24824136,0.25144893,0.2508561,0.24945362
0.24824136,0.25144893,0.2508561,0.24945362
0.24824136,0.25144893,0.2508561,0.24945362
0.2632724,0.24642411,0.24583898,0.24446455
0.24824136,0.25144893,0.2508561,0.24945362
0.24824136,0.25144893,0.2508561,0.24945362
0.24824136,0.25144893,0.2508561,0.24945362
0.24824136,0.25144893,0.2508561,0.24945362
0.24824136,0.25144893,0.2508561,0.24945362
0.24824136,0.25144893,0.2508561,0.24945362
0.24824136,0.25144893,0.2508561,0.24945362
0.24824136,0.25144893,0.2508561,0.24945362
0.24824136,0.25144893,0.2508561,0.24945362
0.24824136,0.25144893,0.2508561,0.24945362
0.24824136,0.25144893,0.2508561,0.24945362
0.24824136,0.25144893,0.2508561,0.24945362
0.24824136,0.25144893,0.2508561,0.24945362
0.24824136,0.25144893,0.2508561,0.24945362
0.24824136,0.25144893,0.2508561,0.24945362
0.24824136,0.25144893,0.2508561,0.24945362
0.24824136,0.25144893,0.2508561,0.24945362
0.24824136,0.25144893,0.2508561,0.24945362
0.24824136,0.25144893,0.2508561,0.24945362
0.24824136,0.25144893,0.2508561,0.24945362
0.24824136,0.25144893,0.2508561,0.24945362
0.24327654,0.251091,0.26116794,0.24446455
0.24824136,0.25144893,0.2508561,0.24945362
0.24824136,0.25144893,0.2508561,0.24945362
0.24824136,0.25144893,0.2508561,0.24945362
0.24824136,0.25144893,0.2508561,0.24945362
0.24824136,0.25144893,0.2508561,0.24945362
0.24824136,0.25144893,0.2508561,0.24945362
0.24824136,0.25144893,0.2508561,0.24945362
0.24824136,0.25144893,0.2508561,0.24945362
0.24824136,0.25144893,0.2508561,0.24945362
0.24327654,0.24641995,0.24583898,0.26446453
0.24824136,0.25144893,0.2508561,0.24945362
0.24327658,0.25617793,0.25608084,0.24446467
0.24824136,0.25144893,0.2508561,0.24945362
0.24824136,0.25144893,0.2508561,0.24945362
0.24824136,0.25144893,0.2508561,0.24945362
0.24824136,0.25144893,0.2508561,0.24945362
0.24824136,0.25144893,0.2508561,0.24945362
0.24824136,0.25144893,0.2508561,0.24945362
0.24824136,0.25144893,0.2508561,0.24945362
0.24824136,0.25144893,0.2508561,0.24945362
0.24824136,0.25144893,0.2508561,0.24945362
0.24824136,0.25144893,0.2508561,0.24945362
0.24824136,0.25144893,0.2508561,0.24945362
0.24824136,0.25144893,0.2508561,0.24945362
0.24824136,0.25144893,0.2508561,0.24945362
0.24824136,0.25144893,0.2508561,0.24945362
0.24824136,0.25144893,0.2508561,0.24945362
0.24824136,0.25144893,0.2508561,0.24945362
0.24824136,0.25144893,0.2508561,0.24945362
0.24824136,0.25144893,0.2508561,0.24945362
0.24824136,0.25144893,0.2508561,0.24945362
0.24824136,0.25144893,0.2508561,0.24945362
0.24824136,0.25144893,0.2508561,0.24945362
0.24824136,0.25144893,0.2508561,0.24945362
0.24327654,0.24641995,0.24583898,0.26446453
0.24824136,0.25144893,0.2508561,0.24945362
0.24824136,0.25144893,0.2508561,0.24945362
0.24824136,0.25144893,0.2508561,0.24945362
0.24824136,0.25144893,0.2508561,0.24945362
0.24824136,0.25144893,0.2508561,0.24945362
0.26327655,0.24641995,0.24583898,0.24446455
0.24824136,0.25144893,0.2508561,0.24945362
0.24824136,0.25144893,0.2508561,0.24945362
0.24824136,0.25144893,0.2508561,0.24945362
0.24824136,0.25144893,0.2508561,0.24945362
0.24824136,0.25144893,0.2508561,0.24945362
0.24824136,0.25144893,0.2508561,0.24945362
0.24824136,0.25144893,0.2508561,0.24945362
0.24824136,0.25144893,0.2508561,0.24945362
0.24824136,0.25144893,0.2508561,0.24945362
0.24824136,0.25144893,0.2508561,0.24945362
0.24824136,0.25144893,0.2508561,0.24945362
0.24824136,0.25144893,0.2508561,0.24945362
0.24824136,0.25144893,0.2508561,0.24945362
0.24824136,0.25144893,0.2508561,0.24945362
0.24824136,0.25144893,0.2508561,0.24945362
0.24824136,0.25144893,0.2508561,0.24945362
0.24824136,0.25144893,0.2508561,0.24945362
0.24327654,0.26641992,0.24583898,0.24446455
0.24824136,0.25144893,0.2508561,0.24945362
0.24824136,0.25144893,0.2508561,0.24945362
0.24824136,0.25144893,0.2508561,0.24945362
0.24824136,0.25144893,0.2508561,0.24945362
0.24824136,0.25144893,0.2508561,0.24945362
0.24824136,0.25144893,0.2508561,0.24945362
0.24824136,0.25144893,0.2508561,0.24945362
0.24824136,0.25144893,0.2508561,0.24945362
0.24824136,0.25144893,0.2508561,0.24945362
0.24824136,0.25144893,0.2508561,0.24945362
0.24824136,0.25144893,0.2508561,0.24945362
0.24824136,0.25144893,0.2508561,0.24945362
0.24824136,0.25144893,0.2508561,0.24945362
0.24824136,0.25144893,0.2508561,0.24945362
0.24824136,0.25144893,0.2508561,0.24945362
0.24824136,0.25144893,0.2508561,0.24945362
0.24824136,0.25144893,0.2508561,0.24945362
0.24824136,0.25144893,0.2508561,0.24945362
0.26327655,0.24641995,0.24583898,0.24446455
0.24824136,0.25144893,0.2508561,0.24945362
0.24824136,0.25144893,0.2508561,0.24945362
0.24824136,0.25144893,0.2508561,0.24945362
0.24824136,0.25144893,0.2508561,0.24945362
0.24824136,0.25144893,0.2508561,0.24945362
0.24824136,0.25144893,0.2508561,0.24945362
0.24824136,0.25144893,0.2508561,0.24945362
0.24824136,0.25144893,0.2508561,0.24945362
0.24824136,0.25144893,0.2508561,0.24945362
0.24824136,0.25144893,0.2508561,0.24945362
0.24824136,0.25144893,0.2508561,0.24945362
0.24824136,0.25144893,0.2508561,0.24945362
0.24824136,0.25144893,0.2508561,0.24945362
0.24824136,0.25144893,0.2508561,0.24945362
0.24824136,0.25144893,0.2508561,0.24945362
0.24824136,0.25144893,0.2508561,0.24945362
0.24824136,0.25144893,0.2508561,0.24945362
0.24824136,0.25144893,0.2508561,0.24945362
0.24824136,0.25144893,0.2508561,0.24945362
0.24824136,0.25144893,0.2508561,0.24945362
0.24327654,0.24641995,0.26583898,0.24446455
0.24824136,0.25144893,0.2508561,0.24945362
0.24824136,0.25144893,0.2508561,0.24945362
0.24824136,0.25144893,0.2508561,0.24945362
0.26327655,0.24641995,0.24583898,0.24446455
0.24824136,0.25144893,0.2508561,0.24945362
0.24824136,0.25144893,0.2508561,0.24945362
0.24824136,0.25144893,0.2508561,0.24945362
0.24824136,0.25144893,0.2508561,0.24945362
0.24824136,0.25144893,0.2508561,0.24945362
0.24824136,0.25144893,0.2508561,0.24945362
0.24824136,0.25144893,0.2508561,0.24945362
0.24824136,0.25144893,0.2508561,0.24945362
0.24824136,0.25144893,0.2508561,0.24945362
0.24824136,0.25144893,0.2508561,0.24945362
0.24824136,0.25144893,0.2508561,0.24945362
0.24824136,0.25144893,0.2508561,0.24945362
0.24824136,0.25144893,0.2508561,0.24945362
0.24824136,0.25144893,0.2508561,0.24945362
0.24824136,0.25144893,0.2508561,0.24945362
0.24824136,0.25144893,0.2508561,0.24945362
0.24824136,0.25144893,0.2508561,0.24945362
0.24824136,0.25144893,0.2508561,0.24945362
0.24824136,0.25144893,0.2508561,0.24945362
0.24972533,0.24994648,0.24934927,0.25097892
0.24824136,0.25144893,0.2508561,0.24945362
0.24824136,0.25144893,0.2508561,0.24945362
0.24824136,0.25144893,0.2508561,0.24945362
0.24824136,0.25144893,0.2508561,0.24945362
0.24824136,0.25144893,0.2508561,0.24945362
0.24824136,0.25144893,0.2508561,0.24945362
0.24824136,0.25144893,0.2508561,0.24945362
0.24824136,0.25144893,0.2508561,0.24945362
0.24824136,0.25144893,0.2508561,0.24945362
0.24824136,0.25144893,0.2508561,0.24945362
0.24824136,0.25144893,0.2508561,0.24945362
0.24824136,0.25144893,0.2508561,0.24945362
0.24824136,0.25144893,0.2508561,0.24945362
0.24824136,0.25144893,0.2508561,0.24945362
0.24824136,0.25144893,0.2508561,0.24945362
0.24824136,0.25144893,0.2508561,0.24945362
0.24824136,0.25144893,0.2508561,0.24945362
0.24824136,0.25144893,0.2508561,0.24945362
0.24824136,0.25144893,0.2508561,0.24945362
0.26327655,0.24641995,0.24583898,0.24446455
0.24824136,0.25144893,0.2508561,0.24945362
0.24824136,0.25144893,0.2508561,0.24945362
0.24824136,0.25144893,0.2508561,0.24945362
0.24824136,0.25144893,0.2508561,0.24945362
0.24824136,0.25144893,0.2508561,0.24945362
0.24824136,0.25144893,0.2508561,0.24945362
0.24824136,0.25144893,0.2508561,0.24945362
0.24824136,0.25144893,0.2508561,0.24945362
0.24824136,0.25144893,0.2508561,0.24945362
0.24824136,0.25144893,0.2508561,0.24945362
0.24824136,0.25144893,0.2508561,0.24945362
0.24824136,0.25144893,0.2508561,0.24945362
0.24824136,0.25144893,0.2508561,0.24945362
0.24824136,0.25144893,0.2508561,0.24945362
0.24824136,0.25144893,0.2508561,0.24945362
0.26327166,0.24642481,0.24583898,0.24446455
0.24824136,0.25144893,0.2508561,0.24945362
0.24824136,0.25144893,0.2508561,0.24945362
0.24824136,0.25144893,0.2508561,0.24945362
0.24824136,0.25144893,0.2508561,0.24945362
0.24824136,0.25144893,0.2508561,0.24945362
0.24824136,0.25144893,0.2508561,0.24945362
0.24824136,0.25144893,0.2508561,0.24945362
0.24824136,0.25144893,0.2508561,0.24945362
0.24824136,0.25144893,0.2508561,0.24945362
0.2522615,0.24641995,0.24583898,0.2554796
0.24824136,0.25144893,0.2508561,0.24945362
0.24824136,0.25144893,0.2508561,0.24945362
0.24824136,0.25144893,0.2508561,0.24945362
0.24824136,0.25144893,0.2508561,0.24945362
0.24824136,0.25144893,0.2508561,0.24945362
0.24824136,0.25144893,0.2508561,0.24945362
0.24824136,0.25144893,0.2508561,0.24945362
0.24824136,0.25144893,0.2508561,0.24945362
0.24824136,0.25144893,0.2508561,0.24945362
0.24824136,0.25144893,0.2508561,0.24945362
0.24824136,0.25144893,0.2508561,0.24945362
0.24824136,0.25144893,0.2508561,0.24945362
0.24824136,0.25144893,0.2508561,0.24945362
0.26327655,0.24641995,0.24583898,0.24446455
0.24824136,0.25144893,0.2508561,0.24945362
0.26327655,0.24641995,0.24583898,0.24446455
0.24824136,0.25144893,0.2508561,0.24945362
0.24824136,0.25144893,0.2508561,0.24945362
0.24824136,0.25144893,0.2508561,0.24945362
0.24824136,0.25144893,0.2508561,0.24945362
0.24824136,0.25144893,0.2508561,0.24945362
0.24327654,0.24641995,0.26583898,0.24446455
0.24824136,0.25144893,0.2508561,0.24945362
0.24824136,0.25144893,0.2508561,0.24945362
0.24824136,0.25144893,0.2508561,0.24945362
0.24824136,0.25144893,0.2508561,0.24945362
0.24824136,0.25144893,0.2508561,0.24945362
0.24824136,0.25144893,0.2508561,0.24945362
0.24824136,0.25144893,0.2508561,0.24945362
0.24824136,0.25144893,0.2508561,0.24945362
0.24824136,0.25144893,0.2508561,0.24945362
0.24824136,0.25144893,0.2508561,0.24945362
0.24824136,0.25144893,0.2508561,0.24945362
0.24824136,0.25144893,0.2508561,0.24945362
0.24824136,0.25144893,0.2508561,0.24945362
0.24824136,0.25144893,0.2508561,0.24945362
0.24824136,0.25144893,0.2508561,0.24945362
0.24824136,0.25144893,0.2508561,0.24945362
0.24824136,0.25144893,0.2508561,0.24945362
0.24824136,0.25144893,0.2508561,0.24945362
0.24824136,0.25144893,0.2508561,0.24945362
0.24824136,0.25144893,0.2508561,0.24945362
0.24824136,0.25144893,0.2508561,0.24945362
0.24824136,0.25144893,0.2508561,0.24945362
0.24824136,0.25144893,0.2508561,0.24945362
0.24824136,0.25144893,0.2508561,0.24945362
0.24824136,0.25144893,0.2508561,0.24945362
0.24824136,0.25144893,0.2508561,0.24945362
0.24824136,0.25144893,0.2508561,0.24945362
0.24824136,0.25144893,0.2508561,0.24945362
0.24824136,0.25144893,0.2508561,0.24945362
0.24824136,0.25144893,0.2508561,0.24945362
0.24824136,0.25144893,0.2508561,0.24945362
0.24824136,0.25144893,0.2508561,0.24945362
0.24824136,0.25144893,0.2508561,0.24945362
0.24824136,0.25144893,0.2508561,0.24945362
0.24824136,0.25144893,0.2508561,0.24945362
0.24824136,0.25144893,0.2508561,0.24945362
0.24824136,0.25144893,0.2508561,0.24945362
0.24824136,0.25144893,0.2508561,0.24945362
0.24327654,0.24641995,0.265839,0.24446455
0.24824136,0.25144893,0.2508561,0.24945362
0.24824136,0.25144893,0.2508561,0.24945362
0.25187364,0.24641995,0.24583898,0.25586745
0.24824136,0.25144893,0.2508561,0.24945362
0.24824136,0.25144893,0.2508561,0.24945362
0.24824136,0.25144893,0.2508561,0.24945362
0.24824136,0.25144893,0.2508561,0.24945362
0.24327654,0.24680302,0.26545593,0.24446455
0.24824136,0.25144893,0.2508561,0.24945362
0.24824136,0.25144893,0.2508561,0.24945362
0.24824136,0.25144893,0.2508561,0.24945362
0.24824136,0.25144893,0.2508561,0.24945362
0.24824136,0.25144893,0.2508561,0.24945362
0.24327654,0.24641995,0.265839,0.24446455
0.24824136,0.25144893,0.2508561,0.24945362
0.24824136,0.25144893,0.2508561,0.24945362
0.24824136,0.25144893,0.2508561,0.24945362
0.24824136,0.25144893,0.2508561,0.24945362
0.24824136,0.25144893,0.2508561,0.24945362
0.24824136,0.25144893,0.2508561,0.24945362
0.24824136,0.25144893,0.2508561,0.24945362
0.24824136,0.25144893,0.2508561,0.24945362
0.24824136,0.25144893,0.2508561,0.24945362
0.24824136,0.25144893,0.2508561,0.24945362
0.24824136,0.25144893,0.2508561,0.24945362
0.24824136,0.25144893,0.2508561,0.24945362
0.24824136,0.25144893,0.2508561,0.24945362
0.24824136,0.25144893,0.2508561,0.24945362
0.24824136,0.25144893,0.2508561,0.24945362
0.24824136,0.25144893,0.2508561,0.24945362
0.24824136,0.25144893,0.2508561,0.24945362
0.24824136,0.25144893,0.2508561,0.24945362
0.24824136,0.25144893,0.2508561,0.24945362
0.24824136,0.25144893,0.2508561,0.24945362
0.24824136,0.25144893,0.2508561,0.24945362
0.24824136,0.25144893,0.2508561,0.24945362
0.24327654,0.25562915,0.25662977,0.24446455
0.24824136,0.25144893,0.2508561,0.24945362
0.24824136,0.25144893,0.2508561,0.24945362
0.24824136,0.25144893,0.2508561,0.24945362
0.24327654,0.2662865,0.24597238,0.24446455
0.24824136,0.25144893,0.2508561,0.24945362
0.24824136,0.25144893,0.2508561,0.24945362
0.24824136,0.25144893,0.2508561,0.24945362
0.24824136,0.25144893,0.2508561,0.24945362
0.24824136,0.25144893,0.2508561,0.24945362
0.24824136,0.25144893,0.2508561,0.24945362
0.24824136,0.25144893,0.2508561,0.24945362
0.24824136,0.25144893,0.2508561,0.24945362
0.24824136,0.25144893,0.2508561,0.24945362
0.24824136,0.25144893,0.2508561,0.24945362
0.25293913,0.24655437,0.24597101,0.2545355
0.24824136,0.25144893,0.2508561,0.24945362
0.24824136,0.25144893,0.2508561,0.24945362
0.24824136,0.25144893,0.2508561,0.24945362
0.24824136,0.25144893,0.2508561,0.24945362
0.24824136,0.25144893,0.2508561,0.24945362
0.24824136,0.25144893,0.2508561,0.24945362
0.24824136,0.25144893,0.2508561,0.24945362
0.24824136,0.25144893,0.2508561,0.24945362
0.24824136,0.25144893,0.2508561,0.24945362
0.24824136,0.25144893,0.2508561,0.24945362
0.24824136,0.25144893,0.2508561,0.24945362
0.24327669,0.25620112,0.25605735,0.24446487
0.24824136,0.25144893,0.2508561,0.24945362
0.24824136,0.25144893,0.2508561,0.24945362
0.24824136,0.25144893,0.2508561,0.24945362
0.24824136,0.25144893,0.2508561,0.24945362
0.24824136,0.25144893,0.2508561,0.24945362
0.24824136,0.25144893,0.2508561,0.24945362
0.24824136,0.25144893,0.2508561,0.24945362
0.24824136,0.25144893,0.2508561,0.24945362
0.24824136,0.25144893,0.2508561,0.24945362
0.24824136,0.25144893,0.2508561,0.24945362
0.24824136,0.25144893,0.2508561,0.24945362
0.24824136,0.25144893,0.2508561,0.24945362
0.24824136,0.25144893,0.2508561,0.24945362
0.2436853,0.24641995,0.2654302,0.24446455
0.24824136,0.25144893,0.2508561,0.24945362
0.24824136,0.25144893,0.2508561,0.24945362
0.24824136,0.25144893,0.2508561,0.24945362
0.25284675,0.24642065,0.24583967,0.25489295
0.24824136,0.25144893,0.2508561,0.24945362
0.24824136,0.25144893,0.2508561,0.24945362
0.24824136,0.25144893,0.2508561,0.24945362
0.24824136,0.25144893,0.2508561,0.24945362
0.24824136,0.25144893,0.2508561,0.24945362
0.24824136,0.25144893,0.2508561,0.24945362
0.24824136,0.25144893,0.2508561,0.24945362
0.24824136,0.25144893,0.2508561,0.24945362
0.24824136,0.25144893,0.2508561,0.24945362
0.24824136,0.25144893,0.2508561,0.24945362
0.24824136,0.25144893,0.2508561,0.24945362
0.24824136,0.25144893,0.2508561,0.24945362
0.24824136,0.25144893,0.2508561,0.24945362
0.24824136,0.25144893,0.2508561,0.24945362
0.24824136,0.25144893,0.2508561,0.24945362
0.24824136,0.25144893,0.2508561,0.24945362
0.24824136,0.25144893,0.2508561,0.24945362
0.24824136,0.25144893,0.2508561,0.24945362
0.24824136,0.25144893,0.2508561,0.24945362
0.24824136,0.25144893,0.2508561,0.24945362
0.24824136,0.25144893,0.2508561,0.24945362
0.24824136,0.25144893,0.2508561,0.24945362
0.24824136,0.25144893,0.2508561,0.24945362
0.24824136,0.25144893,0.2508561,0.24945362
0.24824136,0.25144893,0.2508561,0.24945362
0.24824136,0.25144893,0.2508561,0.24945362
0.24824136,0.25144893,0.2508561,0.24945362
0.24824136,0.25144893,0.2508561,0.24945362
0.24824136,0.25144893,0.2508561,0.24945362
0.24824136,0.25144893,0.2508561,0.24945362
0.24824136,0.25144893,0.2508561,0.24945362
0.24824136,0.25144893,0.2508561,0.24945362
0.24824136,0.25144893,0.2508561,0.24945362
0.24824136,0.25144893,0.2508561,0.24945362
0.26327655,0.24641995,0.24583898,0.24446455
0.24824136,0.25144893,0.2508561,0.24945362
0.24824136,0.25144893,0.2508561,0.24945362
0.24824136,0.25144893,0.2508561,0.24945362
0.24824136,0.25144893,0.2508561,0.24945362
0.24824136,0.25144893,0.2508561,0.24945362
0.24824136,0.25144893,0.2508561,0.24945362
0.24824136,0.25144893,0.2508561,0.24945362
0.24824136,0.25144893,0.2508561,0.24945362
0.24824136,0.25144893,0.2508561,0.24945362
0.24824136,0.25144893,0.2508561,0.24945362
0.24824136,0.25144893,0.2508561,0.24945362
0.24824136,0.25144893,0.2508561,0.24945362
0.24824136,0.25144893,0.2508561,0.24945362
0.24824136,0.25144893,0.2508561,0.24945362
0.24824136,0.25144893,0.2508561,0.24945362
0.24824136,0.25144893,0.2508561,0.24945362
0.24824136,0.25144893,0.2508561,0.24945362
0.24824136,0.25144893,0.2508561,0.24945362
0.24824136,0.25144893,0.2508561,0.24945362
0.24824136,0.25144893,0.2508561,0.24945362
0.24824136,0.25144893,0.2508561,0.24945362
0.24824136,0.25144893,0.2508561,0.24945362
0.24824136,0.25144893,0.2508561,0.24945362
0.24824136,0.25144893,0.2508561,0.24945362
0.24824136,0.25144893,0.2508561,0.24945362
0.24824136,0.25144893,0.2508561,0.24945362
0.24824136,0.25144893,0.2508561,0.24945362
0.24824136,0.25144893,0.2508561,0.24945362
0.24824136,0.25144893,0.2508561,0.24945362
0.24824136,0.25144893,0.2508561,0.24945362
0.24824136,0.25144893,0.2508561,0.24945362
0.24824136,0.25144893,0.2508561,0.24945362
0.24824136,0.25144893,0.2508561,0.24945362
0.24824136,0.25144893,0.2508561,0.24945362
0.24824136,0.25144893,0.2508561,0.24945362
0.24824136,0.25144893,0.2508561,0.24945362
0.24824136,0.25144893,0.2508561,0.24945362
0.24824136,0.25144893,0.2508561,0.24945362
0.24824136,0.25144893,0.2508561,0.24945362
0.24824136,0.25144893,0.2508561,0.24945362
0.24824136,0.25144893,0.2508561,0.24945362
0.24824136,0.25144893,0.2508561,0.24945362
0.24824136,0.25144893,0.2508561,0.24945362
0.24824136,0.25144893,0.2508561,0.24945362
0.25297377,0.24644482,0.24586324,0.25471818
0.24824136,0.25144893,0.2508561,0.24945362
0.24824136,0.25144893,0.2508561,0.24945362
0.24824136,0.25144893,0.2508561,0.24945362
0.24824136,0.25144893,0.2508561,0.24945362
0.24824136,0.25144893,0.2508561,0.24945362
0.24824136,0.25144893,0.2508561,0.24945362
0.24824136,0.25144893,0.2508561,0.24945362
0.24824136,0.25144893,0.2508561,0.24945362
0.24824136,0.25144893,0.2508561,0.24945362
0.24327654,0.24641995,0.24583898,0.26446456
0.24824136,0.25144893,0.2508561,0.24945362
0.24824136,0.25144893,0.2508561,0.24945362
0.24824136,0.25144893,0.2508561,0.24945362
0.24824136,0.25144893,0.2508561,0.24945362
0.24824136,0.25144893,0.2508561,0.24945362
0.24824136,0.25144893,0.2508561,0.24945362
0.24327654,0.26641995,0.24583898,0.24446455
0.24824136,0.25144893,0.2508561,0.24945362
0.24824136,0.25144893,0.2508561,0.24945362
0.24824136,0.25144893,0.2508561,0.24945362
0.24824136,0.25144893,0.2508561,0.24945362
0.24824136,0.25144893,0.2508561,0.24945362
0.24824136,0.25144893,0.2508561,0.24945362
0.24824136,0.25144893,0.2508561,0.24945362
0.24824136,0.25144893,0.2508561,0.24945362
0.24824136,0.25144893,0.2508561,0.24945362
0.24824136,0.25144893,0.2508561,0.24945362
0.24824136,0.25144893,0.2508561,0.24945362
0.24824136,0.25144893,0.2508561,0.24945362
0.24824136,0.25144893,0.2508561,0.24945362
0.24824136,0.25144893,0.2508561,0.24945362
0.24824136,0.25144893,0.2508561,0.24945362
0.24824136,0.25144893,0.2508561,0.24945362
0.24824136,0.25144893,0.2508561,0.24945362
0.24824136,0.25144893,0.2508561,0.24945362
0.24824136,0.25144893,0.2508561,0.24945362
0.24824136,0.25144893,0.2508561,0.24945362
0.24327654,0.25385603,0.2584029,0.24446455
0.24824136,0.25144893,0.2508561,0.24945362
0.24824136,0.25144893,0.2508561,0.24945362
0.24824136,0.25144893,0.2508561,0.24945362
0.24824136,0.25144893,0.2508561,0.24945362
0.24824136,0.25144893,0.2508561,0.24945362
0.24824136,0.25144893,0.2508561,0.24945362
0.24824136,0.25144893,0.2508561,0.24945362
0.24824136,0.25144893,0.2508561,0.24945362
0.24824136,0.25144893,0.2508561,0.24945362
0.24824136,0.25144893,0.2508561,0.24945362
0.24824136,0.25144893,0.2508561,0.24945362
0.24824136,0.25144893,0.2508561,0.24945362
0.24824136,0.25144893,0.2508561,0.24945362
0.24824136,0.25144893,0.2508561,0.24945362
0.2632737,0.24642281,0.24583898,0.24446455
0.24824136,0.25144893,0.2508561,0.24945362
0.24824136,0.25144893,0.2508561,0.24945362
0.24824136,0.25144893,0.2508561,0.24945362
0.24824136,0.25144893,0.2508561,0.24945362
0.24824136,0.25144893,0.2508561,0.24945362
0.24824136,0.25144893,0.2508561,0.24945362
0.26327655,0.24641995,0.24583898,0.24446455
0.24824136,0.25144893,0.2508561,0.24945362
0.24824136,0.25144893,0.2508561,0.24945362
0.24824136,0.25144893,0.2508561,0.24945362
0.24327654,0.24641995,0.265839,0.24446455
0.24824136,0.25144893,0.2508561,0.24945362
0.24824136,0.25144893,0.2508561,0.24945362
0.24824136,0.25144893,0.2508561,0.24945362
0.24824136,0.25144893,0.2508561,0.24945362
0.24824136,0.25144893,0.2508561,0.24945362
0.24824136,0.25144893,0.2508561,0.24945362
0.24824136,0.25144893,0.2508561,0.24945362
0.24824136,0.25144893,0.2508561,0.24945362
0.24824136,0.25144893,0.2508561,0.24945362
0.24824136,0.25144893,0.2508561,0.24945362
0.24824136,0.25144893,0.2508561,0.24945362
0.24824136,0.25144893,0.2508561,0.24945362
0.24824136,0.25144893,0.2508561,0.24945362
0.24824136,0.25144893,0.2508561,0.24945362
0.24824136,0.25144893,0.2508561,0.24945362
0.24824136,0.25144893,0.2508561,0.24945362
0.24824136,0.25144893,0.2508561,0.24945362
0.24824136,0.25144893,0.2508561,0.24945362
0.24824136,0.25144893,0.2508561,0.24945362
0.24824136,0.25144893,0.2508561,0.24945362
0.24824136,0.25144893,0.2508561,0.24945362
0.24824136,0.25144893,0.2508561,0.24945362
0.24824136,0.25144893,0.2508561,0.24945362
0.24824136,0.25144893,0.2508561,0.24945362
0.24824136,0.25144893,0.2508561,0.24945362
0.24824136,0.25144893,0.2508561,0.24945362
0.24824136,0.25144893,0.2508561,0.24945362
0.24824136,0.25144893,0.2508561,0.24945362
0.24824136,0.25144893,0.2508561,0.24945362
0.24824136,0.25144893,0.2508561,0.24945362
0.24824136,0.25144893,0.2508561,0.24945362
0.24327654,0.24641995,0.265839,0.24446455
0.24824136,0.25144893,0.2508561,0.24945362
0.24824136,0.25144893,0.2508561,0.24945362
0.24824136,0.25144893,0.2508561,0.24945362
0.24824136,0.25144893,0.2508561,0.24945362
0.24824136,0.25144893,0.2508561,0.24945362
0.24824136,0.25144893,0.2508561,0.24945362
0.24824136,0.25144893,0.2508561,0.24945362
0.25235343,0.24641995,0.24583898,0.25538766
0.24824136,0.25144893,0.2508561,0.24945362
0.24824136,0.25144893,0.2508561,0.24945362
0.24824136,0.25144893,0.2508561,0.24945362
0.24824136,0.25144893,0.2508561,0.24945362
0.24824136,0.25144893,0.2508561,0.24945362
0.24824136,0.25144893,0.2508561,0.24945362
0.24824136,0.25144893,0.2508561,0.24945362
0.24824136,0.25144893,0.2508561,0.24945362
0.26327655,0.24641995,0.24583898,0.24446455
0.24824136,0.25144893,0.2508561,0.24945362
0.24824136,0.25144893,0.2508561,0.24945362
0.24824136,0.25144893,0.2508561,0.24945362
0.24824136,0.25144893,0.2508561,0.24945362
0.24824136,0.25144893,0.2508561,0.24945362
0.24824136,0.25144893,0.2508561,0.24945362
0.24824136,0.25144893,0.2508561,0.24945362
0.24824136,0.25144893,0.2508561,0.24945362
0.24824136,0.25144893,0.2508561,0.24945362
0.24824136,0.25144893,0.2508561,0.24945362
0.24824136,0.25144893,0.2508561,0.24945362
0.24824136,0.25144893,0.2508561,0.24945362
0.24824136,0.25144893,0.2508561,0.24945362
0.24824136,0.25144893,0.2508561,0.24945362
0.24824136,0.25144893,0.2508561,0.24945362
0.24824136,0.25144893,0.2508561,0.24945362
0.24824136,0.25144893,0.2508561,0.24945362
0.24824136,0.25144893,0.2508561,0.24945362
0.24824136,0.25144893,0.2508561,0.24945362
0.24824136,0.25144893,0.2508561,0.24945362
0.24824136,0.25144893,0.2508561,0.24945362
0.24327654,0.25354725,0.2587117,0.24446455
0.24824136,0.25144893,0.2508561,0.24945362
0.24824136,0.25144893,0.2508561,0.24945362
0.24824136,0.25144893,0.2508561,0.24945362
0.24824136,0.25144893,0.2508561,0.24945362
0.24327654,0.24641995,0.24583898,0.26446456
0.24824136,0.25144893,0.2508561,0.24945362
0.24824136,0.25144893,0.2508561,0.24945362
0.24824136,0.25144893,0.2508561,0.24945362
0.24824136,0.25144893,0.2508561,0.24945362
0.24824136,0.25144893,0.2508561,0.24945362
0.24824136,0.25144893,0.2508561,0.24945362
0.24824136,0.25144893,0.2508561,0.24945362
0.24824136,0.25144893,0.2508561,0.24945362
0.24824136,0.25144893,0.2508561,0.24945362
0.24824136,0.25144893,0.2508561,0.24945362
0.24824136,0.25144893,0.2508561,0.24945362
0.24824136,0.25144893,0.2508561,0.24945362
0.24824136,0.25144893,0.2508561,0.24945362
0.24824136,0.25144893,0.2508561,0.24945362
0.24824136,0.25144893,0.2508561,0.24945362
0.24824136,0.25144893,0.2508561,0.24945362
0.24824136,0.25144893,0.2508561,0.24945362
0.24824136,0.25144893,0.2508561,0.24945362
0.24824136,0.25144893,0.2508561,0.24945362
0.24824136,0.25144893,0.2508561,0.24945362
0.24824136,0.25144893,0.2508561,0.24945362
0.24824136,0.25144893,0.2508561,0.24945362
0.24824136,0.25144893,0.2508561,0.24945362
0.24824136,0.25144893,0.2508561,0.24945362
0.24824136,0.25144893,0.2508561,0.24945362
0.24824136,0.25144893,0.2508561,0.24945362
0.24824136,0.25144893,0.2508561,0.24945362
0.24824136,0.25144893,0.2508561,0.24945362
0.24824136,0.25144893,0.2508561,0.24945362
0.24824136,0.25144893,0.2508561,0.24945362
0.24824136,0.25144893,0.2508561,0.24945362
0.24824136,0.25144893,0.2508561,0.24945362
0.24824136,0.25144893,0.2508561,0.24945362
0.24824136,0.25144893,0.2508561,0.24945362
0.24824136,0.25144893,0.2508561,0.24945362
0.24824136,0.25144893,0.2508561,0.24945362
0.24824136,0.25144893,0.2508561,0.24945362
0.24824136,0.25144893,0.2508561,0.24945362
0.24824136,0.25144893,0.2508561,0.24945362
0.24824136,0.25144893,0.2508561,0.24945362
0.24824136,0.25144893,0.2508561,0.24945362
0.24824136,0.25144893,0.2508561,0.24945362
0.24824136,0.25144893,0.2508561,0.24945362
0.24824136,0.25144893,0.2508561,0.24945362
0.24824136,0.25144893,0.2508561,0.24945362
0.24824136,0.25144893,0.2508561,0.24945362
0.24824136,0.25144893,0.2508561,0.24945362
0.26327655,0.24641995,0.24583898,0.24446455
0.24824136,0.25144893,0.2508561,0.24945362
0.24824136,0.25144893,0.2508561,0.24945362
0.24824136,0.25144893,0.2508561,0.24945362
0.24824136,0.25144893,0.2508561,0.24945362
0.24824136,0.25144893,0.2508561,0.24945362
0.24824136,0.25144893,0.2508561,0.24945362
0.24824136,0.25144893,0.2508561,0.24945362
0.24824136,0.25144893,0.2508561,0.24945362
0.24824136,0.25144893,0.2508561,0.24945362
0.24824136,0.25144893,0.2508561,0.24945362
0.24824136,0.25144893,0.2508561,0.24945362
0.24824136,0.25144893,0.2508561,0.24945362
0.24824136,0.25144893,0.2508561,0.24945362
0.24824136,0.25144893,0.2508561,0.24945362
0.24824136,0.25144893,0.2508561,0.24945362
0.26327655,0.24641995,0.24583898,0.24446455
0.24824136,0.25144893,0.2508561,0.24945362
0.24824136,0.25144893,0.2508561,0.24945362
0.24824136,0.25144893,0.2508561,0.24945362
0.24824136,0.25144893,0.2508561,0.24945362
0.24327654,0.24641995,0.26583898,0.24446455
0.24824136,0.25144893,0.2508561,0.24945362
0.24327654,0.24641995,0.26583898,0.24446455
0.24824136,0.25144893,0.2508561,0.24945362
0.24824136,0.25144893,0.2508561,0.24945362
0.24824136,0.25144893,0.2508561,0.24945362
0.24824136,0.25144893,0.2508561,0.24945362
0.24824136,0.25144893,0.2508561,0.24945362
0.24824136,0.25144893,0.2508561,0.24945362
0.24824136,0.25144893,0.2508561,0.24945362
0.24824136,0.25144893,0.2508561,0.24945362
0.24824136,0.25144893,0.2508561,0.24945362
0.24824136,0.25144893,0.2508561,0.24945362
0.24824136,0.25144893,0.2508561,0.24945362
0.24824136,0.25144893,0.2508561,0.24945362
0.24824136,0.25144893,0.2508561,0.24945362
0.25243086,0.24641995,0.24583898,0.25531024
0.24824136,0.25144893,0.2508561,0.24945362
0.24824136,0.25144893,0.2508561,0.24945362
0.24824136,0.25144893,0.2508561,0.24945362
0.24824136,0.25144893,0.2508561,0.24945362
0.24824136,0.25144893,0.2508561,0.24945362
0.24824136,0.25144893,0.2508561,0.24945362
0.24824136,0.25144893,0.2508561,0.24945362
0.24824136,0.25144893,0.2508561,0.24945362
0.24824136,0.25144893,0.2508561,0.24945362
0.24824136,0.25144893,0.2508561,0.24945362
0.24824136,0.25144893,0.2508561,0.24945362
0.24824136,0.25144893,0.2508561,0.24945362
0.24824136,0.25144893,0.2508561,0.24945362
0.24824136,0.25144893,0.2508561,0.24945362
0.24824136,0.25144893,0.2508561,0.24945362
0.24824136,0.25144893,0.2508561,0.24945362
0.24824136,0.25144893,0.2508561,0.24945362
0.24824136,0.25144893,0.2508561,0.24945362
0.24824136,0.25144893,0.2508561,0.24945362
0.24824136,0.25144893,0.2508561,0.24945362
0.24824136,0.25144893,0.2508561,0.24945362
0.24824136,0.25144893,0.2508561,0.24945362
0.24824136,0.25144893,0.2508561,0.24945362
0.24824136,0.25144893,0.2508561,0.24945362
0.24824136,0.25144893,0.2508561,0.24945362
0.24824136,0.25144893,0.2508561,0.24945362
0.24824136,0.25144893,0.2508561,0.24945362
0.24824136,0.25144893,0.2508561,0.24945362
0.24824136,0.25144893,0.2508561,0.24945362
0.24327654,0.25586292,0.256396,0.24446455
0.24824136,0.25144893,0.2508561,0.24945362
0.24824136,0.25144893,0.2508561,0.24945362
0.24824136,0.25144893,0.2508561,0.24945362
0.24824136,0.25144893,0.2508561,0.24945362
0.24824136,0.25144893,0.2508561,0.24945362
0.24824136,0.25144893,0.2508561,0.24945362
0.24824136,0.25144893,0.2508561,0.24945362
0.24824136,0.25144893,0.2508561,0.24945362
0.24824136,0.25144893,0.2508561,0.24945362
0.24824136,0.25144893,0.2508561,0.24945362
0.26313993,0.24655655,0.24583898,0.24446455
0.24824136,0.25144893,0.2508561,0.24945362
0.24824136,0.25144893,0.2508561,0.24945362
0.25048223,0.24641995,0.24583898,0.25725886
0.24824136,0.25144893,0.2508561,0.24945362
0.24824136,0.25144893,0.2508561,0.24945362
0.24824136,0.25144893,0.2508561,0.24945362
0.24824136,0.25144893,0.2508561,0.24945362
0.24824136,0.25144893,0.2508561,0.24945362
0.24824136,0.25144893,0.2508561,0.24945362
0.24824136,0.25144893,0.2508561,0.24945362
0.24824136,0.25144893,0.2508561,0.24945362
0.24824136,0.25144893,0.2508561,0.24945362
0.24824136,0.25144893,0.2508561,0.24945362
0.24824136,0.25144893,0.2508561,0.24945362
0.24824136,0.25144893,0.2508561,0.24945362
0.24824136,0.25144893,0.2508561,0.24945362
0.24824136,0.25144893,0.2508561,0.24945362
0.24824136,0.25144893,0.2508561,0.24945362
0.24824136,0.25144893,0.2508561,0.24945362
0.24327654,0.24672513,0.24583898,0.26415938
0.24824136,0.25144893,0.2508561,0.24945362
0.24824136,0.25144893,0.2508561,0.24945362
0.24824136,0.25144893,0.2508561,0.24945362
0.24824136,0.25144893,0.2508561,0.24945362
0.24824136,0.25144893,0.2508561,0.24945362
0.24824136,0.25144893,0.2508561,0.24945362
0.24824136,0.25144893,0.2508561,0.24945362
0.24824136,0.25144893,0.2508561,0.24945362
0.24824136,0.25144893,0.2508561,0.24945362
0.24327654,0.24641995,0.265839,0.24446455
0.24824136,0.25144893,0.2508561,0.24945362
0.24882771,0.25085676,0.2502615,0.25005406
0.24824136,0.25144893,0.2508561,0.24945362
0.24824136,0.25144893,0.2508561,0.24945362
0.24824136,0.25144893,0.2508561,0.24945362
0.24824136,0.25144893,0.2508561,0.24945362
0.24824136,0.25144893,0.2508561,0.24945362
0.24824136,0.25144893,0.2508561,0.24945362
0.24327654,0.24924341,0.2630155,0.24446455
0.24824136,0.25144893,0.2508561,0.24945362
0.24824136,0.25144893,0.2508561,0.24945362
0.24824136,0.25144893,0.2508561,0.24945362
0.24824136,0.25144893,0.2508561,0.24945362
0.24824136,0.25144893,0.2508561,0.24945362
0.24824136,0.25144893,0.2508561,0.24945362
0.24824136,0.25144893,0.2508561,0.24945362
0.24824136,0.25144893,0.2508561,0.24945362
0.24824136,0.25144893,0.2508561,0.24945362
0.24824136,0.25144893,0.2508561,0.24945362
0.24824136,0.25144893,0.2508561,0.24945362
0.25031418,0.24641995,0.24583898,0.25742692
0.24824136,0.25144893,0.2508561,0.24945362
0.25147325,0.24815492,0.24755998,0.25281188
0.24824136,0.25144893,0.2508561,0.24945362
0.24824136,0.25144893,0.2508561,0.24945362
0.24824136,0.25144893,0.2508561,0.24945362
0.24327654,0.24641995,0.265839,0.24446455
0.24824136,0.25144893,0.2508561,0.24945362
0.24824136,0.25144893,0.2508561,0.24945362
0.24824136,0.25144893,0.2508561,0.24945362
0.24824136,0.25144893,0.2508561,0.24945362
0.24824136,0.25144893,0.2508561,0.24945362
0.24824136,0.25144893,0.2508561,0.24945362
0.24824136,0.25144893,0.2508561,0.24945362
0.24824136,0.25144893,0.2508561,0.24945362
0.24824136,0.25144893,0.2508561,0.24945362
0.24824136,0.25144893,0.2508561,0.24945362
0.24824136,0.25144893,0.2508561,0.24945362
0.24824136,0.25144893,0.2508561,0.24945362
0.24824136,0.25144893,0.2508561,0.24945362
0.24824136,0.25144893,0.2508561,0.24945362
0.24824136,0.25144893,0.2508561,0.24945362
0.24824136,0.25144893,0.2508561,0.24945362
0.24824136,0.25144893,0.2508561,0.24945362
0.24824136,0.25144893,0.2508561,0.24945362
0.24824136,0.25144893,0.2508561,0.24945362
0.24824136,0.25144893,0.2508561,0.24945362
0.24824136,0.25144893,0.2508561,0.24945362
0.24824136,0.25144893,0.2508561,0.24945362
0.24824136,0.25144893,0.2508561,0.24945362
0.24824136,0.25144893,0.2508561,0.24945362
0.24824136,0.25144893,0.2508561,0.24945362
0.24824136,0.25144893,0.2508561,0.24945362
0.24824136,0.25144893,0.2508561,0.24945362
0.24824136,0.25144893,0.2508561,0.24945362
0.24824136,0.25144893,0.2508561,0.24945362
0.26327655,0.24641995,0.24583898,0.24446455
0.24824136,0.25144893,0.2508561,0.24945362
0.24824136,0.25144893,0.2508561,0.24945362
0.24824136,0.25144893,0.2508561,0.24945362
0.24824136,0.25144893,0.2508561,0.24945362
0.24824136,0.25144893,0.2508561,0.24945362
0.24824136,0.25144893,0.2508561,0.24945362
0.24824136,0.25144893,0.2508561,0.24945362
0.24824136,0.25144893,0.2508561,0.24945362
0.24824136,0.25144893,0.2508561,0.24945362
0.24824136,0.25144893,0.2508561,0.24945362
0.24824136,0.25144893,0.2508561,0.24945362
0.24824136,0.25144893,0.2508561,0.24945362
0.24824136,0.25144893,0.2508561,0.24945362
0.24824136,0.25144893,0.2508561,0.24945362
0.24824136,0.25144893,0.2508561,0.24945362
0.24824136,0.25144893,0.2508561,0.24945362
0.24824136,0.25144893,0.2508561,0.24945362
0.24824136,0.25144893,0.2508561,0.24945362
0.24824136,0.25144893,0.2508561,0.24945362
0.24824136,0.25144893,0.2508561,0.24945362
0.24824136,0.25144893,0.2508561,0.24945362
0.24824136,0.25144893,0.2508561,0.24945362
0.24824136,0.25144893,0.2508561,0.24945362
0.24824136,0.25144893,0.2508561,0.24945362
0.24824136,0.25144893,0.2508561,0.24945362
0.24824136,0.25144893,0.2508561,0.24945362
0.24824136,0.25144893,0.2508561,0.24945362
0.24824136,0.25144893,0.2508561,0.24945362
0.24824136,0.25144893,0.2508561,0.24945362
0.24824136,0.25144893,0.2508561,0.24945362
0.24824136,0.25144893,0.2508561,0.24945362
0.24824136,0.25144893,0.2508561,0.24945362
0.24824136,0.25144893,0.2508561,0.24945362
0.24824136,0.25144893,0.2508561,0.24945362
0.24824136,0.25144893,0.2508561,0.24945362
0.24824136,0.25144893,0.2508561,0.24945362
0.24824136,0.25144893,0.2508561,0.24945362
0.24824136,0.25144893,0.2508561,0.24945362
0.24824136,0.25144893,0.2508561,0.24945362
0.24824136,0.25144893,0.2508561,0.24945362
0.24849279,0.24641995,0.24583898,0.2592483
0.24824136,0.25144893,0.2508561,0.24945362
0.24824136,0.25144893,0.2508561,0.24945362
0.24824136,0.25144893,0.2508561,0.24945362
0.24824136,0.25144893,0.2508561,0.24945362
0.24824136,0.25144893,0.2508561,0.24945362
0.24824136,0.25144893,0.2508561,0.24945362
0.24824136,0.25144893,0.2508561,0.24945362
0.24824136,0.25144893,0.2508561,0.24945362
0.24824136,0.25144893,0.2508561,0.24945362
0.24824136,0.25144893,0.2508561,0.24945362
0.24824136,0.25144893,0.2508561,0.24945362
0.24824136,0.25144893,0.2508561,0.24945362
0.24824136,0.25144893,0.2508561,0.24945362
0.24824136,0.25144893,0.2508561,0.24945362
0.24824136,0.25144893,0.2508561,0.24945362
0.24824136,0.25144893,0.2508561,0.24945362
0.24824136,0.25144893,0.2508561,0.24945362
0.24824136,0.25144893,0.2508561,0.24945362
0.24824136,0.25144893,0.2508561,0.24945362
0.24824136,0.25144893,0.2508561,0.24945362
0.24824136,0.25144893,0.2508561,0.24945362
0.24824136,0.25144893,0.2508561,0.24945362
0.24824136,0.25144893,0.2508561,0.24945362
0.24824136,0.25144893,0.2508561,0.24945362
0.24824136,0.25144893,0.2508561,0.24945362
0.24824136,0.25144893,0.2508561,0.24945362
0.24824136,0.25144893,0.2508561,0.24945362
0.24824136,0.25144893,0.2508561,0.24945362
0.24824136,0.25144893,0.2508561,0.24945362
0.24824136,0.25144893,0.2508561,0.24945362
0.24824136,0.25144893,0.2508561,0.24945362
0.24824136,0.25144893,0.2508561,0.24945362
0.24824136,0.25144893,0.2508561,0.24945362
0.24824136,0.25144893,0.2508561,0.24945362
0.24824136,0.25144893,0.2508561,0.24945362
0.24824136,0.25144893,0.2508561,0.24945362
0.24824136,0.25144893,0.2508561,0.24945362
0.24824136,0.25144893,0.2508561,0.24945362
0.24824136,0.25144893,0.2508561,0.24945362
0.24824136,0.25144893,0.2508561,0.24945362
0.24824136,0.25144893,0.2508561,0.24945362
0.24824136,0.25144893,0.2508561,0.24945362
0.24824136,0.25144893,0.2508561,0.24945362
0.24824136,0.25144893,0.2508561,0.24945362
0.24824136,0.25144893,0.2508561,0.24945362
0.24824136,0.25144893,0.2508561,0.24945362
0.24824136,0.25144893,0.2508561,0.24945362
0.24824136,0.25144893,0.2508561,0.24945362
0.24824136,0.25144893,0.2508561,0.24945362
0.24824136,0.25144893,0.2508561,0.24945362
0.24824136,0.25144893,0.2508561,0.24945362
0.24824136,0.25144893,0.2508561,0.24945362
0.24824136,0.25144893,0.2508561,0.24945362
0.24824136,0.25144893,0.2508561,0.24945362
0.24824136,0.25144893,0.2508561,0.24945362
0.24824136,0.25144893,0.2508561,0.24945362
0.24824136,0.25144893,0.2508561,0.24945362
0.24327654,0.2543056,0.25795335,0.24446455
0.24824136,0.25144893,0.2508561,0.24945362
0.24824136,0.25144893,0.2508561,0.24945362
0.24824136,0.25144893,0.2508561,0.24945362
0.24824136,0.25144893,0.2508561,0.24945362
0.24824136,0.25144893,0.2508561,0.24945362
0.24824136,0.25144893,0.2508561,0.24945362
0.24824136,0.25144893,0.2508561,0.24945362
0.24824136,0.25144893,0.2508561,0.24945362
0.24824136,0.25144893,0.2508561,0.24945362
0.24824136,0.25144893,0.2508561,0.24945362
0.24824136,0.25144893,0.2508561,0.24945362
0.24327654,0.25141332,0.2608456,0.24446455
0.24824136,0.25144893,0.2508561,0.24945362
0.24824136,0.25144893,0.2508561,0.24945362
0.24824136,0.25144893,0.2508561,0.24945362
0.24824136,0.25144893,0.2508561,0.24945362
0.24824136,0.25144893,0.2508561,0.24945362
0.24824136,0.25144893,0.2508561,0.24945362
0.24824136,0.25144893,0.2508561,0.24945362
0.24824136,0.25144893,0.2508561,0.24945362
0.24824136,0.25144893,0.2508561,0.24945362
0.24824136,0.25144893,0.2508561,0.24945362
0.24824136,0.25144893,0.2508561,0.24945362
0.24824136,0.25144893,0.2508561,0.24945362
0.24824136,0.25144893,0.2508561,0.24945362
0.24824136,0.25144893,0.2508561,0.24945362
0.24824136,0.25144893,0.2508561,0.24945362
0.26327655,0.24641995,0.24583898,0.24446455
0.24824136,0.25144893,0.2508561,0.24945362
0.24824136,0.25144893,0.2508561,0.24945362
0.24824136,0.25144893,0.2508561,0.24945362
0.24824136,0.25144893,0.2508561,0.24945362
0.24824136,0.25144893,0.2508561,0.24945362
0.24824136,0.25144893,0.2508561,0.24945362
0.24824136,0.25144893,0.2508561,0.24945362
0.24824136,0.25144893,0.2508561,0.24945362
0.24824136,0.25144893,0.2508561,0.24945362
0.24824136,0.25144893,0.2508561,0.24945362
0.24824136,0.25144893,0.2508561,0.24945362
0.24824136,0.25144893,0.2508561,0.24945362
0.24824136,0.25144893,0.2508561,0.24945362
0.24824136,0.25144893,0.2508561,0.24945362
0.24824136,0.25144893,0.2508561,0.24945362
0.24824136,0.25144893,0.2508561,0.24945362
0.24824136,0.25144893,0.2508561,0.24945362
0.24824136,0.25144893,0.2508561,0.24945362
0.24824136,0.25144893,0.2508561,0.24945362
0.24824136,0.25144893,0.2508561,0.24945362
0.24824136,0.25144893,0.2508561,0.24945362
0.24824136,0.25144893,0.2508561,0.24945362
0.24824136,0.25144893,0.2508561,0.24945362
0.24824136,0.25144893,0.2508561,0.24945362
0.24824136,0.25144893,0.2508561,0.24945362
0.24824136,0.25144893,0.2508561,0.24945362
0.24824136,0.25144893,0.2508561,0.24945362
0.24824136,0.25144893,0.2508561,0.24945362
0.24824136,0.25144893,0.2508561,0.24945362
0.24824136,0.25144893,0.2508561,0.24945362
0.24327654,0.24641995,0.26583898,0.24446455
0.24824136,0.25144893,0.2508561,0.24945362
0.24824136,0.25144893,0.2508561,0.24945362
0.24824136,0.25144893,0.2508561,0.24945362
0.24824136,0.25144893,0.2508561,0.24945362
0.24824136,0.25144893,0.2508561,0.24945362
0.24824136,0.25144893,0.2508561,0.24945362
0.24824136,0.25144893,0.2508561,0.24945362
0.24824136,0.25144893,0.2508561,0.24945362
0.24824136,0.25144893,0.2508561,0.24945362
0.24824136,0.25144893,0.2508561,0.24945362
0.24824136,0.25144893,0.2508561,0.24945362
0.24327655,0.24641995,0.26583898,0.24446455
0.24824136,0.25144893,0.2508561,0.24945362
0.24824136,0.25144893,0.2508561,0.24945362
0.24824136,0.25144893,0.2508561,0.24945362
0.24824136,0.25144893,0.2508561,0.24945362
0.24824136,0.25144893,0.2508561,0.24945362
0.24824136,0.25144893,0.2508561,0.24945362
0.24824136,0.25144893,0.2508561,0.24945362
0.24824136,0.25144893,0.2508561,0.24945362
0.24824136,0.25144893,0.2508561,0.24945362
0.24824136,0.25144893,0.2508561,0.24945362
0.24824136,0.25144893,0.2508561,0.24945362
0.24824136,0.25144893,0.2508561,0.24945362
0.24824136,0.25144893,0.2508561,0.24945362
0.24824136,0.25144893,0.2508561,0.24945362
0.24824136,0.25144893,0.2508561,0.24945362
0.24824136,0.25144893,0.2508561,0.24945362
0.24824136,0.25144893,0.2508561,0.24945362
0.24824136,0.25144893,0.2508561,0.24945362
0.24824136,0.25144893,0.2508561,0.24945362
0.24824136,0.25144893,0.2508561,0.24945362
0.24824136,0.25144893,0.2508561,0.24945362
0.24824136,0.25144893,0.2508561,0.24945362
0.24824136,0.25144893,0.2508561,0.24945362
0.24824136,0.25144893,0.2508561,0.24945362
0.24824136,0.25144893,0.2508561,0.24945362
0.24824136,0.25144893,0.2508561,0.24945362
0.24824136,0.25144893,0.2508561,0.24945362
0.24824136,0.25144893,0.2508561,0.24945362
0.24824136,0.25144893,0.2508561,0.24945362
0.24824136,0.25144893,0.2508561,0.24945362
0.24327654,0.26641992,0.24583898,0.24446455
0.24824136,0.25144893,0.2508561,0.24945362
0.24824136,0.25144893,0.2508561,0.24945362
0.24824136,0.25144893,0.2508561,0.24945362
0.24824136,0.25144893,0.2508561,0.24945362
0.24824136,0.25144893,0.2508561,0.24945362
0.24824136,0.25144893,0.2508561,0.24945362
0.24824136,0.25144893,0.2508561,0.24945362
0.24824136,0.25144893,0.2508561,0.24945362
0.24824136,0.25144893,0.2508561,0.24945362
0.24824136,0.25144893,0.2508561,0.24945362
0.24824136,0.25144893,0.2508561,0.24945362
0.24824136,0.25144893,0.2508561,0.24945362
0.24824136,0.25144893,0.2508561,0.24945362
0.24824136,0.25144893,0.2508561,0.24945362
0.24824136,0.25144893,0.2508561,0.24945362
0.24824136,0.25144893,0.2508561,0.24945362
0.26327652,0.24641995,0.24583898,0.24446455
0.24824136,0.25144893,0.2508561,0.24945362
0.24824136,0.25144893,0.2508561,0.24945362
0.24824136,0.25144893,0.2508561,0.24945362
0.24824136,0.25144893,0.2508561,0.24945362
0.24824136,0.25144893,0.2508561,0.24945362
0.24824136,0.25144893,0.2508561,0.24945362
0.24824136,0.25144893,0.2508561,0.24945362
0.24824136,0.25144893,0.2508561,0.24945362
0.24824136,0.25144893,0.2508561,0.24945362
0.24824136,0.25144893,0.2508561,0.24945362
0.24824136,0.25144893,0.2508561,0.24945362
0.24824136,0.25144893,0.2508561,0.24945362
0.24824136,0.25144893,0.2508561,0.24945362
0.24824136,0.25144893,0.2508561,0.24945362
0.24824136,0.25144893,0.2508561,0.24945362
0.24824136,0.25144893,0.2508561,0.24945362
0.24824136,0.25144893,0.2508561,0.24945362
0.24824136,0.25144893,0.2508561,0.24945362
0.24824136,0.25144893,0.2508561,0.24945362
0.24824136,0.25144893,0.2508561,0.24945362
0.24824136,0.25144893,0.2508561,0.24945362
0.24824136,0.25144893,0.2508561,0.24945362
0.24824136,0.25144893,0.2508561,0.24945362
0.24824136,0.25144893,0.2508561,0.24945362
0.24824136,0.25144893,0.2508561,0.24945362
0.24824136,0.25144893,0.2508561,0.24945362
0.24824136,0.25144893,0.2508561,0.24945362
0.24824136,0.25144893,0.2508561,0.24945362
0.24824136,0.25144893,0.2508561,0.24945362
0.24824136,0.25144893,0.2508561,0.24945362
0.24824136,0.25144893,0.2508561,0.24945362
0.24824136,0.25144893,0.2508561,0.24945362
0.24824136,0.25144893,0.2508561,0.24945362
0.24824136,0.25144893,0.2508561,0.24945362
0.24824136,0.25144893,0.2508561,0.24945362
0.24824136,0.25144893,0.2508561,0.24945362
0.24824136,0.25144893,0.2508561,0.24945362
0.24824136,0.25144893,0.2508561,0.24945362
0.24824136,0.25144893,0.2508561,0.24945362
0.24824136,0.25144893,0.2508561,0.24945362
0.24824136,0.25144893,0.2508561,0.24945362
0.24824136,0.25144893,0.2508561,0.24945362
0.24824136,0.25144893,0.2508561,0.24945362
0.24824136,0.25144893,0.2508561,0.24945362
0.24824136,0.25144893,0.2508561,0.24945362
0.24824136,0.25144893,0.2508561,0.24945362
0.24824136,0.25144893,0.2508561,0.24945362
0.24824136,0.25144893,0.2508561,0.24945362
0.24824136,0.25144893,0.2508561,0.24945362
0.24824136,0.25144893,0.2508561,0.24945362
0.24824136,0.25144893,0.2508561,0.24945362
0.24824136,0.25144893,0.2508561,0.24945362
0.24824136,0.25144893,0.2508561,0.24945362
0.24824136,0.25144893,0.2508561,0.24945362
0.24824136,0.25144893,0.2508561,0.24945362
0.24824136,0.25144893,0.2508561,0.24945362
0.24824136,0.25144893,0.2508561,0.24945362
0.24824136,0.25144893,0.2508561,0.24945362
0.24824136,0.25144893,0.2508561,0.24945362
0.24824136,0.25144893,0.2508561,0.24945362
0.24824136,0.25144893,0.2508561,0.24945362
0.24824136,0.25144893,0.2508561,0.24945362
0.24824136,0.25144893,0.2508561,0.24945362
0.24824136,0.25144893,0.2508561,0.24945362
0.24824136,0.25144893,0.2508561,0.24945362
0.24824136,0.25144893,0.2508561,0.24945362
0.24327654,0.24641995,0.265839,0.24446455
0.24824136,0.25144893,0.2508561,0.24945362
0.24824136,0.25144893,0.2508561,0.24945362
0.24824136,0.25144893,0.2508561,0.24945362
0.24824136,0.25144893,0.2508561,0.24945362
0.24824136,0.25144893,0.2508561,0.24945362
0.24824136,0.25144893,0.2508561,0.24945362
0.24824136,0.25144893,0.2508561,0.24945362
0.24824136,0.25144893,0.2508561,0.24945362
0.24824136,0.25144893,0.2508561,0.24945362
0.24824136,0.25144893,0.2508561,0.24945362
0.24824136,0.25144893,0.2508561,0.24945362
0.24824136,0.25144893,0.2508561,0.24945362
0.24824136,0.25144893,0.2508561,0.24945362
0.24824136,0.25144893,0.2508561,0.24945362
0.24824136,0.25144893,0.2508561,0.24945362
0.24824136,0.25144893,0.2508561,0.24945362
0.24824136,0.25144893,0.2508561,0.24945362
0.24824136,0.25144893,0.2508561,0.24945362
0.24824136,0.25144893,0.2508561,0.24945362
0.24824136,0.25144893,0.2508561,0.24945362
0.24824136,0.25144893,0.2508561,0.24945362
0.24824136,0.25144893,0.2508561,0.24945362
0.24824136,0.25144893,0.2508561,0.24945362
0.24327654,0.24641995,0.265839,0.24446455
0.24824136,0.25144893,0.2508561,0.24945362
0.24824136,0.25144893,0.2508561,0.24945362
0.24824136,0.25144893,0.2508561,0.24945362
0.24824136,0.25144893,0.2508561,0.24945362
0.24824136,0.25144893,0.2508561,0.24945362
0.24824136,0.25144893,0.2508561,0.24945362
0.24824136,0.25144893,0.2508561,0.24945362
0.24824136,0.25144893,0.2508561,0.24945362
0.24824136,0.25144893,0.2508561,0.24945362
0.24824136,0.25144893,0.2508561,0.24945362
0.24824136,0.25144893,0.2508561,0.24945362
0.24824136,0.25144893,0.2508561,0.24945362
0.24824136,0.25144893,0.2508561,0.24945362
0.24824136,0.25144893,0.2508561,0.24945362
0.24824136,0.25144893,0.2508561,0.24945362
0.24824136,0.25144893,0.2508561,0.24945362
0.24824136,0.25144893,0.2508561,0.24945362
0.24824136,0.25144893,0.2508561,0.24945362
0.24824136,0.25144893,0.2508561,0.24945362
0.24824136,0.25144893,0.2508561,0.24945362
0.24824136,0.25144893,0.2508561,0.24945362
0.24824136,0.25144893,0.2508561,0.24945362
0.24824136,0.25144893,0.2508561,0.24945362
0.24824136,0.25144893,0.2508561,0.24945362
0.24824136,0.25144893,0.2508561,0.24945362
0.24824136,0.25144893,0.2508561,0.24945362
0.24824136,0.25144893,0.2508561,0.24945362
0.24824136,0.25144893,0.2508561,0.24945362
0.24824136,0.25144893,0.2508561,0.24945362
0.24824136,0.25144893,0.2508561,0.24945362
0.24824136,0.25144893,0.2508561,0.24945362
0.24824136,0.25144893,0.2508561,0.24945362
0.24327654,0.25391993,0.25833902,0.24446455
0.24824136,0.25144893,0.2508561,0.24945362
0.24824136,0.25144893,0.2508561,0.24945362
0.24824136,0.25144893,0.2508561,0.24945362
0.24824136,0.25144893,0.2508561,0.24945362
0.2529027,0.25361583,0.24859755,0.24488397
0.24824136,0.25144893,0.2508561,0.24945362
0.24824136,0.25144893,0.2508561,0.24945362
0.24824136,0.25144893,0.2508561,0.24945362
0.24824136,0.25144893,0.2508561,0.24945362
0.24824136,0.25144893,0.2508561,0.24945362
0.24824136,0.25144893,0.2508561,0.24945362
0.24824136,0.25144893,0.2508561,0.24945362
0.24824136,0.25144893,0.2508561,0.24945362
0.24824136,0.25144893,0.2508561,0.24945362
0.24824136,0.25144893,0.2508561,0.24945362
0.24824136,0.25144893,0.2508561,0.24945362
0.24824136,0.25144893,0.2508561,0.24945362
0.24824136,0.25144893,0.2508561,0.24945362
0.24824136,0.25144893,0.2508561,0.24945362
0.24824136,0.25144893,0.2508561,0.24945362
0.24824136,0.25144893,0.2508561,0.24945362
0.24824136,0.25144893,0.2508561,0.24945362
0.24824136,0.25144893,0.2508561,0.24945362
0.24824136,0.25144893,0.2508561,0.24945362
0.24824136,0.25144893,0.2508561,0.24945362
0.24824136,0.25144893,0.2508561,0.24945362
0.24824136,0.25144893,0.2508561,0.24945362
0.24824136,0.25144893,0.2508561,0.24945362
0.24824136,0.25144893,0.2508561,0.24945362
0.24824136,0.25144893,0.2508561,0.24945362
0.24824136,0.25144893,0.2508561,0.24945362
0.24824136,0.25144893,0.2508561,0.24945362
0.24824136,0.25144893,0.2508561,0.24945362
0.24824136,0.25144893,0.2508561,0.24945362
0.24824136,0.25144893,0.2508561,0.24945362
0.24824136,0.25144893,0.2508561,0.24945362
0.24824136,0.25144893,0.2508561,0.24945362
0.24327654,0.25536788,0.25689104,0.24446455
0.24824136,0.25144893,0.2508561,0.24945362
0.24824136,0.25144893,0.2508561,0.24945362
0.24824136,0.25144893,0.2508561,0.24945362
0.24824136,0.25144893,0.2508561,0.24945362
0.24824136,0.25144893,0.2508561,0.24945362
0.24824136,0.25144893,0.2508561,0.24945362
0.24824136,0.25144893,0.2508561,0.24945362
0.24824136,0.25144893,0.2508561,0.24945362
0.24824136,0.25144893,0.2508561,0.24945362
0.24824136,0.25144893,0.2508561,0.24945362
0.24824136,0.25144893,0.2508561,0.24945362
0.24824136,0.25144893,0.2508561,0.24945362
0.24824136,0.25144893,0.2508561,0.24945362
0.24824136,0.25144893,0.2508561,0.24945362
0.24824136,0.25144893,0.2508561,0.24945362
0.24824136,0.25144893,0.2508561,0.24945362
0.24824136,0.25144893,0.2508561,0.24945362
0.24824136,0.25144893,0.2508561,0.24945362
0.24824136,0.25144893,0.2508561,0.24945362
0.24824136,0.25144893,0.2508561,0.24945362
0.24824136,0.25144893,0.2508561,0.24945362
0.24824136,0.25144893,0.2508561,0.24945362
0.26327655,0.24641995,0.24583898,0.24446455
0.24824136,0.25144893,0.2508561,0.24945362
0.24824136,0.25144893,0.2508561,0.24945362
0.24824136,0.25144893,0.2508561,0.24945362
0.24824136,0.25144893,0.2508561,0.24945362
0.24824136,0.25144893,0.2508561,0.24945362
0.24824136,0.25144893,0.2508561,0.24945362
0.24824136,0.25144893,0.2508561,0.24945362
0.24824136,0.25144893,0.2508561,0.24945362
0.24824136,0.25144893,0.2508561,0.24945362
0.24327654,0.24641995,0.26583898,0.24446455
0.24824136,0.25144893,0.2508561,0.24945362
0.24824136,0.25144893,0.2508561,0.24945362
0.24824136,0.25144893,0.2508561,0.24945362
0.24824136,0.25144893,0.2508561,0.24945362
0.24824136,0.25144893,0.2508561,0.24945362
0.24824136,0.25144893,0.2508561,0.24945362
0.24824136,0.25144893,0.2508561,0.24945362
0.24824136,0.25144893,0.2508561,0.24945362
0.24824136,0.25144893,0.2508561,0.24945362
0.24824136,0.25144893,0.2508561,0.24945362
0.24824136,0.25144893,0.2508561,0.24945362
0.24824136,0.25144893,0.2508561,0.24945362
0.24824136,0.25144893,0.2508561,0.24945362
0.24824136,0.25144893,0.2508561,0.24945362
0.24824136,0.25144893,0.2508561,0.24945362
0.24824136,0.25144893,0.2508561,0.24945362
0.24824136,0.25144893,0.2508561,0.24945362
0.24824136,0.25144893,0.2508561,0.24945362
0.24824136,0.25144893,0.2508561,0.24945362
0.24824136,0.25144893,0.2508561,0.24945362
0.24824136,0.25144893,0.2508561,0.24945362
0.24824136,0.25144893,0.2508561,0.24945362
0.24824136,0.25144893,0.2508561,0.24945362
0.24824136,0.25144893,0.2508561,0.24945362
0.24824136,0.25144893,0.2508561,0.24945362
0.24824136,0.25144893,0.2508561,0.24945362
0.24824136,0.25144893,0.2508561,0.24945362
0.24824136,0.25144893,0.2508561,0.24945362
0.24824136,0.25144893,0.2508561,0.24945362
0.24824136,0.25144893,0.2508561,0.24945362
0.24824136,0.25144893,0.2508561,0.24945362
0.24824136,0.25144893,0.2508561,0.24945362
0.24824136,0.25144893,0.2508561,0.24945362
0.24824136,0.25144893,0.2508561,0.24945362
0.24824136,0.25144893,0.2508561,0.24945362
0.24824136,0.25144893,0.2508561,0.24945362
0.24824136,0.25144893,0.2508561,0.24945362
0.24824136,0.25144893,0.2508561,0.24945362
0.24824136,0.25144893,0.2508561,0.24945362
0.24824136,0.25144893,0.2508561,0.24945362
0.24824136,0.25144893,0.2508561,0.24945362
0.24824136,0.25144893,0.2508561,0.24945362
0.24824136,0.25144893,0.2508561,0.24945362
0.24824136,0.25144893,0.2508561,0.24945362
0.24824136,0.25144893,0.2508561,0.24945362
0.24824136,0.25144893,0.2508561,0.24945362
0.24327654,0.26641995,0.245839,0.24446455
0.24824136,0.25144893,0.2508561,0.24945362
0.26327655,0.24641995,0.24583898,0.24446455
0.24824136,0.25144893,0.2508561,0.24945362
0.24824136,0.25144893,0.2508561,0.24945362
0.24824136,0.25144893,0.2508561,0.24945362
0.24824136,0.25144893,0.2508561,0.24945362
0.24824136,0.25144893,0.2508561,0.24945362
0.26327655,0.24641995,0.24583898,0.24446455
0.24824136,0.25144893,0.2508561,0.24945362
0.24824136,0.25144893,0.2508561,0.24945362
0.24824136,0.25144893,0.2508561,0.24945362
0.25671923,0.25249606,0.24631692,0.2444678
0.24824136,0.25144893,0.2508561,0.24945362
0.24824136,0.25144893,0.2508561,0.24945362
0.24824136,0.25144893,0.2508561,0.24945362
0.24824136,0.25144893,0.2508561,0.24945362
0.24327654,0.25263238,0.25962654,0.24446455
0.24824136,0.25144893,0.2508561,0.24945362
0.24824136,0.25144893,0.2508561,0.24945362
0.24824136,0.25144893,0.2508561,0.24945362
0.24824136,0.25144893,0.2508561,0.24945362
0.24824136,0.25144893,0.2508561,0.24945362
0.24824136,0.25144893,0.2508561,0.24945362
0.24824136,0.25144893,0.2508561,0.24945362
0.24824136,0.25144893,0.2508561,0.24945362
0.24824136,0.25144893,0.2508561,0.24945362
0.25831172,0.24139097,0.24082185,0.25947547
0.24824136,0.25144893,0.2508561,0.24945362
0.24824136,0.25144893,0.2508561,0.24945362
0.24824136,0.25144893,0.2508561,0.24945362
0.24824136,0.25144893,0.2508561,0.24945362
0.24824136,0.25144893,0.2508561,0.24945362
0.24824136,0.25144893,0.2508561,0.24945362
0.24824136,0.25144893,0.2508561,0.24945362
0.24824136,0.25144893,0.2508561,0.24945362
0.24824136,0.25144893,0.2508561,0.24945362
0.24824136,0.25144893,0.2508561,0.24945362
0.24824136,0.25144893,0.2508561,0.24945362
0.24824136,0.25144893,0.2508561,0.24945362
0.24824136,0.25144893,0.2508561,0.24945362
0.24824136,0.25144893,0.2508561,0.24945362
0.24824136,0.25144893,0.2508561,0.24945362
0.24824136,0.25144893,0.2508561,0.24945362
0.26327655,0.24641995,0.24583898,0.24446455
0.24824136,0.25144893,0.2508561,0.24945362
0.24824136,0.25144893,0.2508561,0.24945362
0.24824136,0.25144893,0.2508561,0.24945362
0.24824136,0.25144893,0.2508561,0.24945362
0.24824136,0.25144893,0.2508561,0.24945362
0.24824136,0.25144893,0.2508561,0.24945362
0.24824136,0.25144893,0.2508561,0.24945362
0.24327654,0.24994911,0.26230982,0.24446455
0.24824136,0.25144893,0.2508561,0.24945362
0.24824136,0.25144893,0.2508561,0.24945362
0.24824136,0.25144893,0.2508561,0.24945362
0.24824136,0.25144893,0.2508561,0.24945362
0.24824136,0.25144893,0.2508561,0.24945362
0.24824136,0.25144893,0.2508561,0.24945362
0.24824136,0.25144893,0.2508561,0.24945362
0.24824136,0.25144893,0.2508561,0.24945362
0.24824136,0.25144893,0.2508561,0.24945362
0.24824136,0.25144893,0.2508561,0.24945362
0.24824136,0.25144893,0.2508561,0.24945362
0.24824136,0.25144893,0.2508561,0.24945362
0.24824136,0.25144893,0.2508561,0.24945362
0.24824136,0.25144893,0.2508561,0.24945362
0.24824136,0.25144893,0.2508561,0.24945362
0.24824136,0.25144893,0.2508561,0.24945362
0.24327654,0.24641995,0.265839,0.24446455
0.25279456,0.24642016,0.24583918,0.2549461
0.24824136,0.25144893,0.2508561,0.24945362
0.24824136,0.25144893,0.2508561,0.24945362
0.24824136,0.25144893,0.2508561,0.24945362
0.24824136,0.25144893,0.2508561,0.24945362
0.24824136,0.25144893,0.2508561,0.24945362
0.24824136,0.25144893,0.2508561,0.24945362
0.24824136,0.25144893,0.2508561,0.24945362
0.24824136,0.25144893,0.2508561,0.24945362
0.24824136,0.25144893,0.2508561,0.24945362
0.24327654,0.24641995,0.265839,0.24446455
0.24824136,0.25144893,0.2508561,0.24945362
0.24824136,0.25144893,0.2508561,0.24945362
0.24824136,0.25144893,0.2508561,0.24945362
0.24824136,0.25144893,0.2508561,0.24945362
0.24824136,0.25144893,0.2508561,0.24945362
0.24824136,0.25144893,0.2508561,0.24945362
0.24824136,0.25144893,0.2508561,0.24945362
0.24824136,0.25144893,0.2508561,0.24945362
0.26327655,0.24641995,0.24583898,0.24446455
0.24824136,0.25144893,0.2508561,0.24945362
0.24824136,0.25144893,0.2508561,0.24945362
0.26327655,0.24641995,0.24583898,0.24446455
0.24824136,0.25144893,0.2508561,0.24945362
0.24824136,0.25144893,0.2508561,0.24945362
0.24824136,0.25144893,0.2508561,0.24945362
0.24824136,0.25144893,0.2508561,0.24945362
0.24824136,0.25144893,0.2508561,0.24945362
0.24824136,0.25144893,0.2508561,0.24945362
0.24824136,0.25144893,0.2508561,0.24945362
0.24824136,0.25144893,0.2508561,0.24945362
0.24824136,0.25144893,0.2508561,0.24945362
0.24824136,0.25144893,0.2508561,0.24945362
0.24824136,0.25144893,0.2508561,0.24945362
0.24824136,0.25144893,0.2508561,0.24945362
0.24824136,0.25144893,0.2508561,0.24945362
0.26327655,0.24641995,0.24583898,0.24446455
0.24824136,0.25144893,0.2508561,0.24945362
0.24824136,0.25144893,0.2508561,0.24945362
0.24824136,0.25144893,0.2508561,0.24945362
0.24824136,0.25144893,0.2508561,0.24945362
0.24824136,0.25144893,0.2508561,0.24945362
0.24824136,0.25144893,0.2508561,0.24945362
0.24824136,0.25144893,0.2508561,0.24945362
0.24824136,0.25144893,0.2508561,0.24945362
0.24824136,0.25144893,0.2508561,0.24945362
0.25286227,0.24642098,0.24584,0.25487676
0.24824136,0.25144893,0.2508561,0.24945362
0.24824136,0.25144893,0.2508561,0.24945362
0.24824136,0.25144893,0.2508561,0.24945362
0.24824136,0.25144893,0.2508561,0.24945362
0.24824136,0.25144893,0.2508561,0.24945362
0.24824136,0.25144893,0.2508561,0.24945362
0.24824136,0.25144893,0.2508561,0.24945362
0.24824136,0.25144893,0.2508561,0.24945362
0.24824136,0.25144893,0.2508561,0.24945362
0.24824136,0.25144893,0.2508561,0.24945362
0.24327654,0.24976602,0.2624929,0.24446455
0.24824136,0.25144893,0.2508561,0.24945362
0.24824136,0.25144893,0.2508561,0.24945362
0.24327654,0.2526751,0.25958386,0.24446455
0.24824136,0.25144893,0.2508561,0.24945362
0.24824136,0.25144893,0.2508561,0.24945362
0.24824136,0.25144893,0.2508561,0.24945362
0.24824136,0.25144893,0.2508561,0.24945362
0.24824136,0.25144893,0.2508561,0.24945362
0.24824136,0.25144893,0.2508561,0.24945362
0.24824136,0.25144893,0.2508561,0.24945362
0.24824136,0.25144893,0.2508561,0.24945362
0.24824136,0.25144893,0.2508561,0.24945362
0.24824136,0.25144893,0.2508561,0.24945362
0.24824136,0.25144893,0.2508561,0.24945362
0.24824136,0.25144893,0.2508561,0.24945362
0.24824136,0.25144893,0.2508561,0.24945362
0.24824136,0.25144893,0.2508561,0.24945362
0.26327655,0.24641995,0.24583898,0.24446455
0.24824136,0.25144893,0.2508561,0.24945362
0.24824136,0.25144893,0.2508561,0.24945362
0.24824136,0.25144893,0.2508561,0.24945362
0.24824136,0.25144893,0.2508561,0.24945362
0.24824136,0.25144893,0.2508561,0.24945362
0.26327655,0.24641995,0.24583898,0.24446455
0.24327654,0.24641995,0.24583898,0.26446456
0.24824136,0.25144893,0.2508561,0.24945362
0.24824136,0.25144893,0.2508561,0.24945362
0.26327655,0.24641995,0.24583898,0.24446455
0.24824136,0.25144893,0.2508561,0.24945362
0.24327654,0.25241676,0.25984216,0.24446455
0.24824136,0.25144893,0.2508561,0.24945362
0.24824136,0.25144893,0.2508561,0.24945362
0.24824136,0.25144893,0.2508561,0.24945362
0.24824136,0.25144893,0.2508561,0.24945362
0.24824136,0.25144893,0.2508561,0.24945362
0.24824136,0.25144893,0.2508561,0.24945362
0.24824136,0.25144893,0.2508561,0.24945362
0.24824136,0.25144893,0.2508561,0.24945362
0.24824136,0.25144893,0.2508561,0.24945362
0.24824136,0.25144893,0.2508561,0.24945362
0.24824136,0.25144893,0.2508561,0.24945362
0.24824136,0.25144893,0.2508561,0.24945362
0.24824136,0.25144893,0.2508561,0.24945362
0.24824136,0.25144893,0.2508561,0.24945362
0.24824136,0.25144893,0.2508561,0.24945362
0.24824136,0.25144893,0.2508561,0.24945362
0.24824136,0.25144893,0.2508561,0.24945362
0.24824136,0.25144893,0.2508561,0.24945362
0.24824136,0.25144893,0.2508561,0.24945362
0.24824136,0.25144893,0.2508561,0.24945362
0.26327655,0.24641995,0.24583898,0.24446455
0.24824136,0.25144893,0.2508561,0.24945362
0.24824136,0.25144893,0.2508561,0.24945362
0.24327654,0.24641995,0.24583898,0.26446456
0.24824136,0.25144893,0.2508561,0.24945362
0.24824136,0.25144893,0.2508561,0.24945362
0.24824136,0.25144893,0.2508561,0.24945362
0.24824136,0.25144893,0.2508561,0.24945362
0.24824136,0.25144893,0.2508561,0.24945362
0.24824136,0.25144893,0.2508561,0.24945362
0.24824136,0.25144893,0.2508561,0.24945362
0.24824136,0.25144893,0.2508561,0.24945362
0.24824136,0.25144893,0.2508561,0.24945362
0.24824136,0.25144893,0.2508561,0.24945362
0.24327654,0.24641995,0.265839,0.24446455
0.24824136,0.25144893,0.2508561,0.24945362
0.24824136,0.25144893,0.2508561,0.24945362
0.24824136,0.25144893,0.2508561,0.24945362
0.24824136,0.25144893,0.2508561,0.24945362
0.24824136,0.25144893,0.2508561,0.24945362
0.24824136,0.25144893,0.2508561,0.24945362
0.24824136,0.25144893,0.2508561,0.24945362
0.24824136,0.25144893,0.2508561,0.24945362
0.24824136,0.25144893,0.2508561,0.24945362
0.24824136,0.25144893,0.2508561,0.24945362
0.24824136,0.25144893,0.2508561,0.24945362
0.24824136,0.25144893,0.2508561,0.24945362
0.24824136,0.25144893,0.2508561,0.24945362
0.24824136,0.25144893,0.2508561,0.24945362
0.24824136,0.25144893,0.2508561,0.24945362
0.24824136,0.25144893,0.2508561,0.24945362
0.24824136,0.25144893,0.2508561,0.24945362
0.24824136,0.25144893,0.2508561,0.24945362
0.24824136,0.25144893,0.2508561,0.24945362
0.24824136,0.25144893,0.2508561,0.24945362
0.24824136,0.25144893,0.2508561,0.24945362
0.24824136,0.25144893,0.2508561,0.24945362
0.24824136,0.25144893,0.2508561,0.24945362
0.24824136,0.25144893,0.2508561,0.24945362
0.24824136,0.25144893,0.2508561,0.24945362
0.24824136,0.25144893,0.2508561,0.24945362
0.24824136,0.25144893,0.2508561,0.24945362
0.24824136,0.25144893,0.2508561,0.24945362
0.24824136,0.25144893,0.2508561,0.24945362
0.24824136,0.25144893,0.2508561,0.24945362
0.24824136,0.25144893,0.2508561,0.24945362
0.24824136,0.25144893,0.2508561,0.24945362
0.26327655,0.24641995,0.24583898,0.24446455
0.24824136,0.25144893,0.2508561,0.24945362
0.24824136,0.25144893,0.2508561,0.24945362
0.24824136,0.25144893,0.2508561,0.24945362
0.24824136,0.25144893,0.2508561,0.24945362
0.24824136,0.25144893,0.2508561,0.24945362
0.24824136,0.25144893,0.2508561,0.24945362
0.24824136,0.25144893,0.2508561,0.24945362
0.24824136,0.25144893,0.2508561,0.24945362
0.24824136,0.25144893,0.2508561,0.24945362
0.24824136,0.25144893,0.2508561,0.24945362
0.24824136,0.25144893,0.2508561,0.24945362
0.24824136,0.25144893,0.2508561,0.24945362
0.24824136,0.25144893,0.2508561,0.24945362
0.24824136,0.25144893,0.2508561,0.24945362
0.24824136,0.25144893,0.2508561,0.24945362
0.24824136,0.25144893,0.2508561,0.24945362
0.24824136,0.25144893,0.2508561,0.24945362
0.24824136,0.25144893,0.2508561,0.24945362
0.24824136,0.25144893,0.2508561,0.24945362
0.24824136,0.25144893,0.2508561,0.24945362
0.24824136,0.25144893,0.2508561,0.24945362
0.24824136,0.25144893,0.2508561,0.24945362
0.24824136,0.25144893,0.2508561,0.24945362
0.24824136,0.25144893,0.2508561,0.24945362
0.24824136,0.25144893,0.2508561,0.24945362
0.24824136,0.25144893,0.2508561,0.24945362
0.24824136,0.25144893,0.2508561,0.24945362
0.24824136,0.25144893,0.2508561,0.24945362
0.24824136,0.25144893,0.2508561,0.24945362
0.24824136,0.25144893,0.2508561,0.24945362
0.24824136,0.25144893,0.2508561,0.24945362
0.24824136,0.25144893,0.2508561,0.24945362
0.24824136,0.25144893,0.2508561,0.24945362
0.24824136,0.25144893,0.2508561,0.24945362
0.24824136,0.25144893,0.2508561,0.24945362
0.24824136,0.25144893,0.2508561,0.24945362
0.24824136,0.25144893,0.2508561,0.24945362
0.24824136,0.25144893,0.2508561,0.24945362
0.24824136,0.25144893,0.2508561,0.24945362
0.24824136,0.25144893,0.2508561,0.24945362
0.24824136,0.25144893,0.2508561,0.24945362
0.24824136,0.25144893,0.2508561,0.24945362
0.24824136,0.25144893,0.2508561,0.24945362
0.24824136,0.25144893,0.2508561,0.24945362
0.24824136,0.25144893,0.2508561,0.24945362
0.24824136,0.25144893,0.2508561,0.24945362
0.24824136,0.25144893,0.2508561,0.24945362
0.24824136,0.25144893,0.2508561,0.24945362
0.24824136,0.25144893,0.2508561,0.24945362
0.24824136,0.25144893,0.2508561,0.24945362
0.24824136,0.25144893,0.2508561,0.24945362
0.24824136,0.25144893,0.2508561,0.24945362
0.24824136,0.25144893,0.2508561,0.24945362
0.24824136,0.25144893,0.2508561,0.24945362
0.24824136,0.25144893,0.2508561,0.24945362
0.24824136,0.25144893,0.2508561,0.24945362
0.24824136,0.25144893,0.2508561,0.24945362
0.24824136,0.25144893,0.2508561,0.24945362
0.24824136,0.25144893,0.2508561,0.24945362
0.24824136,0.25144893,0.2508561,0.24945362
0.24824136,0.25144893,0.2508561,0.24945362
0.24824136,0.25144893,0.2508561,0.24945362
0.24824136,0.25144893,0.2508561,0.24945362
0.24824136,0.25144893,0.2508561,0.24945362
0.24824136,0.25144893,0.2508561,0.24945362
0.24824136,0.25144893,0.2508561,0.24945362
0.24824136,0.25144893,0.2508561,0.24945362
0.24824136,0.25144893,0.2508561,0.24945362
0.24824136,0.25144893,0.2508561,0.24945362
0.24824136,0.25144893,0.2508561,0.24945362
0.24824136,0.25144893,0.2508561,0.24945362
0.24824136,0.25144893,0.2508561,0.24945362
0.24824136,0.25144893,0.2508561,0.24945362
0.24327654,0.24641995,0.24583898,0.26446456
0.24824136,0.25144893,0.2508561,0.24945362
0.24824136,0.25144893,0.2508561,0.24945362
0.24835469,0.24641995,0.24583898,0.2593864
0.24824136,0.25144893,0.2508561,0.24945362
0.24824136,0.25144893,0.2508561,0.24945362
0.24969149,0.24614288,0.24556065,0.25860497
0.24824136,0.25144893,0.2508561,0.24945362
0.24824136,0.25144893,0.2508561,0.24945362
0.24824136,0.25144893,0.2508561,0.24945362
0.24824136,0.25144893,0.2508561,0.24945362
0.25213763,0.24641995,0.24583898,0.25560343
0.26327655,0.24641995,0.24583898,0.24446455
0.24824136,0.25144893,0.2508561,0.24945362
0.24824136,0.25144893,0.2508561,0.24945362
0.24327654,0.24641995,0.26583898,0.24446455
0.24824136,0.25144893,0.2508561,0.24945362
0.24824136,0.25144893,0.2508561,0.24945362
0.24824136,0.25144893,0.2508561,0.24945362
0.24824136,0.25144893,0.2508561,0.24945362
0.24824136,0.25144893,0.2508561,0.24945362
0.24824136,0.25144893,0.2508561,0.24945362
0.24824136,0.25144893,0.2508561,0.24945362
0.24824136,0.25144893,0.2508561,0.24945362
0.24824136,0.25144893,0.2508561,0.24945362
0.24824136,0.25144893,0.2508561,0.24945362
0.24824136,0.25144893,0.2508561,0.24945362
0.24824136,0.25144893,0.2508561,0.24945362
0.24824136,0.25144893,0.2508561,0.24945362
0.24824136,0.25144893,0.2508561,0.24945362
0.24824136,0.25144893,0.2508561,0.24945362
0.24824136,0.25144893,0.2508561,0.24945362
0.26327655,0.24641995,0.24583898,0.24446455
0.24824136,0.25144893,0.2508561,0.24945362
0.24824136,0.25144893,0.2508561,0.24945362
0.24824136,0.25144893,0.2508561,0.24945362
0.24824136,0.25144893,0.2508561,0.24945362
0.24824136,0.25144893,0.2508561,0.24945362
0.24824136,0.25144893,0.2508561,0.24945362
0.24824136,0.25144893,0.2508561,0.24945362
0.25478423,0.24139097,0.24082185,0.26300296
0.24824136,0.25144893,0.2508561,0.24945362
0.24824136,0.25144893,0.2508561,0.24945362
0.24824136,0.25144893,0.2508561,0.24945362
0.24824136,0.25144893,0.2508561,0.24945362
0.24824136,0.25144893,0.2508561,0.24945362
0.24824136,0.25144893,0.2508561,0.24945362
0.24824136,0.25144893,0.2508561,0.24945362
0.24327654,0.25239438,0.25986457,0.24446455
0.24824136,0.25144893,0.2508561,0.24945362
0.24824136,0.25144893,0.2508561,0.24945362
0.24824136,0.25144893,0.2508561,0.24945362
0.24824136,0.25144893,0.2508561,0.24945362
0.24824136,0.25144893,0.2508561,0.24945362
0.24839409,0.24641995,0.24583898,0.259347
0.24824136,0.25144893,0.2508561,0.24945362
0.24824136,0.25144893,0.2508561,0.24945362
0.24824136,0.25144893,0.2508561,0.24945362
0.24824136,0.25144893,0.2508561,0.24945362
0.24824136,0.25144893,0.2508561,0.24945362
0.24824136,0.25144893,0.2508561,0.24945362
0.24824136,0.25144893,0.2508561,0.24945362
0.24824136,0.25144893,0.2508561,0.24945362
0.24824136,0.25144893,0.2508561,0.24945362
0.24824136,0.25144893,0.2508561,0.24945362
0.24824136,0.25144893,0.2508561,0.24945362
0.24824136,0.25144893,0.2508561,0.24945362
0.24824136,0.25144893,0.2508561,0.24945362
0.24824136,0.25144893,0.2508561,0.24945362
0.24824136,0.25144893,0.2508561,0.24945362
0.24824136,0.25144893,0.2508561,0.24945362
0.24824136,0.25144893,0.2508561,0.24945362
0.24824136,0.25144893,0.2508561,0.24945362
0.24824136,0.25144893,0.2508561,0.24945362
0.24824136,0.25144893,0.2508561,0.24945362
0.24824136,0.25144893,0.2508561,0.24945362
0.24824136,0.25144893,0.2508561,0.24945362
0.24824136,0.25144893,0.2508561,0.24945362
0.24824136,0.25144893,0.2508561,0.24945362
0.24824136,0.25144893,0.2508561,0.24945362
0.24824136,0.25144893,0.2508561,0.24945362
0.24824136,0.25144893,0.2508561,0.24945362
0.24824136,0.25144893,0.2508561,0.24945362
0.24824136,0.25144893,0.2508561,0.24945362
0.24824136,0.25144893,0.2508561,0.24945362
0.24824136,0.25144893,0.2508561,0.24945362
0.24824136,0.25144893,0.2508561,0.24945362
0.24824136,0.25144893,0.2508561,0.24945362
0.24824136,0.25144893,0.2508561,0.24945362
0.24824136,0.25144893,0.2508561,0.24945362
0.24824136,0.25144893,0.2508561,0.24945362
0.24824136,0.25144893,0.2508561,0.24945362
0.24824136,0.25144893,0.2508561,0.24945362
0.26327655,0.24641995,0.24583898,0.24446455
0.24824136,0.25144893,0.2508561,0.24945362
0.24824136,0.25144893,0.2508561,0.24945362
0.24824136,0.25144893,0.2508561,0.24945362
0.24824136,0.25144893,0.2508561,0.24945362
0.24824136,0.25144893,0.2508561,0.24945362
0.24824136,0.25144893,0.2508561,0.24945362
0.24824136,0.25144893,0.2508561,0.24945362
0.24824136,0.25144893,0.2508561,0.24945362
0.24824136,0.25144893,0.2508561,0.24945362
0.24824136,0.25144893,0.2508561,0.24945362
0.24824136,0.25144893,0.2508561,0.24945362
0.24824136,0.25144893,0.2508561,0.24945362
0.24824136,0.25144893,0.2508561,0.24945362
0.26327655,0.24641995,0.24583898,0.24446455
0.24824136,0.25144893,0.2508561,0.24945362
0.24824136,0.25144893,0.2508561,0.24945362
0.24824136,0.25144893,0.2508561,0.24945362
0.24824136,0.25144893,0.2508561,0.24945362
0.24824136,0.25144893,0.2508561,0.24945362
0.24824136,0.25144893,0.2508561,0.24945362
0.24824136,0.25144893,0.2508561,0.24945362
0.24824136,0.25144893,0.2508561,0.24945362
0.24824136,0.25144893,0.2508561,0.24945362
0.24824136,0.25144893,0.2508561,0.24945362
0.24824136,0.25144893,0.2508561,0.24945362
0.24824136,0.25144893,0.2508561,0.24945362
0.24824136,0.25144893,0.2508561,0.24945362
0.24824136,0.25144893,0.2508561,0.24945362
0.24824136,0.25144893,0.2508561,0.24945362
0.24824136,0.25144893,0.2508561,0.24945362
0.24824136,0.25144893,0.2508561,0.24945362
0.24824136,0.25144893,0.2508561,0.24945362
0.24824136,0.25144893,0.2508561,0.24945362
0.24824136,0.25144893,0.2508561,0.24945362
0.24824136,0.25144893,0.2508561,0.24945362
0.24824136,0.25144893,0.2508561,0.24945362
0.24824136,0.25144893,0.2508561,0.24945362
0.24824136,0.25144893,0.2508561,0.24945362
0.24824136,0.25144893,0.2508561,0.24945362
0.24824136,0.25144893,0.2508561,0.24945362
0.24824136,0.25144893,0.2508561,0.24945362
0.24824136,0.25144893,0.2508561,0.24945362
0.24824136,0.25144893,0.2508561,0.24945362
0.24824136,0.25144893,0.2508561,0.24945362
0.24824136,0.25144893,0.2508561,0.24945362
0.24824136,0.25144893,0.2508561,0.24945362
0.24824136,0.25144893,0.2508561,0.24945362
0.24327654,0.24641995,0.24583898,0.26446453
0.24824136,0.25144893,0.2508561,0.24945362
0.24824136,0.25144893,0.2508561,0.24945362
0.24824136,0.25144893,0.2508561,0.24945362
0.24824136,0.25144893,0.2508561,0.24945362
0.24824136,0.25144893,0.2508561,0.24945362
0.24824136,0.25144893,0.2508561,0.24945362
0.24504337,0.24685131,0.25536153,0.2527438
0.24824136,0.25144893,0.2508561,0.24945362
0.24824136,0.25144893,0.2508561,0.24945362
0.24824136,0.25144893,0.2508561,0.24945362
0.24824136,0.25144893,0.2508561,0.24945362
0.24824136,0.25144893,0.2508561,0.24945362
0.24824136,0.25144893,0.2508561,0.24945362
0.24824136,0.25144893,0.2508561,0.24945362
0.24824136,0.25144893,0.2508561,0.24945362
0.26327655,0.24641995,0.24583898,0.24446455
0.24824136,0.25144893,0.2508561,0.24945362
0.26327655,0.24641995,0.24583898,0.24446455
0.24824136,0.25144893,0.2508561,0.24945362
0.24824136,0.25144893,0.2508561,0.24945362
0.24824136,0.25144893,0.2508561,0.24945362
0.24824136,0.25144893,0.2508561,0.24945362
0.24824136,0.25144893,0.2508561,0.24945362
0.24824136,0.25144893,0.2508561,0.24945362
0.24824136,0.25144893,0.2508561,0.24945362
0.24824136,0.25144893,0.2508561,0.24945362
0.24824136,0.25144893,0.2508561,0.24945362
0.24824136,0.25144893,0.2508561,0.24945362
0.24824136,0.25144893,0.2508561,0.24945362
0.24824136,0.25144893,0.2508561,0.24945362
0.24824136,0.25144893,0.2508561,0.24945362
0.24824136,0.25144893,0.2508561,0.24945362
0.24824136,0.25144893,0.2508561,0.24945362
0.24824136,0.25144893,0.2508561,0.24945362
0.24824136,0.25144893,0.2508561,0.24945362
0.24824136,0.25144893,0.2508561,0.24945362
0.24824136,0.25144893,0.2508561,0.24945362
0.24824136,0.25144893,0.2508561,0.24945362
0.24824136,0.25144893,0.2508561,0.24945362
0.24824136,0.25144893,0.2508561,0.24945362
0.24824136,0.25144893,0.2508561,0.24945362
0.24824136,0.25144893,0.2508561,0.24945362
0.24824136,0.25144893,0.2508561,0.24945362
0.24824136,0.25144893,0.2508561,0.24945362
0.24824136,0.25144893,0.2508561,0.24945362
0.24824136,0.25144893,0.2508561,0.24945362
0.24824136,0.25144893,0.2508561,0.24945362
0.24824136,0.25144893,0.2508561,0.24945362
0.24824136,0.25144893,0.2508561,0.24945362
0.24824136,0.25144893,0.2508561,0.24945362
0.24824136,0.25144893,0.2508561,0.24945362
0.24824136,0.25144893,0.2508561,0.24945362
0.24327654,0.25533304,0.25692588,0.24446455
0.24824136,0.25144893,0.2508561,0.24945362
0.24824136,0.25144893,0.2508561,0.24945362
0.24824136,0.25144893,0.2508561,0.24945362
0.24824136,0.25144893,0.2508561,0.24945362
0.24824136,0.25144893,0.2508561,0.24945362
0.24824136,0.25144893,0.2508561,0.24945362
0.24824136,0.25144893,0.2508561,0.24945362
0.24824136,0.25144893,0.2508561,0.24945362
0.24824136,0.25144893,0.2508561,0.24945362
0.24824136,0.25144893,0.2508561,0.24945362
0.26327655,0.24641995,0.24583898,0.24446455
0.24824136,0.25144893,0.2508561,0.24945362
0.24824136,0.25144893,0.2508561,0.24945362
0.24824136,0.25144893,0.2508561,0.24945362
0.25295636,0.24643238,0.2458511,0.2547602
0.24824136,0.25144893,0.2508561,0.24945362
0.24824136,0.25144893,0.2508561,0.24945362
0.24824136,0.25144893,0.2508561,0.24945362
0.24824136,0.25144893,0.2508561,0.24945362
0.24824136,0.25144893,0.2508561,0.24945362
0.24824136,0.25144893,0.2508561,0.24945362
0.24824136,0.25144893,0.2508561,0.24945362
0.24824136,0.25144893,0.2508561,0.24945362
0.24824136,0.25144893,0.2508561,0.24945362
0.24824136,0.25144893,0.2508561,0.24945362
0.24824136,0.25144893,0.2508561,0.24945362
0.24824136,0.25144893,0.2508561,0.24945362
0.24824136,0.25144893,0.2508561,0.24945362
0.24824136,0.25144893,0.2508561,0.24945362
0.24824136,0.25144893,0.2508561,0.24945362
0.24824136,0.25144893,0.2508561,0.24945362
0.24824136,0.25144893,0.2508561,0.24945362
0.24824136,0.25144893,0.2508561,0.24945362
0.24824136,0.25144893,0.2508561,0.24945362
0.24824136,0.25144893,0.2508561,0.24945362
0.24824136,0.25144893,0.2508561,0.24945362
0.26327655,0.24641995,0.24583898,0.24446455
0.24824136,0.25144893,0.2508561,0.24945362
0.24824136,0.25144893,0.2508561,0.24945362
0.24824136,0.25144893,0.2508561,0.24945362
0.24824136,0.25144893,0.2508561,0.24945362
0.24824136,0.25144893,0.2508561,0.24945362
0.24824136,0.25144893,0.2508561,0.24945362
0.24824136,0.25144893,0.2508561,0.24945362
0.24824136,0.25144893,0.2508561,0.24945362
0.24824136,0.25144893,0.2508561,0.24945362
0.24824136,0.25144893,0.2508561,0.24945362
0.24824136,0.25144893,0.2508561,0.24945362
0.24824136,0.25144893,0.2508561,0.24945362
0.24824136,0.25144893,0.2508561,0.24945362
0.24824136,0.25144893,0.2508561,0.24945362
0.24824136,0.25144893,0.2508561,0.24945362
0.24824136,0.25144893,0.2508561,0.24945362
0.24824136,0.25144893,0.2508561,0.24945362
0.24824136,0.25144893,0.2508561,0.24945362
0.24824136,0.25144893,0.2508561,0.24945362
0.24824136,0.25144893,0.2508561,0.24945362
0.24824136,0.25144893,0.2508561,0.24945362
0.24824136,0.25144893,0.2508561,0.24945362
0.24824136,0.25144893,0.2508561,0.24945362
0.24824136,0.25144893,0.2508561,0.24945362
0.24824136,0.25144893,0.2508561,0.24945362
0.24824136,0.25144893,0.2508561,0.24945362
0.24824136,0.25144893,0.2508561,0.24945362
0.24824136,0.25144893,0.2508561,0.24945362
0.24824136,0.25144893,0.2508561,0.24945362
0.24824136,0.25144893,0.2508561,0.24945362
0.24824136,0.25144893,0.2508561,0.24945362
0.24824136,0.25144893,0.2508561,0.24945362
0.24824136,0.25144893,0.2508561,0.24945362
0.24824136,0.25144893,0.2508561,0.24945362
0.24824136,0.25144893,0.2508561,0.24945362
0.24824136,0.25144893,0.2508561,0.24945362
0.24824136,0.25144893,0.2508561,0.24945362
0.24824136,0.25144893,0.2508561,0.24945362
0.24824136,0.25144893,0.2508561,0.24945362
0.24824136,0.25144893,0.2508561,0.24945362
0.24824136,0.25144893,0.2508561,0.24945362
0.24824136,0.25144893,0.2508561,0.24945362
0.24824136,0.25144893,0.2508561,0.24945362
0.24824136,0.25144893,0.2508561,0.24945362
0.24824136,0.25144893,0.2508561,0.24945362
0.24824136,0.25144893,0.2508561,0.24945362
0.24824136,0.25144893,0.2508561,0.24945362
0.24824136,0.25144893,0.2508561,0.24945362
0.24824136,0.25144893,0.2508561,0.24945362
0.24824136,0.25144893,0.2508561,0.24945362
0.24824136,0.25144893,0.2508561,0.24945362
0.24824136,0.25144893,0.2508561,0.24945362
0.24824136,0.25144893,0.2508561,0.24945362
0.24824136,0.25144893,0.2508561,0.24945362
0.24824136,0.25144893,0.2508561,0.24945362
0.24824136,0.25144893,0.2508561,0.24945362
0.24824136,0.25144893,0.2508561,0.24945362
0.26327655,0.24641995,0.24583898,0.24446455
0.24824136,0.25144893,0.2508561,0.24945362
0.24824136,0.25144893,0.2508561,0.24945362
0.24824136,0.25144893,0.2508561,0.24945362
0.24824136,0.25144893,0.2508561,0.24945362
0.24824136,0.25144893,0.2508561,0.24945362
0.24824136,0.25144893,0.2508561,0.24945362
0.24824136,0.25144893,0.2508561,0.24945362
0.24824136,0.25144893,0.2508561,0.24945362
0.24824136,0.25144893,0.2508561,0.24945362
0.24824136,0.25144893,0.2508561,0.24945362
0.24824136,0.25144893,0.2508561,0.24945362
0.24824136,0.25144893,0.2508561,0.24945362
0.24824136,0.25144893,0.2508561,0.24945362
0.24824136,0.25144893,0.2508561,0.24945362
0.24327654,0.25581992,0.256439,0.24446455
0.24824136,0.25144893,0.2508561,0.24945362
0.24824136,0.25144893,0.2508561,0.24945362
0.24824136,0.25144893,0.2508561,0.24945362
0.24824136,0.25144893,0.2508561,0.24945362
0.24824136,0.25144893,0.2508561,0.24945362
0.24824136,0.25144893,0.2508561,0.24945362
0.24824136,0.25144893,0.2508561,0.24945362
0.24824136,0.25144893,0.2508561,0.24945362
0.24327654,0.24641995,0.26583898,0.24446455
0.24903364,0.24641995,0.24583898,0.25870743
0.24824136,0.25144893,0.2508561,0.24945362
0.24824136,0.25144893,0.2508561,0.24945362
0.24327654,0.25503695,0.257222,0.24446455
0.24824136,0.25144893,0.2508561,0.24945362
0.24824136,0.25144893,0.2508561,0.24945362
0.24824136,0.25144893,0.2508561,0.24945362
0.24824136,0.25144893,0.2508561,0.24945362
0.24824136,0.25144893,0.2508561,0.24945362
0.24824136,0.25144893,0.2508561,0.24945362
0.24824136,0.25144893,0.2508561,0.24945362
0.24824136,0.25144893,0.2508561,0.24945362
0.24824136,0.25144893,0.2508561,0.24945362
0.24824136,0.25144893,0.2508561,0.24945362
0.24824136,0.25144893,0.2508561,0.24945362
0.24824136,0.25144893,0.2508561,0.24945362
0.24824136,0.25144893,0.2508561,0.24945362
0.24824136,0.25144893,0.2508561,0.24945362
0.24824136,0.25144893,0.2508561,0.24945362
0.24824136,0.25144893,0.2508561,0.24945362
0.24824136,0.25144893,0.2508561,0.24945362
0.24824136,0.25144893,0.2508561,0.24945362
0.24824136,0.25144893,0.2508561,0.24945362
0.24824136,0.25144893,0.2508561,0.24945362
0.24824136,0.25144893,0.2508561,0.24945362
0.24824136,0.25144893,0.2508561,0.24945362
0.24327654,0.24641995,0.24583898,0.26446453
0.24824136,0.25144893,0.2508561,0.24945362
0.24824136,0.25144893,0.2508561,0.24945362
0.24824136,0.25144893,0.2508561,0.24945362
0.24824136,0.25144893,0.2508561,0.24945362
0.24824136,0.25144893,0.2508561,0.24945362
0.24824136,0.25144893,0.2508561,0.24945362
0.24824136,0.25144893,0.2508561,0.24945362
0.24824136,0.25144893,0.2508561,0.24945362
0.26327655,0.24641995,0.24583898,0.24446455
0.26327655,0.24641995,0.24583898,0.24446455
0.24824136,0.25144893,0.2508561,0.24945362
0.24824136,0.25144893,0.2508561,0.24945362
0.24824136,0.25144893,0.2508561,0.24945362
0.24824136,0.25144893,0.2508561,0.24945362
0.24824136,0.25144893,0.2508561,0.24945362
0.24824136,0.25144893,0.2508561,0.24945362
0.24824136,0.25144893,0.2508561,0.24945362
0.24824136,0.25144893,0.2508561,0.24945362
0.24824136,0.25144893,0.2508561,0.24945362
0.24824136,0.25144893,0.2508561,0.24945362
0.24824136,0.25144893,0.2508561,0.24945362
0.24824136,0.25144893,0.2508561,0.24945362
0.24824136,0.25144893,0.2508561,0.24945362
0.24824136,0.25144893,0.2508561,0.24945362
0.24824136,0.25144893,0.2508561,0.24945362
0.24824136,0.25144893,0.2508561,0.24945362
0.24824136,0.25144893,0.2508561,0.24945362
0.24824136,0.25144893,0.2508561,0.24945362
0.24327654,0.24641995,0.24583898,0.26446456
0.24824136,0.25144893,0.2508561,0.24945362
0.24824136,0.25144893,0.2508561,0.24945362
0.24824136,0.25144893,0.2508561,0.24945362
0.24824136,0.25144893,0.2508561,0.24945362
0.24824136,0.25144893,0.2508561,0.24945362
0.24824136,0.25144893,0.2508561,0.24945362
0.24824136,0.25144893,0.2508561,0.24945362
0.24824136,0.25144893,0.2508561,0.24945362
0.24824136,0.25144893,0.2508561,0.24945362
0.24824136,0.25144893,0.2508561,0.24945362
0.24824136,0.25144893,0.2508561,0.24945362
0.24824136,0.25144893,0.2508561,0.24945362
0.24824136,0.25144893,0.2508561,0.24945362
0.24824136,0.25144893,0.2508561,0.24945362
0.24824136,0.25144893,0.2508561,0.24945362
0.24824136,0.25144893,0.2508561,0.24945362
0.24824136,0.25144893,0.2508561,0.24945362
0.24824136,0.25144893,0.2508561,0.24945362
0.24824136,0.25144893,0.2508561,0.24945362
0.24824136,0.25144893,0.2508561,0.24945362
0.24824136,0.25144893,0.2508561,0.24945362
0.24824136,0.25144893,0.2508561,0.24945362
0.24824136,0.25144893,0.2508561,0.24945362
0.24824136,0.25144893,0.2508561,0.24945362
0.24824136,0.25144893,0.2508561,0.24945362
0.24824136,0.25144893,0.2508561,0.24945362
0.26327655,0.24641995,0.24583898,0.24446455
0.24824136,0.25144893,0.2508561,0.24945362
0.24824136,0.25144893,0.2508561,0.24945362
0.24824136,0.25144893,0.2508561,0.24945362
0.24824136,0.25144893,0.2508561,0.24945362
0.24824136,0.25144893,0.2508561,0.24945362
0.24824136,0.25144893,0.2508561,0.24945362
0.24824136,0.25144893,0.2508561,0.24945362
0.24824136,0.25144893,0.2508561,0.24945362
0.24824136,0.25144893,0.2508561,0.24945362
0.24824136,0.25144893,0.2508561,0.24945362
0.24824136,0.25144893,0.2508561,0.24945362
0.24824136,0.25144893,0.2508561,0.24945362
0.24327654,0.2558424,0.25641653,0.24446455
0.24824136,0.25144893,0.2508561,0.24945362
0.26327655,0.24641995,0.24583898,0.24446455
0.24824136,0.25144893,0.2508561,0.24945362
0.24327654,0.2545387,0.25772023,0.24446455
0.24824136,0.25144893,0.2508561,0.24945362
0.24327654,0.25244635,0.2598126,0.24446455
0.24824136,0.25144893,0.2508561,0.24945362
0.24824136,0.25144893,0.2508561,0.24945362
0.24824136,0.25144893,0.2508561,0.24945362
0.24824136,0.25144893,0.2508561,0.24945362
0.24824136,0.25144893,0.2508561,0.24945362
0.24824136,0.25144893,0.2508561,0.24945362
0.24824136,0.25144893,0.2508561,0.24945362
0.24824136,0.25144893,0.2508561,0.24945362
0.24824136,0.25144893,0.2508561,0.24945362
0.24824136,0.25144893,0.2508561,0.24945362
0.24824136,0.25144893,0.2508561,0.24945362
0.24824136,0.25144893,0.2508561,0.24945362
0.24824136,0.25144893,0.2508561,0.24945362
0.24824136,0.25144893,0.2508561,0.24945362
0.24824136,0.25144893,0.2508561,0.24945362
0.24824136,0.25144893,0.2508561,0.24945362
0.24824136,0.25144893,0.2508561,0.24945362
0.24824136,0.25144893,0.2508561,0.24945362
0.24824136,0.25144893,0.2508561,0.24945362
0.26327655,0.24641995,0.24583898,0.24446455
0.24824136,0.25144893,0.2508561,0.24945362
0.26327655,0.24641995,0.24583898,0.24446455
0.24824136,0.25144893,0.2508561,0.24945362
0.24824136,0.25144893,0.2508561,0.24945362
0.24824136,0.25144893,0.2508561,0.24945362
0.24824136,0.25144893,0.2508561,0.24945362
0.24824136,0.25144893,0.2508561,0.24945362
0.24824136,0.25144893,0.2508561,0.24945362
0.24824136,0.25144893,0.2508561,0.24945362
0.24824136,0.25144893,0.2508561,0.24945362
0.24824136,0.25144893,0.2508561,0.24945362
0.24824136,0.25144893,0.2508561,0.24945362
0.24824136,0.25144893,0.2508561,0.24945362
0.24824136,0.25144893,0.2508561,0.24945362
0.24824136,0.25144893,0.2508561,0.24945362
0.24824136,0.25144893,0.2508561,0.24945362
0.24824136,0.25144893,0.2508561,0.24945362
0.24824136,0.25144893,0.2508561,0.24945362
0.24824136,0.25144893,0.2508561,0.24945362
0.24824136,0.25144893,0.2508561,0.24945362
0.24824136,0.25144893,0.2508561,0.24945362
0.24824136,0.25144893,0.2508561,0.24945362
0.26327655,0.24641995,0.24583898,0.24446455
0.24824136,0.25144893,0.2508561,0.24945362
0.24824136,0.25144893,0.2508561,0.24945362
0.24824136,0.25144893,0.2508561,0.24945362
0.24824136,0.25144893,0.2508561,0.24945362
0.24824136,0.25144893,0.2508561,0.24945362
0.24824136,0.25144893,0.2508561,0.24945362
0.24824136,0.25144893,0.2508561,0.24945362
0.24824136,0.25144893,0.2508561,0.24945362
0.24824136,0.25144893,0.2508561,0.24945362
0.24824136,0.25144893,0.2508561,0.24945362
0.24824136,0.25144893,0.2508561,0.24945362
0.24824136,0.25144893,0.2508561,0.24945362
0.26327655,0.24641995,0.24583898,0.24446455
0.24824136,0.25144893,0.2508561,0.24945362
0.24824136,0.25144893,0.2508561,0.24945362
0.24824136,0.25144893,0.2508561,0.24945362
0.24824136,0.25144893,0.2508561,0.24945362
0.24824136,0.25144893,0.2508561,0.24945362
0.24824136,0.25144893,0.2508561,0.24945362
0.24824136,0.25144893,0.2508561,0.24945362
0.24824136,0.25144893,0.2508561,0.24945362
0.24824136,0.25144893,0.2508561,0.24945362
