Day,Treatment,Plant_Num,Probability,Prediction,True_Value
1,A,1,0.230088495575221,4,0
1,A,2,0.230088495575221,4,0
1,A,3,0.230088495575221,4,0
1,A,4,0.230088495575221,4,0
1,A,5,0.230088495575221,4,0
1,A,6,0.230088495575221,4,0
1,A,7,0.230088495575221,4,0
1,A,8,0.230088495575221,4,0
1,A,9,0.230088495575221,4,0
1,A,10,0.230088495575221,4,0
1,A,11,0.230088495575221,4,0
1,A,12,0.230088495575221,4,0
1,A,13,0.230088495575221,4,0
1,A,14,0.230088495575221,4,0
1,A,15,0.230088495575221,4,0
1,A,16,0.230088495575221,4,0
1,A,17,0.230088495575221,4,0
1,A,18,0,1,0
1,A,19,0,1,0
1,A,20,0,1,0
1,A,21,0,1,0
1,A,22,0,1,0
1,A,23,0,1,0
1,A,24,0.230088495575221,4,0
1,A,25,0.230088495575221,4,0
1,A,26,0.230088495575221,4,0
1,A,27,0.227941176470588,1,0
1,A,28,0.227941176470588,1,0
1,A,29,0.227941176470588,1,0
1,A,30,0.227941176470588,1,0
1,B,1,0.230088495575221,4,0
1,B,2,0.230088495575221,4,0
1,B,3,0.230088495575221,4,0
1,B,4,0.230088495575221,4,0
1,B,5,0.230088495575221,4,0
1,B,6,0.230088495575221,4,0
1,B,7,0.227941176470588,1,0
1,B,8,0.227941176470588,1,0
1,B,9,0.227941176470588,1,0
1,B,10,0.227941176470588,1,0
1,B,11,0.227941176470588,1,0
1,B,12,0.227941176470588,1,0
1,B,13,0.230088495575221,4,0
1,B,14,0.230088495575221,4,0
1,B,15,0.230088495575221,4,0
1,B,16,0.230088495575221,4,0
1,B,17,0.230088495575221,4,0
1,B,18,0.230088495575221,4,0
1,B,19,0.230088495575221,4,0
1,B,20,0.230088495575221,4,0
1,B,21,0.230088495575221,4,0
1,B,22,0.230088495575221,4,0
1,B,23,0.230088495575221,4,0
1,B,24,0.230088495575221,4,0
1,B,25,0.230088495575221,4,0
1,B,26,0.230088495575221,4,0
1,B,27,0.230088495575221,4,0
1,B,28,0.230088495575221,4,0
1,B,29,0.230088495575221,4,0
1,B,30,0.230088495575221,4,0
1,C,1,0,1,0
1,C,2,0,1,0
1,C,3,0,1,0
1,C,4,0.230088495575221,4,0
1,C,5,0.230088495575221,4,0
1,C,6,0.230088495575221,4,0
1,C,7,0.230088495575221,4,0
1,C,8,0.230088495575221,4,0
1,C,9,0.227941176470588,1,0
1,C,10,0.227941176470588,1,0
1,C,11,0.230088495575221,4,0
1,C,12,0.230088495575221,4,0
1,C,13,0.230088495575221,4,0
1,C,14,0.230088495575221,4,0
1,C,15,0.230088495575221,4,0
1,C,16,0.230088495575221,4,0
1,C,17,0.230088495575221,4,0
1,C,18,0.230088495575221,4,0
1,C,19,0.230088495575221,4,0
1,C,20,0.230088495575221,4,0
1,C,21,0.230088495575221,4,0
1,C,22,0.230088495575221,4,0
1,C,23,0.230088495575221,4,0
1,C,24,0.230088495575221,4,0
1,C,25,0.230088495575221,4,0
1,C,26,0.230088495575221,4,0
1,C,27,0.230088495575221,4,0
1,C,28,0.230088495575221,4,0
1,C,29,0.230088495575221,4,0
1,C,30,0.230088495575221,4,0
1,D,1,0.230088495575221,4,0
1,D,2,0.230088495575221,4,0
1,D,3,0.230088495575221,4,0
1,D,4,0.230088495575221,4,0
1,D,5,0.230088495575221,4,0
1,D,6,0.230088495575221,4,0
1,D,7,0.230088495575221,4,0
1,D,8,0.230088495575221,4,0
1,D,9,0.230088495575221,4,0
1,D,10,0.230088495575221,4,0
1,D,11,0.230088495575221,4,0
1,D,12,0.227941176470588,1,0
1,D,13,0.227941176470588,1,0
1,D,14,0.227941176470588,1,0
1,D,15,0.227941176470588,1,0
1,D,16,0.227941176470588,1,0
1,D,17,0.227941176470588,1,0
1,D,18,0.230088495575221,4,0
1,D,19,0.230088495575221,4,0
1,D,20,0.230088495575221,4,0
1,D,21,0.230088495575221,4,0
1,D,22,0.230088495575221,4,0
1,D,23,0.230088495575221,4,0
1,D,24,0.230088495575221,4,0
1,D,25,0.230088495575221,4,0
1,D,26,0.230088495575221,4,0
1,D,27,0.230088495575221,4,0
1,D,28,0.230088495575221,4,0
1,D,29,0.230088495575221,4,0
1,D,30,0.230088495575221,4,0
2,A,1,0.227941176470588,1,0
2,A,2,0.227941176470588,1,0
2,A,3,0.227941176470588,1,0
2,A,4,0.227941176470588,1,0
2,A,5,0.227941176470588,1,0
2,A,6,0.227941176470588,1,0
2,A,7,0.227941176470588,1,0
2,A,8,0.227941176470588,1,0
2,A,9,0.227941176470588,1,0
2,A,10,0.227941176470588,1,0
2,A,11,0.227941176470588,1,0
2,A,12,0.227941176470588,1,0
2,A,13,0.227941176470588,1,0
2,A,14,0.227941176470588,1,0
2,A,15,0.227941176470588,1,0
2,A,16,0.227941176470588,1,0
2,A,17,0.227941176470588,1,0
2,A,18,0.227941176470588,1,0
2,A,19,0.227941176470588,1,0
2,A,20,0.227941176470588,1,0
2,A,21,0.227941176470588,1,0
2,A,22,0.227941176470588,1,0
2,A,23,0.227941176470588,1,0
2,A,24,0.227941176470588,1,0
2,A,25,0.227941176470588,1,0
2,A,26,0.333333333333333,2,0
2,A,27,0.333333333333333,2,0
2,A,28,0.333333333333333,2,0
2,A,29,0.333333333333333,1,0
2,A,30,0.333333333333333,1,0
2,B,1,0.230088495575221,4,0
2,B,2,0.230088495575221,4,0
2,B,3,0.227941176470588,1,0
2,B,4,0.227941176470588,1,0
2,B,5,0.227941176470588,1,0
2,B,6,0.227941176470588,1,0
2,B,7,0.333333333333333,1,0
2,B,8,0.333333333333333,1,0
2,B,9,0.333333333333333,1,0
2,B,10,0.333333333333333,1,0
2,B,11,0.333333333333333,1,0
2,B,12,0.333333333333333,2,0
2,B,13,0.333333333333333,1,0
2,B,14,0.227941176470588,1,0
2,B,15,0.227941176470588,1,0
2,B,16,0.227941176470588,1,0
2,B,17,0.227941176470588,1,0
2,B,18,0.227941176470588,1,0
2,B,19,0.333333333333333,1,0
2,B,20,0.333333333333333,1,0
2,B,21,0.333333333333333,2,0
2,B,22,0.333333333333333,1,0
2,B,23,0.227941176470588,1,0
2,B,24,0.227941176470588,1,0
2,B,25,0.227941176470588,1,0
2,B,26,0.227941176470588,1,0
2,B,27,0.227941176470588,1,0
2,B,28,0.227941176470588,1,0
2,B,29,0.227941176470588,1,0
2,B,30,0.227941176470588,1,0
2,C,1,0.227941176470588,1,0
2,C,2,0.227941176470588,1,0
2,C,3,0.227941176470588,1,0
2,C,4,0.227941176470588,1,0
2,C,5,0.227941176470588,1,0
2,C,6,0.333333333333333,1,0
2,C,7,0.333333333333333,1,0
2,C,8,0.333333333333333,2,0
2,C,9,0.333333333333333,2,0
2,C,10,0.333333333333333,1,0
2,C,11,0.227941176470588,1,0
2,C,12,0.227941176470588,1,0
2,C,13,0.227941176470588,1,0
2,C,14,0.227941176470588,1,0
2,C,15,0.227941176470588,1,0
2,C,16,0.227941176470588,1,0
2,C,17,0.227941176470588,1,0
2,C,18,0.227941176470588,1,0
2,C,19,0.227941176470588,1,0
2,C,20,0.227941176470588,1,0
2,C,21,0.333333333333333,2,0
2,C,22,0.227941176470588,1,0
2,C,23,0.227941176470588,1,0
2,C,24,0.230088495575221,4,0
2,C,25,0.230088495575221,4,0
2,C,26,0.230088495575221,4,0
2,C,27,0.230088495575221,4,0
2,C,28,0.230088495575221,4,0
2,C,29,0.230088495575221,4,0
2,C,30,0.230088495575221,4,0
2,D,1,0,1,0
2,D,2,0,1,0
2,D,3,0,1,0
2,D,4,0.230088495575221,4,0
2,D,5,0.230088495575221,4,0
2,D,6,0.230088495575221,4,0
2,D,7,0.230088495575221,4,0
2,D,8,0.230088495575221,4,0
2,D,9,0.227941176470588,1,0
2,D,10,0.227941176470588,1,0
2,D,11,0.227941176470588,1,0
2,D,12,0.227941176470588,1,0
2,D,13,0.333333333333333,2,0
2,D,14,0.333333333333333,2,0
2,D,15,0.333333333333333,1,0
2,D,16,0.333333333333333,2,0
2,D,17,0.333333333333333,2,0
2,D,18,0.333333333333333,2,0
2,D,19,0.333333333333333,1,0
2,D,20,0.333333333333333,1,0
2,D,21,0.227941176470588,1,0
2,D,22,0.227941176470588,1,0
2,D,23,0.227941176470588,1,0
2,D,24,0.227941176470588,1,0
2,D,25,0.230088495575221,4,0
2,D,26,0.230088495575221,4,0
2,D,27,0.230088495575221,4,0
2,D,28,0.230088495575221,4,0
2,D,29,0.230088495575221,4,0
2,D,30,0.230088495575221,4,0
3,A,1,0.227941176470588,1,0
3,A,2,0.227941176470588,1,0
3,A,3,0.227941176470588,1,0
3,A,4,0.227941176470588,1,0
3,A,5,0.227941176470588,1,0
3,A,6,0.227941176470588,1,0
3,A,7,0.227941176470588,1,0
3,A,8,0.227941176470588,1,0
3,A,9,0.227941176470588,1,0
3,A,10,0.227941176470588,1,0
3,A,11,0.227941176470588,1,0
3,A,12,0.227941176470588,1,0
3,A,13,0.227941176470588,1,0
3,A,14,0.227941176470588,1,0
3,A,15,0.227941176470588,1,0
3,A,16,0.227941176470588,1,0
3,A,17,0.227941176470588,1,0
3,A,18,0.227941176470588,1,0
3,A,19,0.227941176470588,1,0
3,A,20,0.227941176470588,1,0
3,A,21,0.227941176470588,1,0
3,A,22,0.227941176470588,1,0
3,A,23,0.227941176470588,1,0
3,A,24,0.227941176470588,1,0
3,A,25,0.333333333333333,1,0
3,A,26,0.333333333333333,1,0
3,A,27,0.333333333333333,1,0
3,A,28,0.333333333333333,2,0
3,A,29,0.333333333333333,1,0
3,A,30,0.333333333333333,1,0
3,B,1,0.227941176470588,1,0
3,B,2,0.227941176470588,1,0
3,B,3,0.227941176470588,1,0
3,B,4,0.333333333333333,2,0
3,B,5,0.333333333333333,2,0
3,B,6,0.333333333333333,2,0
3,B,7,0.333333333333333,2,0
3,B,8,0.333333333333333,2,0
3,B,9,0.333333333333333,1,0
3,B,10,0.333333333333333,2,0
3,B,11,0.333333333333333,2,0
3,B,12,0.333333333333333,1,0
3,B,13,0.333333333333333,1,0
3,B,14,0.333333333333333,1,0
3,B,15,0.333333333333333,2,0
3,B,16,0.333333333333333,1,0
3,B,17,0.333333333333333,1,0
3,B,18,0.333333333333333,2,0
3,B,19,0.333333333333333,1,0
3,B,20,0.333333333333333,1,0
3,B,21,0.333333333333333,1,0
3,B,22,0.333333333333333,1,0
3,B,23,0.333333333333333,2,0
3,B,24,0.333333333333333,1,0
3,B,25,0.333333333333333,1,0
3,B,26,0.227941176470588,1,0
3,B,27,0.227941176470588,1,0
3,B,28,0.227941176470588,1,0
3,B,29,0.227941176470588,1,0
3,B,30,0.227941176470588,1,0
3,C,1,0.333333333333333,1,0
3,C,2,0.333333333333333,1,0
3,C,3,0.333333333333333,1,0
3,C,4,0.333333333333333,1,0
3,C,5,0.333333333333333,2,0
3,C,6,0.333333333333333,2,0
3,C,7,0.333333333333333,2,0
3,C,8,0.333333333333333,2,0
3,C,9,0.333333333333333,1,0
3,C,10,0.333333333333333,2,0
3,C,11,0.333333333333333,1,0
3,C,12,0.333333333333333,2,0
3,C,13,0.333333333333333,2,0
3,C,14,0.227941176470588,1,0
3,C,15,0.227941176470588,1,0
3,C,16,0.227941176470588,1,0
3,C,17,0.333333333333333,1,0
3,C,18,0.333333333333333,2,0
3,C,19,0.333333333333333,1,0
3,C,20,0.333333333333333,1,0
3,C,21,0.333333333333333,2,0
3,C,22,0.333333333333333,1,0
3,C,23,0.333333333333333,2,0
3,C,24,0.333333333333333,1,0
3,C,25,0.333333333333333,2,0
3,C,26,0.333333333333333,1,0
3,C,27,0.333333333333333,2,0
3,C,28,0.333333333333333,1,0
3,C,29,0.333333333333333,2,0
3,C,30,0.333333333333333,1,0
3,D,1,0.227941176470588,1,0
3,D,2,0.227941176470588,1,0
3,D,3,0.227941176470588,1,0
3,D,4,0.227941176470588,1,0
3,D,5,0.227941176470588,1,0
3,D,6,0.227941176470588,1,0
3,D,7,0.227941176470588,1,0
3,D,8,0.227941176470588,1,0
3,D,9,0.227941176470588,1,0
3,D,10,0.227941176470588,1,0
3,D,11,0.333333333333333,1,0
3,D,12,0.333333333333333,1,0
3,D,13,0.333333333333333,1,0
3,D,14,0.333333333333333,1,0
3,D,15,0.333333333333333,2,0
3,D,16,0.333333333333333,2,0
3,D,17,0.333333333333333,2,0
3,D,18,0.333333333333333,1,0
3,D,19,0.333333333333333,2,0
3,D,20,0.333333333333333,2,0
3,D,21,0.333333333333333,1,0
3,D,22,0.333333333333333,2,0
3,D,23,0.333333333333333,1,0
3,D,24,0.333333333333333,2,0
3,D,25,0.227941176470588,1,0
3,D,26,0.227941176470588,1,0
3,D,27,0.227941176470588,1,0
3,D,28,0.227941176470588,1,0
3,D,29,0.227941176470588,1,0
3,D,30,0.227941176470588,1,0
4,A,1,0.333333333333333,1,0
4,A,2,0.333333333333333,1,0
4,A,3,0.333333333333333,2,0
4,A,4,0.333333333333333,2,0
4,A,5,0.333333333333333,2,0
4,A,6,0.333333333333333,1,0
4,A,7,0.227941176470588,1,0
4,A,8,0.227941176470588,1,0
4,A,9,0.227941176470588,1,0
4,A,10,0.227941176470588,1,0
4,A,11,0.227941176470588,1,0
4,A,12,0.333333333333333,2,0
4,A,13,0.333333333333333,1,0
4,A,14,0.333333333333333,1,0
4,A,15,0.333333333333333,1,0
4,A,16,0.333333333333333,2,0
4,A,17,0.333333333333333,2,0
4,A,18,0.333333333333333,2,0
4,A,19,0.333333333333333,1,0
4,A,20,0.333333333333333,1,0
4,A,21,0.333333333333333,2,0
4,A,22,0.333333333333333,2,0
4,A,23,0.333333333333333,2,0
4,A,24,0.333333333333333,2,0
4,A,25,0.333333333333333,1,0
4,A,26,0.333333333333333,2,0
4,A,27,0.333333333333333,2,0
4,A,28,0.333333333333333,1,0
4,A,29,0.333333333333333,1,0
4,A,30,0.333333333333333,1,0
4,B,1,0.227941176470588,1,0
4,B,2,0.227941176470588,1,0
4,B,3,0.227941176470588,1,0
4,B,4,0.333333333333333,2,0
4,B,5,0.333333333333333,1,0
4,B,6,0.333333333333333,1,0
4,B,7,0.333333333333333,2,0
4,B,8,0.25,3,0
4,B,9,0.25,3,0
4,B,10,0.25,4,0
4,B,11,0.25,3,0
4,B,12,0.25,2,0
4,B,13,0.333333333333333,2,0
4,B,14,0.333333333333333,1,0
4,B,15,0.333333333333333,2,0
4,B,16,0.333333333333333,1,0
4,B,17,0.25,2,0
4,B,18,0.25,2,0
4,B,19,0.25,1,0
4,B,20,0.25,2,0
4,B,21,0.25,4,0
4,B,22,0.25,2,0
4,B,23,0.25,3,0
4,B,24,0.25,1,0
4,B,25,0.25,2,0
4,B,26,0.333333333333333,1,0
4,B,27,0.333333333333333,1,0
4,B,28,0.333333333333333,2,0
4,B,29,0.333333333333333,2,0
4,B,30,0.333333333333333,1,0
4,C,1,0.333333333333333,1,0
4,C,2,0.333333333333333,2,0
4,C,3,0.333333333333333,2,0
4,C,4,0.333333333333333,2,0
4,C,5,0.333333333333333,1,0
4,C,6,0.25,2,0
4,C,7,0.25,2,0
4,C,8,0.25,4,0
4,C,9,0.25,2,0
4,C,10,0.25,4,0
4,C,11,0.25,3,0
4,C,12,0.333333333333333,1,0
4,C,13,0.333333333333333,1,0
4,C,14,0.333333333333333,1,0
4,C,15,0.333333333333333,2,0
4,C,16,0.333333333333333,1,0
4,C,17,0.333333333333333,2,0
4,C,18,0.333333333333333,1,0
4,C,19,0.25,1,0
4,C,20,0.25,2,0
4,C,21,0.25,3,0
4,C,22,0.25,1,0
4,C,23,0.25,1,0
4,C,24,0.25,4,0
4,C,25,0.25,1,0
4,C,26,0.25,4,0
4,C,27,0.25,4,0
4,C,28,0.25,1,0
4,C,29,0.25,4,0
4,C,30,0.25,1,0
4,D,1,0.333333333333333,2,0
4,D,2,0.333333333333333,2,0
4,D,3,0.333333333333333,2,0
4,D,4,0.333333333333333,2,0
4,D,5,0.333333333333333,2,0
4,D,6,0.333333333333333,1,0
4,D,7,0.333333333333333,1,0
4,D,8,0.333333333333333,1,0
4,D,9,0.333333333333333,2,0
4,D,10,0.333333333333333,1,0
4,D,11,0.333333333333333,2,0
4,D,12,0.333333333333333,1,0
4,D,13,0.333333333333333,1,0
4,D,14,0.333333333333333,1,0
4,D,15,0.333333333333333,2,0
4,D,16,0.333333333333333,2,0
4,D,17,0.333333333333333,1,0
4,D,18,0.333333333333333,1,0
4,D,19,0.333333333333333,2,0
4,D,20,0.333333333333333,2,0
4,D,21,0.333333333333333,1,0
4,D,22,0.333333333333333,2,0
4,D,23,0.333333333333333,2,0
4,D,24,0.333333333333333,1,0
4,D,25,0.333333333333333,2,0
4,D,26,0.333333333333333,2,0
4,D,27,0.333333333333333,1,0
4,D,28,0.333333333333333,1,0
4,D,29,0.333333333333333,2,0
4,D,30,0.333333333333333,2,0
5,A,1,0.25,3,0
5,A,2,0.25,3,0
5,A,3,0.25,4,0
5,A,4,0.25,2,0
5,A,5,0.25,3,0
5,A,6,0.25,4,0
5,A,7,0.25,1,0
5,A,8,0.25,1,0
5,A,9,0.25,2,0
5,A,10,0.25,3,0
5,A,11,0.25,3,0
5,A,12,0.25,1,0
5,A,13,0.25,4,0
5,A,14,0.25,4,0
5,A,15,0.25,3,0
5,A,16,0.25,4,0
5,A,17,0.25,3,0
5,A,18,0.25,1,0
5,A,19,0.25,1,0
5,A,20,0.25,1,0
5,A,21,0.25,1,0
5,A,22,0.25,4,0
5,A,23,0.25,1,0
5,A,24,0.25,3,0
5,A,25,0.25,3,0
5,A,26,0.25,2,0
5,A,27,0.25,2,0
5,A,28,0.25,4,0
5,A,29,0.25,1,0
5,A,30,0.25,4,0
5,B,1,0.25,1,0
5,B,2,0.25,2,0
5,B,3,0.25,4,0
5,B,4,0.25,2,0
5,B,5,0.25,1,0
5,B,6,0.25,1,0
5,B,7,0.25,3,0
5,B,8,0.25,4,0
5,B,9,0.25,3,0
5,B,10,0.25,1,0
5,B,11,0.25,3,0
5,B,12,0.25,2,0
5,B,13,0.25,1,0
5,B,14,0.25,4,0
5,B,15,0.25,1,0
5,B,16,0.25,1,0
5,B,17,0.25,1,0
5,B,18,0.25,2,0
5,B,19,0.25,2,0
5,B,20,0.25,1,0
5,B,21,0.25,3,0
5,B,22,0.25,3,0
5,B,23,0.25,4,0
5,B,24,0.25,3,0
5,B,25,0.25,4,0
5,B,26,0.25,3,0
5,B,27,0.25,1,0
5,B,28,0.25,3,0
5,B,29,0.25,4,0
5,B,30,0.25,2,0
5,C,1,0,3,0
5,C,2,0,3,0
5,C,3,0,3,0
5,C,4,0,3,0
5,C,5,0,3,0
5,C,6,0,3,0
5,C,7,0,3,0
5,C,8,0,3,0
5,C,9,0,3,0
5,C,10,0,3,0
5,C,11,0,3,0
5,C,12,0,3,0
5,C,13,0,3,0
5,C,14,0,3,0
5,C,15,0,3,0
5,C,16,0,3,0
5,C,17,0,3,0
5,C,18,0,3,0
5,C,19,0,3,0
5,C,20,0,3,0
5,C,21,0,3,0
5,C,22,0,3,0
5,C,23,0,3,0
5,C,24,0,3,0
5,C,25,0,3,0
5,C,26,0,3,0
5,C,27,0,3,0
5,C,28,0,3,0
5,C,29,0,3,0
5,C,30,0,3,0
5,D,1,0,4,0
5,D,2,0,4,0
5,D,3,0,4,0
5,D,4,0,4,0
5,D,5,0,4,0
5,D,6,0,4,0
5,D,7,0,4,0
5,D,8,0,4,0
5,D,9,0,4,0
5,D,10,0,4,0
5,D,11,0,4,0
5,D,12,0,4,0
5,D,13,0,4,0
5,D,14,0,4,0
5,D,15,0,4,0
5,D,16,0,4,0
5,D,17,0,4,0
5,D,18,0,4,0
5,D,19,0,4,0
5,D,20,0,4,0
5,D,21,0,4,0
5,D,22,0,4,0
5,D,23,0,4,0
5,D,24,0,4,0
5,D,25,0,4,0
5,D,26,0,4,0
5,D,27,0,4,0
5,D,28,0,4,0
5,D,29,0,4,0
5,D,30,0,4,0
6,A,1,0,1,0
6,A,2,0,1,0
6,A,3,0,1,0
6,A,4,0,1,0
6,A,5,0,1,0
6,A,6,0,1,0
6,A,7,0,1,0
6,A,8,0,1,0
6,A,9,0,1,0
6,A,10,0,1,0
6,A,11,0,1,0
6,A,12,0,1,0
6,A,13,0,1,0
6,A,14,0,1,0
6,A,15,0,1,0
6,A,16,0,1,0
6,A,17,0,1,0
6,A,18,0,1,0
6,A,19,0,1,0
6,A,20,0,1,0
6,A,21,0,1,0
6,A,22,0,1,0
6,A,23,0,1,0
6,A,24,0,1,0
6,A,25,0,1,0
6,A,26,0,1,0
6,A,27,0,1,0
6,A,28,0,1,0
6,A,29,0,1,0
6,A,30,0,1,0
6,B,1,1,2,0
6,B,2,1,2,0
6,B,3,1,2,0
6,B,4,1,2,0
6,B,5,1,2,0
6,B,6,1,2,0
6,B,7,1,2,0
6,B,8,1,2,0
6,B,9,1,2,0
6,B,10,1,2,0
6,B,11,1,2,0
6,B,12,1,2,0
6,B,13,1,2,0
6,B,14,1,2,0
6,B,15,1,2,0
6,B,16,1,2,0
6,B,17,1,2,0
6,B,18,1,2,0
6,B,19,1,2,0
6,B,20,1,2,0
6,B,21,1,2,0
6,B,22,1,2,0
6,B,23,1,2,0
6,B,24,1,2,0
6,B,25,1,2,0
6,B,26,1,2,0
6,B,27,1,2,0
6,B,28,1,2,0
6,B,29,1,2,0
6,B,30,1,2,0
6,C,1,1,2,0
6,C,2,1,2,0
6,C,3,1,2,0
6,C,4,1,2,0
6,C,5,1,2,0
6,C,6,1,2,0
6,C,7,1,2,0
6,C,8,1,2,0
6,C,9,1,2,0
6,C,10,1,2,0
6,C,11,1,2,0
6,C,12,1,2,0
6,C,13,1,2,0
6,C,14,1,2,0
6,C,15,1,2,0
6,C,16,1,2,0
6,C,17,1,2,0
6,C,18,1,2,0
6,C,19,1,2,0
6,C,20,1,2,0
6,C,21,1,2,0
6,C,22,1,2,0
6,C,23,1,2,0
6,C,24,1,2,0
6,C,25,1,2,0
6,C,26,1,2,0
6,C,27,1,2,0
6,C,28,1,2,0
6,C,29,1,2,0
6,C,30,1,2,0
6,D,1,0,4,0
6,D,2,0,4,0
6,D,3,0,4,0
6,D,4,0,4,0
6,D,5,0,4,0
6,D,6,0,4,0
6,D,7,0,4,0
6,D,8,0,4,0
6,D,9,0,4,0
6,D,10,0,4,0
6,D,11,0,4,0
6,D,12,0,4,0
6,D,13,0,4,0
6,D,14,0,4,0
6,D,15,0,4,0
6,D,16,0,4,0
6,D,17,0,4,0
6,D,18,0,4,0
6,D,19,0,4,0
6,D,20,0,4,0
6,D,21,0,4,0
6,D,22,0,4,0
6,D,23,0,4,0
6,D,24,0,4,0
6,D,25,0,4,0
6,D,26,0,4,0
6,D,27,0,4,0
6,D,28,0,4,0
6,D,29,0,4,0
6,D,30,0,4,0
7,A,1,0,1,0
7,A,2,0,1,0
7,A,3,0,1,0
7,A,4,0,1,0
7,A,5,0,1,0
7,A,6,0,1,0
7,A,7,0,1,0
7,A,8,0,1,0
7,A,9,0,1,0
7,A,10,0,1,0
7,A,11,0,1,0
7,A,12,0.25,1,0
7,A,13,0,1,0
7,A,14,0,1,0
7,A,15,0,1,0
7,A,16,0,1,0
7,A,17,0,1,0
7,A,18,0,1,0
7,A,19,0,1,0
7,A,20,0,1,0
7,A,21,0,1,0
7,A,22,0,1,0
7,A,23,0,1,0
7,A,24,0,1,0
7,A,25,0,1,0
7,A,26,0,1,0
7,A,27,0,1,0
7,A,28,0,1,0
7,A,29,0,1,0
7,A,30,0,1,0
7,B,1,0.25,4,0
7,B,2,0.25,4,0
7,B,3,0.25,3,0
7,B,4,0.25,3,0
7,B,5,0.25,2,0
7,B,6,0.25,2,0
7,B,7,0.25,2,0
7,B,8,0.25,1,0
7,B,9,0.25,2,0
7,B,10,0.25,4,0
7,B,11,0.25,1,0
7,B,12,0.25,4,0
7,B,13,0.25,1,0
7,B,14,0.25,1,0
7,B,15,0.25,2,0
7,B,16,0.25,1,0
7,B,17,0.25,2,0
7,B,18,0.25,3,0
7,B,19,0.25,1,0
7,B,20,0.25,1,0
7,B,21,0.25,2,0
7,B,22,0.25,2,0
7,B,23,0.25,1,0
7,B,24,0.25,4,0
7,B,25,0.25,1,0
7,B,26,0.25,4,0
7,B,27,0.25,2,0
7,B,28,0.25,1,0
7,B,29,0.25,1,0
7,B,30,0.25,1,0
7,C,1,0,3,0
7,C,2,0,3,0
7,C,3,0,3,0
7,C,4,0,3,0
7,C,5,0,3,0
7,C,6,0,3,0
7,C,7,0,3,0
7,C,8,0,3,0
7,C,9,0,3,0
7,C,10,0,3,0
7,C,11,0,3,0
7,C,12,0,3,0
7,C,13,0.25,2,0
7,C,14,0.25,2,0
7,C,15,0.25,4,0
7,C,16,0.25,3,0
7,C,17,0.25,2,0
7,C,18,0,3,0
7,C,19,0,3,0
7,C,20,0,3,0
7,C,21,0,3,0
7,C,22,0,3,0
7,C,23,0,3,0
7,C,24,0,3,0
7,C,25,0,3,0
7,C,26,0,3,0
7,C,27,0,3,0
7,C,28,0,3,0
7,C,29,0,3,0
7,C,30,0,3,0
7,D,1,0,4,0
7,D,2,0,4,0
7,D,3,0,4,0
7,D,4,0,4,0
7,D,5,0,4,0
7,D,6,0,4,0
7,D,7,0,4,0
7,D,8,0,4,0
7,D,9,0,4,0
7,D,10,0,4,0
7,D,11,0,4,0
7,D,12,0,4,0
7,D,13,0,4,0
7,D,14,0,4,0
7,D,15,0,4,0
7,D,16,0,4,0
7,D,17,0,4,0
7,D,18,0,4,0
7,D,19,0,4,0
7,D,20,0,4,0
7,D,21,0,4,0
7,D,22,0,4,0
7,D,23,0,4,0
7,D,24,0,4,0
7,D,25,0,4,0
7,D,26,0,4,0
7,D,27,0,4,0
7,D,28,0,4,0
7,D,29,0,4,0
7,D,30,0,4,0
8,A,1,0,1,0
8,A,2,0,1,0
8,A,3,0,1,0
8,A,4,0,1,0
8,A,5,0,1,0
8,A,6,0,1,0
8,A,7,0,1,0
8,A,8,0,1,0
8,A,9,0,1,0
8,A,10,0,1,0
8,A,11,0,1,0
8,A,12,0,1,0
8,A,13,0,1,0
8,A,14,0,1,0
8,A,15,0,1,0
8,A,16,0,1,0
8,A,17,0,1,0
8,A,18,0,1,0
8,A,19,0,1,0
8,A,20,0,1,0
8,A,21,0,1,0
8,A,22,0,1,0
8,A,23,0,1,0
8,A,24,0,1,0
8,A,25,0,1,0
8,A,26,0,1,0
8,A,27,0,1,0
8,A,28,0,1,0
8,A,29,0,1,0
8,A,30,0,1,0
8,B,1,0,3,0
8,B,2,0,3,0
8,B,3,0,3,0
8,B,4,0,3,0
8,B,5,0,3,0
8,B,6,0,3,0
8,B,7,0,3,0
8,B,8,0,3,0
8,B,9,0,3,0
8,B,10,0,3,0
8,B,11,0,3,0
8,B,12,0,3,0
8,B,13,0,3,0
8,B,14,0,3,0
8,B,15,0,3,0
8,B,16,0,3,0
8,B,17,0,3,0
8,B,18,0,3,0
8,B,19,0,3,0
8,B,20,0,3,0
8,B,21,0,3,0
8,B,22,0,3,0
8,B,23,0,3,0
8,B,24,0,3,0
8,B,25,0,3,0
8,B,26,0,3,0
8,B,27,0,3,0
8,B,28,0,3,0
8,B,29,0,3,0
8,B,30,0,3,0
8,C,1,0.25,1,0
8,C,2,0.25,1,0
8,C,3,0.25,1,0
8,C,4,0.25,3,0
8,C,5,0.25,2,0
8,C,6,0.25,2,0
8,C,7,0.25,3,0
8,C,8,0.25,4,0
8,C,9,0.25,3,0
8,C,10,0.25,1,0
8,C,11,0.25,3,0
8,C,12,0.25,1,0
8,C,13,0.25,4,0
8,C,14,0.25,2,0
8,C,15,0,1,0
8,C,16,0.25,1,0
8,C,17,0.25,3,0
8,C,18,0.25,3,0
8,C,19,0.25,3,0
8,C,20,0.25,3,0
8,C,21,0.25,2,0
8,C,22,0.25,1,0
8,C,23,0.25,2,0
8,C,24,0.25,4,0
8,C,25,0.25,1,0
8,C,26,0.25,4,0
8,C,27,0.25,4,0
8,C,28,0.25,3,0
8,C,29,0.25,2,0
8,C,30,0.25,4,0
8,D,1,0,4,0
8,D,2,0,4,0
8,D,3,0,4,0
8,D,4,0,4,0
8,D,5,0,4,0
8,D,6,0,4,0
8,D,7,0,4,0
8,D,8,0,4,0
8,D,9,0,4,0
8,D,10,0,4,0
8,D,11,0,4,0
8,D,12,0,4,0
8,D,13,0,4,0
8,D,14,0,4,0
8,D,15,0,4,0
8,D,16,0,4,0
8,D,17,0,4,0
8,D,18,0,4,0
8,D,19,0,4,0
8,D,20,0,4,0
8,D,21,0,4,0
8,D,22,0,4,0
8,D,23,0,4,0
8,D,24,0,4,0
8,D,25,0,4,0
8,D,26,0,4,0
8,D,27,0,4,0
8,D,28,0,4,0
8,D,29,0,4,0
8,D,30,0,4,0
9,A,1,0,4,0
9,A,2,0,4,0
9,A,3,0,4,0
9,A,4,0,4,0
9,A,5,0,4,0
9,A,6,0,4,0
9,A,7,0,4,0
9,A,8,0,4,0
9,A,9,0,4,0
9,A,10,0,4,0
9,A,11,0,4,0
9,A,12,0.099009900990099,4,0
9,A,13,0.736263736263736,2,0
9,A,14,0.736263736263736,2,0
9,A,15,0.736263736263736,2,0
9,A,16,0.352459016393443,3,0
9,A,17,0,4,0
9,A,18,0,4,0
9,A,19,0,4,0
9,A,20,0,4,0
9,A,21,0,4,0
9,A,22,0,4,0
9,A,23,0,4,0
9,A,24,0,4,0
9,A,25,0,4,0
9,A,26,0,4,0
9,A,27,0,4,0
9,A,28,0,4,0
9,A,29,0,4,0
9,A,30,0,4,0
9,B,1,0.352459016393443,3,0
9,B,2,0.736263736263736,2,0
9,B,3,0.736263736263736,2,0
9,B,4,0.352459016393443,3,0
9,B,5,0.099009900990099,4,0
9,B,6,0,4,0
9,B,7,0,4,0
9,B,8,0,4,0
9,B,9,0,4,0
9,B,10,0,4,0
9,B,11,0,4,0
9,B,12,0,4,0
9,B,13,0.099009900990099,4,0
9,B,14,0.099009900990099,4,0
9,B,15,0.352459016393443,3,0
9,B,16,0.352459016393443,3,0
9,B,17,0.099009900990099,4,0
9,B,18,0,4,0
9,B,19,0,4,0
9,B,20,0,4,0
9,B,21,0,4,0
9,B,22,0,4,0
9,B,23,0,4,0
9,B,24,0,4,0
9,B,25,0,4,0
9,B,26,0,4,0
9,B,27,0,4,0
9,B,28,0,4,0
9,B,29,0,4,0
9,B,30,0,4,0
9,C,1,0,3,0
9,C,2,0,3,0
9,C,3,0,3,0
9,C,4,0,3,0
9,C,5,0,3,0
9,C,6,0,3,0
9,C,7,0,3,0
9,C,8,0,3,0
9,C,9,0,3,0
9,C,10,0,3,0
9,C,11,0,3,0
9,C,12,0,3,0
9,C,13,0,3,0
9,C,14,0,3,0
9,C,15,0,3,0
9,C,16,0,3,0
9,C,17,0,3,0
9,C,18,0,3,0
9,C,19,0,3,0
9,C,20,0,3,0
9,C,21,0,3,0
9,C,22,0,3,0
9,C,23,0,3,0
9,C,24,0,3,0
9,C,25,0,3,0
9,C,26,0,3,0
9,C,27,0.352459016393443,3,0
9,C,28,0.099009900990099,4,0
9,C,29,0.099009900990099,4,0
9,C,30,0.099009900990099,4,0
9,D,1,0,4,0
9,D,2,0,4,0
9,D,3,0,4,0
9,D,4,0,4,0
9,D,5,0,4,0
9,D,6,0,4,0
9,D,7,0,4,0
9,D,8,0,4,0
9,D,9,0,4,0
9,D,10,0,4,0
9,D,11,0,4,0
9,D,12,0,4,0
9,D,13,0,4,0
9,D,14,0,4,0
9,D,15,0,4,0
9,D,16,0,4,0
9,D,17,0,4,0
9,D,18,0,4,0
9,D,19,0,4,0
9,D,20,0,4,0
9,D,21,0,4,0
9,D,22,0,4,0
9,D,23,0,4,0
9,D,24,0,4,0
9,D,25,0,4,0
9,D,26,0,4,0
9,D,27,0,4,0
9,D,28,0,4,0
9,D,29,0,4,0
9,D,30,0,4,0
10,A,1,0,1,0
10,A,2,0,1,0
10,A,3,0,1,0
10,A,4,0,1,0
10,A,5,0,1,0
10,A,6,0,1,0
10,A,7,0,1,0
10,A,8,0,1,0
10,A,9,0,1,0
10,A,10,0,1,0
10,A,11,0,1,0
10,A,12,0,1,0
10,A,13,0,1,0
10,A,14,0,1,0
10,A,15,0,1,0
10,A,16,0,1,0
10,A,17,0,1,0
10,A,18,0,1,0
10,A,19,0,1,0
10,A,20,0,1,0
10,A,21,0,1,0
10,A,22,0,1,0
10,A,23,0,1,0
10,A,24,0,1,0
10,A,25,0,1,0
10,A,26,0,1,0
10,A,27,0,1,0
10,A,28,0,1,0
10,A,29,0,1,0
10,A,30,0,1,0
10,B,1,0.25,3,0
10,B,2,0.25,1,0
10,B,3,0.25,4,0
10,B,4,0.25,2,0
10,B,5,0.25,4,0
10,B,6,0.25,4,0
10,B,7,0.25,4,0
10,B,8,0.25,1,0
10,B,9,0.25,1,0
10,B,10,0.25,2,0
10,B,11,0.25,4,0
10,B,12,0.25,1,0
10,B,13,0.25,2,0
10,B,14,0.25,3,0
10,B,15,0.25,3,0
10,B,16,0.25,4,0
10,B,17,0.25,4,0
10,B,18,0.25,3,0
10,B,19,0.25,4,0
10,B,20,0.25,2,0
10,B,21,0.25,3,0
10,B,22,0.25,3,0
10,B,23,0.25,2,0
10,B,24,0.25,2,0
10,B,25,0.25,2,0
10,B,26,0.25,3,0
10,B,27,0.25,1,0
10,B,28,0.25,4,0
10,B,29,0.25,2,0
10,B,30,0.25,1,0
10,C,1,0,3,0
10,C,2,0,3,0
10,C,3,0,3,0
10,C,4,0,3,0
10,C,5,0,3,0
10,C,6,0,3,0
10,C,7,0,3,0
10,C,8,0,3,0
10,C,9,0,3,0
10,C,10,0,3,0
10,C,11,0,3,0
10,C,12,0,3,0
10,C,13,0,3,0
10,C,14,0,3,0
10,C,15,0,3,0
10,C,16,0,3,0
10,C,17,0,3,0
10,C,18,0,3,0
10,C,19,0,3,0
10,C,20,0,3,0
10,C,21,0,3,0
10,C,22,0,3,0
10,C,23,0,3,0
10,C,24,0,3,0
10,C,25,0,3,0
10,C,26,0,3,0
10,C,27,0,3,0
10,C,28,0,3,0
10,C,29,0,3,0
10,C,30,0,3,0
10,D,1,0,4,0
10,D,2,0,4,0
10,D,3,0,4,0
10,D,4,0,4,0
10,D,5,0,4,0
10,D,6,0,4,0
10,D,7,0,4,0
10,D,8,0,4,0
10,D,9,0,4,0
10,D,10,0,4,0
10,D,11,0,4,0
10,D,12,0,4,0
10,D,13,0,4,0
10,D,14,0,4,0
10,D,15,0,4,0
10,D,16,0,4,0
10,D,17,0,4,0
10,D,18,0,4,0
10,D,19,0,4,0
10,D,20,0,4,0
10,D,21,0,4,0
10,D,22,0,4,0
10,D,23,0,4,0
10,D,24,0,4,0
10,D,25,0,4,0
10,D,26,0,4,0
10,D,27,0,4,0
10,D,28,0,4,0
10,D,29,0,4,0
10,D,30,0,4,0
11,A,1,0,1,0
11,A,2,0,1,0
11,A,3,0,1,0
11,A,4,0,1,0
11,A,5,0,1,0
11,A,6,0,1,0
11,A,7,0,1,0
11,A,8,0,1,0
11,A,9,0,1,0
11,A,10,0,1,0
11,A,11,0,1,0
11,A,12,0,1,0
11,A,13,0,1,0
11,A,14,0,1,0
11,A,15,0,1,0
11,A,16,0,1,0
11,A,17,0,1,0
11,A,18,0,1,0
11,A,19,0,1,0
11,A,20,0,1,0
11,A,21,0,1,0
11,A,22,0,1,0
11,A,23,0,1,0
11,A,24,0,1,0
11,A,25,0,1,0
11,A,26,0,1,0
11,A,27,0,1,0
11,A,28,0,1,0
11,A,29,0,1,0
11,A,30,0,1,0
11,B,1,1,2,0
11,B,2,1,2,0
11,B,3,1,2,0
11,B,4,1,2,0
11,B,5,1,2,0
11,B,6,1,2,0
11,B,7,1,2,0
11,B,8,1,2,0
11,B,9,1,2,0
11,B,10,1,2,0
11,B,11,1,2,0
11,B,12,1,2,0
11,B,13,1,2,0
11,B,14,1,2,0
11,B,15,1,2,0
11,B,16,1,2,0
11,B,17,1,2,0
11,B,18,1,2,0
11,B,19,1,2,0
11,B,20,1,2,0
11,B,21,1,2,0
11,B,22,1,2,0
11,B,23,1,2,0
11,B,24,1,2,0
11,B,25,1,2,0
11,B,26,1,2,0
11,B,27,1,2,0
11,B,28,1,2,0
11,B,29,1,2,0
11,B,30,1,2,0
11,C,1,0,3,0
11,C,2,0,3,0
11,C,3,0,3,0
11,C,4,0,3,0
11,C,5,0,3,0
11,C,6,0,3,0
11,C,7,0,3,0
11,C,8,0,3,0
11,C,9,0,3,0
11,C,10,0,3,0
11,C,11,0,3,0
11,C,12,0,3,0
11,C,13,0,3,0
11,C,14,0,3,0
11,C,15,0,3,0
11,C,16,0,3,0
11,C,17,0,3,0
11,C,18,0,3,0
11,C,19,0,3,0
11,C,20,0,3,0
11,C,21,0,3,0
11,C,22,0,3,0
11,C,23,0,3,0
11,C,24,0,3,0
11,C,25,0,3,0
11,C,26,0,3,0
11,C,27,0,3,0
11,C,28,0,3,0
11,C,29,0,3,0
11,C,30,0,3,0
11,D,1,0,4,0
11,D,2,0,4,0
11,D,3,0,4,0
11,D,4,0,4,0
11,D,5,0,4,0
11,D,6,0,4,0
11,D,7,0,4,0
11,D,8,0,4,0
11,D,9,0,4,0
11,D,10,0,4,0
11,D,11,0,4,0
11,D,12,0,4,0
11,D,13,0,4,0
11,D,14,0,4,0
11,D,15,0,4,0
11,D,16,0,4,0
11,D,17,0,4,0
11,D,18,0,4,0
11,D,19,0,4,0
11,D,20,0,4,0
11,D,21,0,4,0
11,D,22,0,4,0
11,D,23,0,4,0
11,D,24,0,4,0
11,D,25,0,4,0
11,D,26,0,4,0
11,D,27,0,4,0
11,D,28,0,4,0
11,D,29,0,4,0
11,D,30,0,4,0
12,A,1,0,1,0
12,A,2,0,1,0
12,A,3,0,1,0
12,A,4,0,1,0
12,A,5,0,1,0
12,A,6,0,1,0
12,A,7,0,1,0
12,A,8,0,1,0
12,A,9,0,1,0
12,A,10,0,1,0
12,A,11,0,1,0
12,A,12,0,1,0
12,A,13,0,1,0
12,A,14,0,1,0
12,A,15,0,1,0
12,A,16,0,1,0
12,A,17,0,1,0
12,A,18,0,1,0
12,A,19,0,1,0
12,A,20,0,1,0
12,A,21,0,1,0
12,A,22,0,1,0
12,A,23,0,1,0
12,A,24,0,1,0
12,A,25,0,1,0
12,A,26,0,1,0
12,A,27,0,1,0
12,A,28,0,1,0
12,A,29,0,1,0
12,A,30,0,1,0
12,B,1,1,2,0
12,B,2,1,2,0
12,B,3,1,2,0
12,B,4,1,2,0
12,B,5,1,2,0
12,B,6,1,2,0
12,B,7,1,2,0
12,B,8,1,2,0
12,B,9,1,2,0
12,B,10,1,2,0
12,B,11,1,2,0
12,B,12,1,2,0
12,B,13,1,2,0
12,B,14,1,2,0
12,B,15,1,2,0
12,B,16,1,2,0
12,B,17,1,2,0
12,B,18,1,2,0
12,B,19,1,2,0
12,B,20,1,2,0
12,B,21,1,2,0
12,B,22,1,2,0
12,B,23,1,2,0
12,B,24,1,2,0
12,B,25,1,2,0
12,B,26,1,2,0
12,B,27,1,2,0
12,B,28,1,2,0
12,B,29,1,2,0
12,B,30,1,2,0
12,C,1,0,3,0
12,C,2,0,3,0
12,C,3,0,3,0
12,C,4,0,3,0
12,C,5,0,3,0
12,C,6,0,3,0
12,C,7,0,3,0
12,C,8,0,3,0
12,C,9,0,3,0
12,C,10,0,3,0
12,C,11,0,3,0
12,C,12,0,3,0
12,C,13,0,3,0
12,C,14,0,3,0
12,C,15,0,3,0
12,C,16,0,3,0
12,C,17,0,3,0
12,C,18,0,3,0
12,C,19,0,3,0
12,C,20,0,3,0
12,C,21,0,3,0
12,C,22,0,3,0
12,C,23,0,3,0
12,C,24,0,3,0
12,C,25,0,3,0
12,C,26,0.25,1,0
12,C,27,0.25,1,0
12,C,28,0.25,4,0
12,C,29,0,3,0
12,C,30,0,3,0
12,D,1,0,4,0
12,D,2,0,4,0
12,D,3,0,4,0
12,D,4,0,4,0
12,D,5,0,4,0
12,D,6,0,4,0
12,D,7,0,4,0
12,D,8,0,4,0
12,D,9,0,4,0
12,D,10,0,4,0
12,D,11,0,4,0
12,D,12,0,4,0
12,D,13,0,4,0
12,D,14,0,4,0
12,D,15,0,4,0
12,D,16,0,4,0
12,D,17,0,4,0
12,D,18,0,4,0
12,D,19,0,4,0
12,D,20,0,4,0
12,D,21,0,4,0
12,D,22,0,4,0
12,D,23,0,4,0
12,D,24,0.25,1,0
12,D,25,0,4,0
12,D,26,0,4,0
12,D,27,0,4,0
12,D,28,0,4,0
12,D,29,0,4,0
12,D,30,0,4,0
13,A,1,0,1,0
13,A,2,0,1,0
13,A,3,0,1,0
13,A,4,0,1,0
13,A,5,0,1,0
13,A,6,0,1,0
13,A,7,0,1,0
13,A,8,0,1,0
13,A,9,0,1,0
13,A,10,0,1,0
13,A,11,0,1,0
13,A,12,0,1,0
13,A,13,0,1,0
13,A,14,0,1,0
13,A,15,0,1,0
13,A,16,0,1,0
13,A,17,0,1,0
13,A,18,0,1,0
13,A,19,0,1,0
13,A,20,0,1,0
13,A,21,0,1,0
13,A,22,0,1,0
13,A,23,0,1,0
13,A,24,0,1,0
13,A,25,0,1,0
13,A,26,0,1,0
13,A,27,0,1,0
13,A,28,0,1,0
13,A,29,0,1,0
13,A,30,0,1,0
13,B,1,0.25,2,0
13,B,2,0.25,3,0
13,B,3,0.25,2,0
13,B,4,0.25,1,0
13,B,5,0.25,1,0
13,B,6,0.25,3,0
13,B,7,0.25,2,0
13,B,8,0.25,1,0
13,B,9,0.25,3,0
13,B,10,0.25,1,0
13,B,11,0.25,1,0
13,B,12,0.25,1,0
13,B,13,0.25,4,0
13,B,14,0.25,1,0
13,B,15,0.25,2,0
13,B,16,0.25,4,0
13,B,17,0.25,1,0
13,B,18,0.25,2,0
13,B,19,0.25,4,0
13,B,20,0.25,3,0
13,B,21,0.25,2,0
13,B,22,0.25,2,0
13,B,23,0.25,1,0
13,B,24,0.25,1,0
13,B,25,0.25,2,0
13,B,26,0.25,3,0
13,B,27,0.25,3,0
13,B,28,0.25,3,0
13,B,29,0.25,2,0
13,B,30,0.25,3,0
13,C,1,0,3,0
13,C,2,0,3,0
13,C,3,0,3,0
13,C,4,0,3,0
13,C,5,0,3,0
13,C,6,0,3,0
13,C,7,0,3,0
13,C,8,0,3,0
13,C,9,0,3,0
13,C,10,0,3,0
13,C,11,0,3,0
13,C,12,0,3,0
13,C,13,0,3,0
13,C,14,0,3,0
13,C,15,0,3,0
13,C,16,0,3,0
13,C,17,0,3,0
13,C,18,0,3,0
13,C,19,0,3,0
13,C,20,0,3,0
13,C,21,0,3,0
13,C,22,0,3,0
13,C,23,0,3,0
13,C,24,0,3,0
13,C,25,0,3,0
13,C,26,0,3,0
13,C,27,0,3,0
13,C,28,0,3,0
13,C,29,0,3,0
13,C,30,0,3,0
13,D,1,0,4,0
13,D,2,0,4,0
13,D,3,0,4,0
13,D,4,0,4,0
13,D,5,0,4,0
13,D,6,0,4,0
13,D,7,0,4,0
13,D,8,0,4,0
13,D,9,0,4,0
13,D,10,0,4,0
13,D,11,0,4,0
13,D,12,0,4,0
13,D,13,0,4,0
13,D,14,0,4,0
13,D,15,0,4,0
13,D,16,0,4,0
13,D,17,0,4,0
13,D,18,0,4,0
13,D,19,0,4,0
13,D,20,0,4,0
13,D,21,0,4,0
13,D,22,0,4,0
13,D,23,0,4,0
13,D,24,0,4,0
13,D,25,0,4,0
13,D,26,0,4,0
13,D,27,0,4,0
13,D,28,0,4,0
13,D,29,0,4,0
13,D,30,0,4,0
14,A,1,0,1,0
14,A,2,0,1,0
14,A,3,0,1,0
14,A,4,0,1,0
14,A,5,0,1,0
14,A,6,0,1,0
14,A,7,0,1,0
14,A,8,0,1,0
14,A,9,0,1,0
14,A,10,0,1,0
14,A,11,0,1,0
14,A,12,0,1,0
14,A,13,0,1,0
14,A,14,0,1,0
14,A,15,0,1,0
14,A,16,0,1,0
14,A,17,0,1,0
14,A,18,0,1,0
14,A,19,0,1,0
14,A,20,0,1,0
14,A,21,0,1,0
14,A,22,0,1,0
14,A,23,0,1,0
14,A,24,0,1,0
14,A,25,0,1,0
14,A,26,0,1,0
14,A,27,0,1,0
14,A,28,0,1,0
14,A,29,0,1,0
14,A,30,0,1,0
14,B,1,1,2,0
14,B,2,1,2,0
14,B,3,1,2,0
14,B,4,1,2,0
14,B,5,1,2,0
14,B,6,1,2,0
14,B,7,1,2,0
14,B,8,1,2,0
14,B,9,1,2,0
14,B,10,1,2,0
14,B,11,1,2,0
14,B,12,1,2,0
14,B,13,1,2,0
14,B,14,1,2,0
14,B,15,1,2,0
14,B,16,1,2,0
14,B,17,1,2,0
14,B,18,1,2,0
14,B,19,1,2,0
14,B,20,1,2,0
14,B,21,1,2,0
14,B,22,1,2,0
14,B,23,1,2,0
14,B,24,1,2,0
14,B,25,1,2,0
14,B,26,1,2,0
14,B,27,1,2,0
14,B,28,1,2,0
14,B,29,1,2,0
14,B,30,1,2,0
14,C,1,0,3,0
14,C,2,0,3,0
14,C,3,0,3,0
14,C,4,0,3,0
14,C,5,0,3,0
14,C,6,0,3,0
14,C,7,0,3,0
14,C,8,0,3,0
14,C,9,0,3,0
14,C,10,0,3,0
14,C,11,0,3,0
14,C,12,0,3,0
14,C,13,0,3,0
14,C,14,0,3,0
14,C,15,0,3,0
14,C,16,0,3,0
14,C,17,0,3,0
14,C,18,0,3,0
14,C,19,0,3,0
14,C,20,0,3,0
14,C,21,0,3,0
14,C,22,0,3,0
14,C,23,0,3,0
14,C,24,0,3,0
14,C,25,0,3,0
14,C,26,0,3,0
14,C,27,0,3,0
14,C,28,0,3,0
14,C,29,0,3,0
14,C,30,0,3,0
14,D,1,0,4,0
14,D,2,0,4,0
14,D,3,0,4,0
14,D,4,0,4,0
14,D,5,0,4,0
14,D,6,0,4,0
14,D,7,0,4,0
14,D,8,0,4,0
14,D,9,0,4,0
14,D,10,0,4,0
14,D,11,0,4,0
14,D,12,0,4,0
14,D,13,0,4,0
14,D,14,0,4,0
14,D,15,0,4,0
14,D,16,0,4,0
14,D,17,0,4,0
14,D,18,0,4,0
14,D,19,0,4,0
14,D,20,0,4,0
14,D,21,0,4,0
14,D,22,0,4,0
14,D,23,0,4,0
14,D,24,0,4,0
14,D,25,0,4,0
14,D,26,0,4,0
14,D,27,0,4,0
14,D,28,0,4,0
14,D,29,0,4,0
14,D,30,0,4,0
15,A,1,0,1,0
15,A,2,0,1,0
15,A,3,0,1,0
15,A,4,0,1,0
15,A,5,0,1,0
15,A,6,0,1,0
15,A,7,0,1,0
15,A,8,0,1,0
15,A,9,0,1,0
15,A,10,0,1,0
15,A,11,0,1,0
15,A,12,0,1,0
15,A,13,0,1,0
15,A,14,0,1,0
15,A,15,0,1,0
15,A,16,0,1,0
15,A,17,0,1,0
15,A,18,0,1,0
15,A,19,0,1,0
15,A,20,0,1,0
15,A,21,0,1,0
15,A,22,0,1,0
15,A,23,0,1,0
15,A,24,0,1,0
15,A,25,0,1,0
15,A,26,0,1,0
15,A,27,0,1,0
15,A,28,0,1,0
15,A,29,0,1,0
15,A,30,0,1,0
15,B,1,1,2,0
15,B,2,1,2,0
15,B,3,1,2,0
15,B,4,1,2,0
15,B,5,1,2,0
15,B,6,1,2,0
15,B,7,1,2,0
15,B,8,1,2,0
15,B,9,1,2,0
15,B,10,1,2,0
15,B,11,1,2,0
15,B,12,1,2,0
15,B,13,1,2,0
15,B,14,1,2,0
15,B,15,1,2,0
15,B,16,1,2,0
15,B,17,1,2,0
15,B,18,1,2,0
15,B,19,1,2,0
15,B,20,1,2,0
15,B,21,1,2,0
15,B,22,1,2,0
15,B,23,1,2,0
15,B,24,1,2,0
15,B,25,1,2,0
15,B,26,1,2,0
15,B,27,1,2,0
15,B,28,1,2,0
15,B,29,1,2,0
15,B,30,1,2,0
15,C,1,0,3,0
15,C,2,0,3,0
15,C,3,0,3,0
15,C,4,0,3,0
15,C,5,0,3,0
15,C,6,0,3,0
15,C,7,0,3,0
15,C,8,0,3,0
15,C,9,0,3,0
15,C,10,0,3,0
15,C,11,0,3,0
15,C,12,0,3,0
15,C,13,0,3,0
15,C,14,0,3,0
15,C,15,0,3,0
15,C,16,0,3,0
15,C,17,0,3,0
15,C,18,0,3,0
15,C,19,0,3,0
15,C,20,0,3,0
15,C,21,0,3,0
15,C,22,0,3,0
15,C,23,0,3,0
15,C,24,0,3,0
15,C,25,0,3,0
15,C,26,0,3,0
15,C,27,0,3,0
15,C,28,0,3,0
15,C,29,0,3,0
15,C,30,0,3,0
15,D,1,0,4,0
15,D,2,0,4,0
15,D,3,0,4,0
15,D,4,0,4,0
15,D,5,0,4,0
15,D,6,0,4,0
15,D,7,0,4,0
15,D,8,0,4,0
15,D,9,0,4,0
15,D,10,0,4,0
15,D,11,0,4,0
15,D,12,0,4,0
15,D,13,0,4,0
15,D,14,0,4,0
15,D,15,0,4,0
15,D,16,0,4,0
15,D,17,0,4,0
15,D,18,0,4,0
15,D,19,0,4,0
15,D,20,0,4,0
15,D,21,0,4,0
15,D,22,0,4,0
15,D,23,0,4,0
15,D,24,0,4,0
15,D,25,0,4,0
15,D,26,0,4,0
15,D,27,0,4,0
15,D,28,0,4,0
15,D,29,0,4,0
15,D,30,0,4,0
16,A,1,0,1,0
16,A,2,0,1,0
16,A,3,0,1,0
16,A,4,0,1,0
16,A,5,0,1,0
16,A,6,0,1,0
16,A,7,0,1,0
16,A,8,0,1,0
16,A,9,0,1,0
16,A,10,0,1,0
16,A,11,0,1,0
16,A,12,0,1,0
16,A,13,0,1,0
16,A,14,0,1,0
16,A,15,0,1,0
16,A,16,0,1,0
16,A,17,0,1,0
16,A,18,0,1,0
16,A,19,0,1,0
16,A,20,0,1,0
16,A,21,0,1,0
16,A,22,0,1,0
16,A,23,0,1,0
16,A,24,0,1,0
16,A,25,0,1,0
16,A,26,0,1,0
16,A,27,0,1,0
16,A,28,0,1,0
16,A,29,0,1,0
16,A,30,0,1,0
16,B,1,1,2,0
16,B,2,1,2,0
16,B,3,1,2,0
16,B,4,1,2,0
16,B,5,1,2,0
16,B,6,1,2,0
16,B,7,1,2,0
16,B,8,1,2,0
16,B,9,1,2,0
16,B,10,1,2,0
16,B,11,1,2,0
16,B,12,1,2,0
16,B,13,1,2,0
16,B,14,1,2,0
16,B,15,1,2,0
16,B,16,1,2,0
16,B,17,1,2,0
16,B,18,1,2,0
16,B,19,1,2,0
16,B,20,1,2,0
16,B,21,1,2,0
16,B,22,1,2,0
16,B,23,1,2,0
16,B,24,1,2,0
16,B,25,1,2,0
16,B,26,1,2,0
16,B,27,1,2,0
16,B,28,1,2,0
16,B,29,1,2,0
16,B,30,1,2,0
16,C,1,0,3,0
16,C,2,0,3,0
16,C,3,0,3,0
16,C,4,0,3,0
16,C,5,0,3,0
16,C,6,0,3,0
16,C,7,0,3,0
16,C,8,0,3,0
16,C,9,0,3,0
16,C,10,0,3,0
16,C,11,0,3,0
16,C,12,0,3,0
16,C,13,0,3,0
16,C,14,0,3,0
16,C,15,0,3,0
16,C,16,0,3,0
16,C,17,0,3,0
16,C,18,0,3,0
16,C,19,0,3,0
16,C,20,0,3,0
16,C,21,0,3,0
16,C,22,0,3,0
16,C,23,0,3,0
16,C,24,0,3,0
16,C,25,0,3,0
16,C,26,0,3,0
16,C,27,0,3,0
16,C,28,0,3,0
16,C,29,0,3,0
16,C,30,0,3,0
16,D,1,0,4,0
16,D,2,0,4,0
16,D,3,0,4,0
16,D,4,0,4,0
16,D,5,0,4,0
16,D,6,0,4,0
16,D,7,0,4,0
16,D,8,0,4,0
16,D,9,0,4,0
16,D,10,0,4,0
16,D,11,0,4,0
16,D,12,0,4,0
16,D,13,0,4,0
16,D,14,0,4,0
16,D,15,0,4,0
16,D,16,0,4,0
16,D,17,0,4,0
16,D,18,0,4,0
16,D,19,0,4,0
16,D,20,0,4,0
16,D,21,0,4,0
16,D,22,0,4,0
16,D,23,0,4,0
16,D,24,0,4,0
16,D,25,0,4,0
16,D,26,0,4,0
16,D,27,0,4,0
16,D,28,0,4,0
16,D,29,0,4,0
16,D,30,0,4,0
17,A,1,0,1,0
17,A,2,0,1,0
17,A,3,0,1,0
17,A,4,0,1,0
17,A,5,0,1,0
17,A,6,0,1,0
17,A,7,0,1,0
17,A,8,0,1,0
17,A,9,0,1,0
17,A,10,0,1,0
17,A,11,0,1,0
17,A,12,0,1,0
17,A,13,0,1,0
17,A,14,0,1,0
17,A,15,0,1,0
17,A,16,0,1,0
17,A,17,0,1,0
17,A,18,0,1,0
17,A,19,0,1,0
17,A,20,0,1,0
17,A,21,0,1,0
17,A,22,0,1,0
17,A,23,0,1,0
17,A,24,0,1,0
17,A,25,0,1,0
17,A,26,0,1,0
17,A,27,0,1,0
17,A,28,0,1,0
17,A,29,0,1,0
17,A,30,0,1,0
17,B,1,0.25,3,0
17,B,2,0.25,3,0
17,B,3,0.25,1,0
17,B,4,0.25,4,0
17,B,5,0.25,1,0
17,B,6,0.25,4,0
17,B,7,0.25,1,0
17,B,8,0.25,4,0
17,B,9,0.25,4,0
17,B,10,0.25,4,0
17,B,11,0.25,1,0
17,B,12,0.25,3,0
17,B,13,0.25,4,0
17,B,14,0.25,2,0
17,B,15,0.25,1,0
17,B,16,0.25,3,0
17,B,17,0.25,4,0
17,B,18,0.25,3,0
17,B,19,0.25,1,0
17,B,20,0.25,2,0
17,B,21,0.25,4,0
17,B,22,0.25,1,0
17,B,23,0.25,2,0
17,B,24,0.25,3,0
17,B,25,0.25,2,0
17,B,26,0.25,4,0
17,B,27,0.25,1,0
17,B,28,0.25,4,0
17,B,29,0.25,1,0
17,B,30,0.25,4,0
17,C,1,0,3,0
17,C,2,0,3,0
17,C,3,0,3,0
17,C,4,0,3,0
17,C,5,0,3,0
17,C,6,0,3,0
17,C,7,0,3,0
17,C,8,0,3,0
17,C,9,0,3,0
17,C,10,0,3,0
17,C,11,0,3,0
17,C,12,0,3,0
17,C,13,0,3,0
17,C,14,0,3,0
17,C,15,0,3,0
17,C,16,0,3,0
17,C,17,0,3,0
17,C,18,0,3,0
17,C,19,0,3,0
17,C,20,0,3,0
17,C,21,0,3,0
17,C,22,0,3,0
17,C,23,0,3,0
17,C,24,0,3,0
17,C,25,0,3,0
17,C,26,0,3,0
17,C,27,0,3,0
17,C,28,0,3,0
17,C,29,0,3,0
17,C,30,0,3,0
17,D,1,0,4,0
17,D,2,0,4,0
17,D,3,0,4,0
17,D,4,0,4,0
17,D,5,0,4,0
17,D,6,0,4,0
17,D,7,0,4,0
17,D,8,0,4,0
17,D,9,0,4,0
17,D,10,0,4,0
17,D,11,0,4,0
17,D,12,0,4,0
17,D,13,0,4,0
17,D,14,0,4,0
17,D,15,0,4,0
17,D,16,0,4,0
17,D,17,0,4,0
17,D,18,0,4,0
17,D,19,0,4,0
17,D,20,0,4,0
17,D,21,0,4,0
17,D,22,0,4,0
17,D,23,0,4,0
17,D,24,0,4,0
17,D,25,0,4,0
17,D,26,0,4,0
17,D,27,0,4,0
17,D,28,0,4,0
17,D,29,0,4,0
17,D,30,0,4,0
