scores_array1,scores_array2,scores_array3,scores_array4
0.176991150442478,0.230088495575221,0.283185840707965,0.309734513274336
0.176991150442478,0.230088495575221,0.283185840707965,0.309734513274336
0.176991150442478,0.230088495575221,0.283185840707965,0.309734513274336
0.176991150442478,0.230088495575221,0.283185840707965,0.309734513274336
0.176991150442478,0.230088495575221,0.283185840707965,0.309734513274336
0.176991150442478,0.230088495575221,0.283185840707965,0.309734513274336
0.176991150442478,0.230088495575221,0.283185840707965,0.309734513274336
0.176991150442478,0.230088495575221,0.283185840707965,0.309734513274336
0.176991150442478,0.230088495575221,0.283185840707965,0.309734513274336
0.176991150442478,0.230088495575221,0.283185840707965,0.309734513274336
0.176991150442478,0.230088495575221,0.283185840707965,0.309734513274336
0.176991150442478,0.230088495575221,0.283185840707965,0.309734513274336
0.176991150442478,0.230088495575221,0.283185840707965,0.309734513274336
0.176991150442478,0.230088495575221,0.283185840707965,0.309734513274336
0.176991150442478,0.230088495575221,0.283185840707965,0.309734513274336
0.176991150442478,0.230088495575221,0.283185840707965,0.309734513274336
0.176991150442478,0.230088495575221,0.283185840707965,0.309734513274336
0.5,0,0.25,0.25
0.5,0,0.25,0.25
0.5,0,0.25,0.25
0.5,0,0.25,0.25
0.5,0,0.25,0.25
0.5,0,0.25,0.25
0.176991150442478,0.230088495575221,0.283185840707965,0.309734513274336
0.176991150442478,0.230088495575221,0.283185840707965,0.309734513274336
0.176991150442478,0.230088495575221,0.283185840707965,0.309734513274336
0.389705882352941,0.227941176470588,0.161764705882353,0.220588235294118
0.389705882352941,0.227941176470588,0.161764705882353,0.220588235294118
0.389705882352941,0.227941176470588,0.161764705882353,0.220588235294118
0.389705882352941,0.227941176470588,0.161764705882353,0.220588235294118
0.176991150442478,0.230088495575221,0.283185840707965,0.309734513274336
0.176991150442478,0.230088495575221,0.283185840707965,0.309734513274336
0.176991150442478,0.230088495575221,0.283185840707965,0.309734513274336
0.176991150442478,0.230088495575221,0.283185840707965,0.309734513274336
0.176991150442478,0.230088495575221,0.283185840707965,0.309734513274336
0.176991150442478,0.230088495575221,0.283185840707965,0.309734513274336
0.389705882352941,0.227941176470588,0.161764705882353,0.220588235294118
0.389705882352941,0.227941176470588,0.161764705882353,0.220588235294118
0.389705882352941,0.227941176470588,0.161764705882353,0.220588235294118
0.389705882352941,0.227941176470588,0.161764705882353,0.220588235294118
0.389705882352941,0.227941176470588,0.161764705882353,0.220588235294118
0.389705882352941,0.227941176470588,0.161764705882353,0.220588235294118
0.176991150442478,0.230088495575221,0.283185840707965,0.309734513274336
0.176991150442478,0.230088495575221,0.283185840707965,0.309734513274336
0.176991150442478,0.230088495575221,0.283185840707965,0.309734513274336
0.176991150442478,0.230088495575221,0.283185840707965,0.309734513274336
0.176991150442478,0.230088495575221,0.283185840707965,0.309734513274336
0.176991150442478,0.230088495575221,0.283185840707965,0.309734513274336
0.176991150442478,0.230088495575221,0.283185840707965,0.309734513274336
0.176991150442478,0.230088495575221,0.283185840707965,0.309734513274336
0.176991150442478,0.230088495575221,0.283185840707965,0.309734513274336
0.176991150442478,0.230088495575221,0.283185840707965,0.309734513274336
0.176991150442478,0.230088495575221,0.283185840707965,0.309734513274336
0.176991150442478,0.230088495575221,0.283185840707965,0.309734513274336
0.176991150442478,0.230088495575221,0.283185840707965,0.309734513274336
0.176991150442478,0.230088495575221,0.283185840707965,0.309734513274336
0.176991150442478,0.230088495575221,0.283185840707965,0.309734513274336
0.176991150442478,0.230088495575221,0.283185840707965,0.309734513274336
0.176991150442478,0.230088495575221,0.283185840707965,0.309734513274336
0.176991150442478,0.230088495575221,0.283185840707965,0.309734513274336
0.5,0,0.25,0.25
0.5,0,0.25,0.25
0.5,0,0.25,0.25
0.176991150442478,0.230088495575221,0.283185840707965,0.309734513274336
0.176991150442478,0.230088495575221,0.283185840707965,0.309734513274336
0.176991150442478,0.230088495575221,0.283185840707965,0.309734513274336
0.176991150442478,0.230088495575221,0.283185840707965,0.309734513274336
0.176991150442478,0.230088495575221,0.283185840707965,0.309734513274336
0.389705882352941,0.227941176470588,0.161764705882353,0.220588235294118
0.389705882352941,0.227941176470588,0.161764705882353,0.220588235294118
0.176991150442478,0.230088495575221,0.283185840707965,0.309734513274336
0.176991150442478,0.230088495575221,0.283185840707965,0.309734513274336
0.176991150442478,0.230088495575221,0.283185840707965,0.309734513274336
0.176991150442478,0.230088495575221,0.283185840707965,0.309734513274336
0.176991150442478,0.230088495575221,0.283185840707965,0.309734513274336
0.176991150442478,0.230088495575221,0.283185840707965,0.309734513274336
0.176991150442478,0.230088495575221,0.283185840707965,0.309734513274336
0.176991150442478,0.230088495575221,0.283185840707965,0.309734513274336
0.176991150442478,0.230088495575221,0.283185840707965,0.309734513274336
0.176991150442478,0.230088495575221,0.283185840707965,0.309734513274336
0.176991150442478,0.230088495575221,0.283185840707965,0.309734513274336
0.176991150442478,0.230088495575221,0.283185840707965,0.309734513274336
0.176991150442478,0.230088495575221,0.283185840707965,0.309734513274336
0.176991150442478,0.230088495575221,0.283185840707965,0.309734513274336
0.176991150442478,0.230088495575221,0.283185840707965,0.309734513274336
0.176991150442478,0.230088495575221,0.283185840707965,0.309734513274336
0.176991150442478,0.230088495575221,0.283185840707965,0.309734513274336
0.176991150442478,0.230088495575221,0.283185840707965,0.309734513274336
0.176991150442478,0.230088495575221,0.283185840707965,0.309734513274336
0.176991150442478,0.230088495575221,0.283185840707965,0.309734513274336
0.176991150442478,0.230088495575221,0.283185840707965,0.309734513274336
0.176991150442478,0.230088495575221,0.283185840707965,0.309734513274336
0.176991150442478,0.230088495575221,0.283185840707965,0.309734513274336
0.176991150442478,0.230088495575221,0.283185840707965,0.309734513274336
0.176991150442478,0.230088495575221,0.283185840707965,0.309734513274336
0.176991150442478,0.230088495575221,0.283185840707965,0.309734513274336
0.176991150442478,0.230088495575221,0.283185840707965,0.309734513274336
0.176991150442478,0.230088495575221,0.283185840707965,0.309734513274336
0.176991150442478,0.230088495575221,0.283185840707965,0.309734513274336
0.176991150442478,0.230088495575221,0.283185840707965,0.309734513274336
0.176991150442478,0.230088495575221,0.283185840707965,0.309734513274336
0.389705882352941,0.227941176470588,0.161764705882353,0.220588235294118
0.389705882352941,0.227941176470588,0.161764705882353,0.220588235294118
0.389705882352941,0.227941176470588,0.161764705882353,0.220588235294118
0.389705882352941,0.227941176470588,0.161764705882353,0.220588235294118
0.389705882352941,0.227941176470588,0.161764705882353,0.220588235294118
0.389705882352941,0.227941176470588,0.161764705882353,0.220588235294118
0.176991150442478,0.230088495575221,0.283185840707965,0.309734513274336
0.176991150442478,0.230088495575221,0.283185840707965,0.309734513274336
0.176991150442478,0.230088495575221,0.283185840707965,0.309734513274336
0.176991150442478,0.230088495575221,0.283185840707965,0.309734513274336
0.176991150442478,0.230088495575221,0.283185840707965,0.309734513274336
0.176991150442478,0.230088495575221,0.283185840707965,0.309734513274336
0.176991150442478,0.230088495575221,0.283185840707965,0.309734513274336
0.176991150442478,0.230088495575221,0.283185840707965,0.309734513274336
0.176991150442478,0.230088495575221,0.283185840707965,0.309734513274336
0.176991150442478,0.230088495575221,0.283185840707965,0.309734513274336
0.176991150442478,0.230088495575221,0.283185840707965,0.309734513274336
0.176991150442478,0.230088495575221,0.283185840707965,0.309734513274336
0.176991150442478,0.230088495575221,0.283185840707965,0.309734513274336
0.389705882352941,0.227941176470588,0.161764705882353,0.220588235294118
0.389705882352941,0.227941176470588,0.161764705882353,0.220588235294118
0.389705882352941,0.227941176470588,0.161764705882353,0.220588235294118
0.389705882352941,0.227941176470588,0.161764705882353,0.220588235294118
0.389705882352941,0.227941176470588,0.161764705882353,0.220588235294118
0.389705882352941,0.227941176470588,0.161764705882353,0.220588235294118
0.389705882352941,0.227941176470588,0.161764705882353,0.220588235294118
0.389705882352941,0.227941176470588,0.161764705882353,0.220588235294118
0.389705882352941,0.227941176470588,0.161764705882353,0.220588235294118
0.389705882352941,0.227941176470588,0.161764705882353,0.220588235294118
0.389705882352941,0.227941176470588,0.161764705882353,0.220588235294118
0.389705882352941,0.227941176470588,0.161764705882353,0.220588235294118
0.389705882352941,0.227941176470588,0.161764705882353,0.220588235294118
0.389705882352941,0.227941176470588,0.161764705882353,0.220588235294118
0.389705882352941,0.227941176470588,0.161764705882353,0.220588235294118
0.389705882352941,0.227941176470588,0.161764705882353,0.220588235294118
0.389705882352941,0.227941176470588,0.161764705882353,0.220588235294118
0.389705882352941,0.227941176470588,0.161764705882353,0.220588235294118
0.389705882352941,0.227941176470588,0.161764705882353,0.220588235294118
0.389705882352941,0.227941176470588,0.161764705882353,0.220588235294118
0.389705882352941,0.227941176470588,0.161764705882353,0.220588235294118
0.389705882352941,0.227941176470588,0.161764705882353,0.220588235294118
0.389705882352941,0.227941176470588,0.161764705882353,0.220588235294118
0.389705882352941,0.227941176470588,0.161764705882353,0.220588235294118
0.389705882352941,0.227941176470588,0.161764705882353,0.220588235294118
0.111111111111111,0.333333333333333,0.333333333333333,0.222222222222222
0.111111111111111,0.333333333333333,0.333333333333333,0.222222222222222
0.111111111111111,0.333333333333333,0.333333333333333,0.222222222222222
0.111111111111111,0.333333333333333,0.333333333333333,0.222222222222222
0.111111111111111,0.333333333333333,0.333333333333333,0.222222222222222
0.176991150442478,0.230088495575221,0.283185840707965,0.309734513274336
0.176991150442478,0.230088495575221,0.283185840707965,0.309734513274336
0.389705882352941,0.227941176470588,0.161764705882353,0.220588235294118
0.389705882352941,0.227941176470588,0.161764705882353,0.220588235294118
0.389705882352941,0.227941176470588,0.161764705882353,0.220588235294118
0.389705882352941,0.227941176470588,0.161764705882353,0.220588235294118
0.111111111111111,0.333333333333333,0.333333333333333,0.222222222222222
0.111111111111111,0.333333333333333,0.333333333333333,0.222222222222222
0.111111111111111,0.333333333333333,0.333333333333333,0.222222222222222
0.111111111111111,0.333333333333333,0.333333333333333,0.222222222222222
0.111111111111111,0.333333333333333,0.333333333333333,0.222222222222222
0.111111111111111,0.333333333333333,0.333333333333333,0.222222222222222
0.111111111111111,0.333333333333333,0.333333333333333,0.222222222222222
0.389705882352941,0.227941176470588,0.161764705882353,0.220588235294118
0.389705882352941,0.227941176470588,0.161764705882353,0.220588235294118
0.389705882352941,0.227941176470588,0.161764705882353,0.220588235294118
0.389705882352941,0.227941176470588,0.161764705882353,0.220588235294118
0.389705882352941,0.227941176470588,0.161764705882353,0.220588235294118
0.111111111111111,0.333333333333333,0.333333333333333,0.222222222222222
0.111111111111111,0.333333333333333,0.333333333333333,0.222222222222222
0.111111111111111,0.333333333333333,0.333333333333333,0.222222222222222
0.111111111111111,0.333333333333333,0.333333333333333,0.222222222222222
0.389705882352941,0.227941176470588,0.161764705882353,0.220588235294118
0.389705882352941,0.227941176470588,0.161764705882353,0.220588235294118
0.389705882352941,0.227941176470588,0.161764705882353,0.220588235294118
0.389705882352941,0.227941176470588,0.161764705882353,0.220588235294118
0.389705882352941,0.227941176470588,0.161764705882353,0.220588235294118
0.389705882352941,0.227941176470588,0.161764705882353,0.220588235294118
0.389705882352941,0.227941176470588,0.161764705882353,0.220588235294118
0.389705882352941,0.227941176470588,0.161764705882353,0.220588235294118
0.389705882352941,0.227941176470588,0.161764705882353,0.220588235294118
0.389705882352941,0.227941176470588,0.161764705882353,0.220588235294118
0.389705882352941,0.227941176470588,0.161764705882353,0.220588235294118
0.389705882352941,0.227941176470588,0.161764705882353,0.220588235294118
0.389705882352941,0.227941176470588,0.161764705882353,0.220588235294118
0.111111111111111,0.333333333333333,0.333333333333333,0.222222222222222
0.111111111111111,0.333333333333333,0.333333333333333,0.222222222222222
0.111111111111111,0.333333333333333,0.333333333333333,0.222222222222222
0.111111111111111,0.333333333333333,0.333333333333333,0.222222222222222
0.111111111111111,0.333333333333333,0.333333333333333,0.222222222222222
0.389705882352941,0.227941176470588,0.161764705882353,0.220588235294118
0.389705882352941,0.227941176470588,0.161764705882353,0.220588235294118
0.389705882352941,0.227941176470588,0.161764705882353,0.220588235294118
0.389705882352941,0.227941176470588,0.161764705882353,0.220588235294118
0.389705882352941,0.227941176470588,0.161764705882353,0.220588235294118
0.389705882352941,0.227941176470588,0.161764705882353,0.220588235294118
0.389705882352941,0.227941176470588,0.161764705882353,0.220588235294118
0.389705882352941,0.227941176470588,0.161764705882353,0.220588235294118
0.389705882352941,0.227941176470588,0.161764705882353,0.220588235294118
0.389705882352941,0.227941176470588,0.161764705882353,0.220588235294118
0.111111111111111,0.333333333333333,0.333333333333333,0.222222222222222
0.389705882352941,0.227941176470588,0.161764705882353,0.220588235294118
0.389705882352941,0.227941176470588,0.161764705882353,0.220588235294118
0.176991150442478,0.230088495575221,0.283185840707965,0.309734513274336
0.176991150442478,0.230088495575221,0.283185840707965,0.309734513274336
0.176991150442478,0.230088495575221,0.283185840707965,0.309734513274336
0.176991150442478,0.230088495575221,0.283185840707965,0.309734513274336
0.176991150442478,0.230088495575221,0.283185840707965,0.309734513274336
0.176991150442478,0.230088495575221,0.283185840707965,0.309734513274336
0.176991150442478,0.230088495575221,0.283185840707965,0.309734513274336
0.5,0,0.25,0.25
0.5,0,0.25,0.25
0.5,0,0.25,0.25
0.176991150442478,0.230088495575221,0.283185840707965,0.309734513274336
0.176991150442478,0.230088495575221,0.283185840707965,0.309734513274336
0.176991150442478,0.230088495575221,0.283185840707965,0.309734513274336
0.176991150442478,0.230088495575221,0.283185840707965,0.309734513274336
0.176991150442478,0.230088495575221,0.283185840707965,0.309734513274336
0.389705882352941,0.227941176470588,0.161764705882353,0.220588235294118
0.389705882352941,0.227941176470588,0.161764705882353,0.220588235294118
0.389705882352941,0.227941176470588,0.161764705882353,0.220588235294118
0.389705882352941,0.227941176470588,0.161764705882353,0.220588235294118
0.111111111111111,0.333333333333333,0.333333333333333,0.222222222222222
0.111111111111111,0.333333333333333,0.333333333333333,0.222222222222222
0.111111111111111,0.333333333333333,0.333333333333333,0.222222222222222
0.111111111111111,0.333333333333333,0.333333333333333,0.222222222222222
0.111111111111111,0.333333333333333,0.333333333333333,0.222222222222222
0.111111111111111,0.333333333333333,0.333333333333333,0.222222222222222
0.111111111111111,0.333333333333333,0.333333333333333,0.222222222222222
0.111111111111111,0.333333333333333,0.333333333333333,0.222222222222222
0.389705882352941,0.227941176470588,0.161764705882353,0.220588235294118
0.389705882352941,0.227941176470588,0.161764705882353,0.220588235294118
0.389705882352941,0.227941176470588,0.161764705882353,0.220588235294118
0.389705882352941,0.227941176470588,0.161764705882353,0.220588235294118
0.176991150442478,0.230088495575221,0.283185840707965,0.309734513274336
0.176991150442478,0.230088495575221,0.283185840707965,0.309734513274336
0.176991150442478,0.230088495575221,0.283185840707965,0.309734513274336
0.176991150442478,0.230088495575221,0.283185840707965,0.309734513274336
0.176991150442478,0.230088495575221,0.283185840707965,0.309734513274336
0.176991150442478,0.230088495575221,0.283185840707965,0.309734513274336
0.389705882352941,0.227941176470588,0.161764705882353,0.220588235294118
0.389705882352941,0.227941176470588,0.161764705882353,0.220588235294118
0.389705882352941,0.227941176470588,0.161764705882353,0.220588235294118
0.389705882352941,0.227941176470588,0.161764705882353,0.220588235294118
0.389705882352941,0.227941176470588,0.161764705882353,0.220588235294118
0.389705882352941,0.227941176470588,0.161764705882353,0.220588235294118
0.389705882352941,0.227941176470588,0.161764705882353,0.220588235294118
0.389705882352941,0.227941176470588,0.161764705882353,0.220588235294118
0.389705882352941,0.227941176470588,0.161764705882353,0.220588235294118
0.389705882352941,0.227941176470588,0.161764705882353,0.220588235294118
0.389705882352941,0.227941176470588,0.161764705882353,0.220588235294118
0.389705882352941,0.227941176470588,0.161764705882353,0.220588235294118
0.389705882352941,0.227941176470588,0.161764705882353,0.220588235294118
0.389705882352941,0.227941176470588,0.161764705882353,0.220588235294118
0.389705882352941,0.227941176470588,0.161764705882353,0.220588235294118
0.389705882352941,0.227941176470588,0.161764705882353,0.220588235294118
0.389705882352941,0.227941176470588,0.161764705882353,0.220588235294118
0.389705882352941,0.227941176470588,0.161764705882353,0.220588235294118
0.389705882352941,0.227941176470588,0.161764705882353,0.220588235294118
0.389705882352941,0.227941176470588,0.161764705882353,0.220588235294118
0.389705882352941,0.227941176470588,0.161764705882353,0.220588235294118
0.389705882352941,0.227941176470588,0.161764705882353,0.220588235294118
0.389705882352941,0.227941176470588,0.161764705882353,0.220588235294118
0.389705882352941,0.227941176470588,0.161764705882353,0.220588235294118
0.111111111111111,0.333333333333333,0.333333333333333,0.222222222222222
0.111111111111111,0.333333333333333,0.333333333333333,0.222222222222222
0.111111111111111,0.333333333333333,0.333333333333333,0.222222222222222
0.111111111111111,0.333333333333333,0.333333333333333,0.222222222222222
0.111111111111111,0.333333333333333,0.333333333333333,0.222222222222222
0.111111111111111,0.333333333333333,0.333333333333333,0.222222222222222
0.389705882352941,0.227941176470588,0.161764705882353,0.220588235294118
0.389705882352941,0.227941176470588,0.161764705882353,0.220588235294118
0.389705882352941,0.227941176470588,0.161764705882353,0.220588235294118
0.111111111111111,0.333333333333333,0.333333333333333,0.222222222222222
0.111111111111111,0.333333333333333,0.333333333333333,0.222222222222222
0.111111111111111,0.333333333333333,0.333333333333333,0.222222222222222
0.111111111111111,0.333333333333333,0.333333333333333,0.222222222222222
0.111111111111111,0.333333333333333,0.333333333333333,0.222222222222222
0.111111111111111,0.333333333333333,0.333333333333333,0.222222222222222
0.111111111111111,0.333333333333333,0.333333333333333,0.222222222222222
0.111111111111111,0.333333333333333,0.333333333333333,0.222222222222222
0.111111111111111,0.333333333333333,0.333333333333333,0.222222222222222
0.111111111111111,0.333333333333333,0.333333333333333,0.222222222222222
0.111111111111111,0.333333333333333,0.333333333333333,0.222222222222222
0.111111111111111,0.333333333333333,0.333333333333333,0.222222222222222
0.111111111111111,0.333333333333333,0.333333333333333,0.222222222222222
0.111111111111111,0.333333333333333,0.333333333333333,0.222222222222222
0.111111111111111,0.333333333333333,0.333333333333333,0.222222222222222
0.111111111111111,0.333333333333333,0.333333333333333,0.222222222222222
0.111111111111111,0.333333333333333,0.333333333333333,0.222222222222222
0.111111111111111,0.333333333333333,0.333333333333333,0.222222222222222
0.111111111111111,0.333333333333333,0.333333333333333,0.222222222222222
0.111111111111111,0.333333333333333,0.333333333333333,0.222222222222222
0.111111111111111,0.333333333333333,0.333333333333333,0.222222222222222
0.111111111111111,0.333333333333333,0.333333333333333,0.222222222222222
0.389705882352941,0.227941176470588,0.161764705882353,0.220588235294118
0.389705882352941,0.227941176470588,0.161764705882353,0.220588235294118
0.389705882352941,0.227941176470588,0.161764705882353,0.220588235294118
0.389705882352941,0.227941176470588,0.161764705882353,0.220588235294118
0.389705882352941,0.227941176470588,0.161764705882353,0.220588235294118
0.111111111111111,0.333333333333333,0.333333333333333,0.222222222222222
0.111111111111111,0.333333333333333,0.333333333333333,0.222222222222222
0.111111111111111,0.333333333333333,0.333333333333333,0.222222222222222
0.111111111111111,0.333333333333333,0.333333333333333,0.222222222222222
0.111111111111111,0.333333333333333,0.333333333333333,0.222222222222222
0.111111111111111,0.333333333333333,0.333333333333333,0.222222222222222
0.111111111111111,0.333333333333333,0.333333333333333,0.222222222222222
0.111111111111111,0.333333333333333,0.333333333333333,0.222222222222222
0.111111111111111,0.333333333333333,0.333333333333333,0.222222222222222
0.111111111111111,0.333333333333333,0.333333333333333,0.222222222222222
0.111111111111111,0.333333333333333,0.333333333333333,0.222222222222222
0.111111111111111,0.333333333333333,0.333333333333333,0.222222222222222
0.111111111111111,0.333333333333333,0.333333333333333,0.222222222222222
0.389705882352941,0.227941176470588,0.161764705882353,0.220588235294118
0.389705882352941,0.227941176470588,0.161764705882353,0.220588235294118
0.389705882352941,0.227941176470588,0.161764705882353,0.220588235294118
0.111111111111111,0.333333333333333,0.333333333333333,0.222222222222222
0.111111111111111,0.333333333333333,0.333333333333333,0.222222222222222
0.111111111111111,0.333333333333333,0.333333333333333,0.222222222222222
0.111111111111111,0.333333333333333,0.333333333333333,0.222222222222222
0.111111111111111,0.333333333333333,0.333333333333333,0.222222222222222
0.111111111111111,0.333333333333333,0.333333333333333,0.222222222222222
0.111111111111111,0.333333333333333,0.333333333333333,0.222222222222222
0.111111111111111,0.333333333333333,0.333333333333333,0.222222222222222
0.111111111111111,0.333333333333333,0.333333333333333,0.222222222222222
0.111111111111111,0.333333333333333,0.333333333333333,0.222222222222222
0.111111111111111,0.333333333333333,0.333333333333333,0.222222222222222
0.111111111111111,0.333333333333333,0.333333333333333,0.222222222222222
0.111111111111111,0.333333333333333,0.333333333333333,0.222222222222222
0.111111111111111,0.333333333333333,0.333333333333333,0.222222222222222
0.389705882352941,0.227941176470588,0.161764705882353,0.220588235294118
0.389705882352941,0.227941176470588,0.161764705882353,0.220588235294118
0.389705882352941,0.227941176470588,0.161764705882353,0.220588235294118
0.389705882352941,0.227941176470588,0.161764705882353,0.220588235294118
0.389705882352941,0.227941176470588,0.161764705882353,0.220588235294118
0.389705882352941,0.227941176470588,0.161764705882353,0.220588235294118
0.389705882352941,0.227941176470588,0.161764705882353,0.220588235294118
0.389705882352941,0.227941176470588,0.161764705882353,0.220588235294118
0.389705882352941,0.227941176470588,0.161764705882353,0.220588235294118
0.389705882352941,0.227941176470588,0.161764705882353,0.220588235294118
0.111111111111111,0.333333333333333,0.333333333333333,0.222222222222222
0.111111111111111,0.333333333333333,0.333333333333333,0.222222222222222
0.111111111111111,0.333333333333333,0.333333333333333,0.222222222222222
0.111111111111111,0.333333333333333,0.333333333333333,0.222222222222222
0.111111111111111,0.333333333333333,0.333333333333333,0.222222222222222
0.111111111111111,0.333333333333333,0.333333333333333,0.222222222222222
0.111111111111111,0.333333333333333,0.333333333333333,0.222222222222222
0.111111111111111,0.333333333333333,0.333333333333333,0.222222222222222
0.111111111111111,0.333333333333333,0.333333333333333,0.222222222222222
0.111111111111111,0.333333333333333,0.333333333333333,0.222222222222222
0.111111111111111,0.333333333333333,0.333333333333333,0.222222222222222
0.111111111111111,0.333333333333333,0.333333333333333,0.222222222222222
0.111111111111111,0.333333333333333,0.333333333333333,0.222222222222222
0.111111111111111,0.333333333333333,0.333333333333333,0.222222222222222
0.389705882352941,0.227941176470588,0.161764705882353,0.220588235294118
0.389705882352941,0.227941176470588,0.161764705882353,0.220588235294118
0.389705882352941,0.227941176470588,0.161764705882353,0.220588235294118
0.389705882352941,0.227941176470588,0.161764705882353,0.220588235294118
0.389705882352941,0.227941176470588,0.161764705882353,0.220588235294118
0.389705882352941,0.227941176470588,0.161764705882353,0.220588235294118
0.111111111111111,0.333333333333333,0.333333333333333,0.222222222222222
0.111111111111111,0.333333333333333,0.333333333333333,0.222222222222222
0.111111111111111,0.333333333333333,0.333333333333333,0.222222222222222
0.111111111111111,0.333333333333333,0.333333333333333,0.222222222222222
0.111111111111111,0.333333333333333,0.333333333333333,0.222222222222222
0.111111111111111,0.333333333333333,0.333333333333333,0.222222222222222
0.389705882352941,0.227941176470588,0.161764705882353,0.220588235294118
0.389705882352941,0.227941176470588,0.161764705882353,0.220588235294118
0.389705882352941,0.227941176470588,0.161764705882353,0.220588235294118
0.389705882352941,0.227941176470588,0.161764705882353,0.220588235294118
0.389705882352941,0.227941176470588,0.161764705882353,0.220588235294118
0.111111111111111,0.333333333333333,0.333333333333333,0.222222222222222
0.111111111111111,0.333333333333333,0.333333333333333,0.222222222222222
0.111111111111111,0.333333333333333,0.333333333333333,0.222222222222222
0.111111111111111,0.333333333333333,0.333333333333333,0.222222222222222
0.111111111111111,0.333333333333333,0.333333333333333,0.222222222222222
0.111111111111111,0.333333333333333,0.333333333333333,0.222222222222222
0.111111111111111,0.333333333333333,0.333333333333333,0.222222222222222
0.111111111111111,0.333333333333333,0.333333333333333,0.222222222222222
0.111111111111111,0.333333333333333,0.333333333333333,0.222222222222222
0.111111111111111,0.333333333333333,0.333333333333333,0.222222222222222
0.111111111111111,0.333333333333333,0.333333333333333,0.222222222222222
0.111111111111111,0.333333333333333,0.333333333333333,0.222222222222222
0.111111111111111,0.333333333333333,0.333333333333333,0.222222222222222
0.111111111111111,0.333333333333333,0.333333333333333,0.222222222222222
0.111111111111111,0.333333333333333,0.333333333333333,0.222222222222222
0.111111111111111,0.333333333333333,0.333333333333333,0.222222222222222
0.111111111111111,0.333333333333333,0.333333333333333,0.222222222222222
0.111111111111111,0.333333333333333,0.333333333333333,0.222222222222222
0.111111111111111,0.333333333333333,0.333333333333333,0.222222222222222
0.389705882352941,0.227941176470588,0.161764705882353,0.220588235294118
0.389705882352941,0.227941176470588,0.161764705882353,0.220588235294118
0.389705882352941,0.227941176470588,0.161764705882353,0.220588235294118
0.111111111111111,0.333333333333333,0.333333333333333,0.222222222222222
0.111111111111111,0.333333333333333,0.333333333333333,0.222222222222222
0.111111111111111,0.333333333333333,0.333333333333333,0.222222222222222
0.111111111111111,0.333333333333333,0.333333333333333,0.222222222222222
0.25,0.25,0.25,0.25
0.25,0.25,0.25,0.25
0.25,0.25,0.25,0.25
0.25,0.25,0.25,0.25
0.25,0.25,0.25,0.25
0.111111111111111,0.333333333333333,0.333333333333333,0.222222222222222
0.111111111111111,0.333333333333333,0.333333333333333,0.222222222222222
0.111111111111111,0.333333333333333,0.333333333333333,0.222222222222222
0.111111111111111,0.333333333333333,0.333333333333333,0.222222222222222
0.25,0.25,0.25,0.25
0.25,0.25,0.25,0.25
0.25,0.25,0.25,0.25
0.25,0.25,0.25,0.25
0.25,0.25,0.25,0.25
0.25,0.25,0.25,0.25
0.25,0.25,0.25,0.25
0.25,0.25,0.25,0.25
0.25,0.25,0.25,0.25
0.111111111111111,0.333333333333333,0.333333333333333,0.222222222222222
0.111111111111111,0.333333333333333,0.333333333333333,0.222222222222222
0.111111111111111,0.333333333333333,0.333333333333333,0.222222222222222
0.111111111111111,0.333333333333333,0.333333333333333,0.222222222222222
0.111111111111111,0.333333333333333,0.333333333333333,0.222222222222222
0.111111111111111,0.333333333333333,0.333333333333333,0.222222222222222
0.111111111111111,0.333333333333333,0.333333333333333,0.222222222222222
0.111111111111111,0.333333333333333,0.333333333333333,0.222222222222222
0.111111111111111,0.333333333333333,0.333333333333333,0.222222222222222
0.111111111111111,0.333333333333333,0.333333333333333,0.222222222222222
0.25,0.25,0.25,0.25
0.25,0.25,0.25,0.25
0.25,0.25,0.25,0.25
0.25,0.25,0.25,0.25
0.25,0.25,0.25,0.25
0.25,0.25,0.25,0.25
0.111111111111111,0.333333333333333,0.333333333333333,0.222222222222222
0.111111111111111,0.333333333333333,0.333333333333333,0.222222222222222
0.111111111111111,0.333333333333333,0.333333333333333,0.222222222222222
0.111111111111111,0.333333333333333,0.333333333333333,0.222222222222222
0.111111111111111,0.333333333333333,0.333333333333333,0.222222222222222
0.111111111111111,0.333333333333333,0.333333333333333,0.222222222222222
0.111111111111111,0.333333333333333,0.333333333333333,0.222222222222222
0.25,0.25,0.25,0.25
0.25,0.25,0.25,0.25
0.25,0.25,0.25,0.25
0.25,0.25,0.25,0.25
0.25,0.25,0.25,0.25
0.25,0.25,0.25,0.25
0.25,0.25,0.25,0.25
0.25,0.25,0.25,0.25
0.25,0.25,0.25,0.25
0.25,0.25,0.25,0.25
0.25,0.25,0.25,0.25
0.25,0.25,0.25,0.25
0.111111111111111,0.333333333333333,0.333333333333333,0.222222222222222
0.111111111111111,0.333333333333333,0.333333333333333,0.222222222222222
0.111111111111111,0.333333333333333,0.333333333333333,0.222222222222222
0.111111111111111,0.333333333333333,0.333333333333333,0.222222222222222
0.111111111111111,0.333333333333333,0.333333333333333,0.222222222222222
0.111111111111111,0.333333333333333,0.333333333333333,0.222222222222222
0.111111111111111,0.333333333333333,0.333333333333333,0.222222222222222
0.111111111111111,0.333333333333333,0.333333333333333,0.222222222222222
0.111111111111111,0.333333333333333,0.333333333333333,0.222222222222222
0.111111111111111,0.333333333333333,0.333333333333333,0.222222222222222
0.111111111111111,0.333333333333333,0.333333333333333,0.222222222222222
0.111111111111111,0.333333333333333,0.333333333333333,0.222222222222222
0.111111111111111,0.333333333333333,0.333333333333333,0.222222222222222
0.111111111111111,0.333333333333333,0.333333333333333,0.222222222222222
0.111111111111111,0.333333333333333,0.333333333333333,0.222222222222222
0.111111111111111,0.333333333333333,0.333333333333333,0.222222222222222
0.111111111111111,0.333333333333333,0.333333333333333,0.222222222222222
0.111111111111111,0.333333333333333,0.333333333333333,0.222222222222222
0.111111111111111,0.333333333333333,0.333333333333333,0.222222222222222
0.111111111111111,0.333333333333333,0.333333333333333,0.222222222222222
0.111111111111111,0.333333333333333,0.333333333333333,0.222222222222222
0.111111111111111,0.333333333333333,0.333333333333333,0.222222222222222
0.111111111111111,0.333333333333333,0.333333333333333,0.222222222222222
0.111111111111111,0.333333333333333,0.333333333333333,0.222222222222222
0.111111111111111,0.333333333333333,0.333333333333333,0.222222222222222
0.111111111111111,0.333333333333333,0.333333333333333,0.222222222222222
0.111111111111111,0.333333333333333,0.333333333333333,0.222222222222222
0.111111111111111,0.333333333333333,0.333333333333333,0.222222222222222
0.111111111111111,0.333333333333333,0.333333333333333,0.222222222222222
0.111111111111111,0.333333333333333,0.333333333333333,0.222222222222222
0.25,0.25,0.25,0.25
0.25,0.25,0.25,0.25
0.25,0.25,0.25,0.25
0.25,0.25,0.25,0.25
0.25,0.25,0.25,0.25
0.25,0.25,0.25,0.25
0.25,0.25,0.25,0.25
0.25,0.25,0.25,0.25
0.25,0.25,0.25,0.25
0.25,0.25,0.25,0.25
0.25,0.25,0.25,0.25
0.25,0.25,0.25,0.25
0.25,0.25,0.25,0.25
0.25,0.25,0.25,0.25
0.25,0.25,0.25,0.25
0.25,0.25,0.25,0.25
0.25,0.25,0.25,0.25
0.25,0.25,0.25,0.25
0.25,0.25,0.25,0.25
0.25,0.25,0.25,0.25
0.25,0.25,0.25,0.25
0.25,0.25,0.25,0.25
0.25,0.25,0.25,0.25
0.25,0.25,0.25,0.25
0.25,0.25,0.25,0.25
0.25,0.25,0.25,0.25
0.25,0.25,0.25,0.25
0.25,0.25,0.25,0.25
0.25,0.25,0.25,0.25
0.25,0.25,0.25,0.25
0.25,0.25,0.25,0.25
0.25,0.25,0.25,0.25
0.25,0.25,0.25,0.25
0.25,0.25,0.25,0.25
0.25,0.25,0.25,0.25
0.25,0.25,0.25,0.25
0.25,0.25,0.25,0.25
0.25,0.25,0.25,0.25
0.25,0.25,0.25,0.25
0.25,0.25,0.25,0.25
0.25,0.25,0.25,0.25
0.25,0.25,0.25,0.25
0.25,0.25,0.25,0.25
0.25,0.25,0.25,0.25
0.25,0.25,0.25,0.25
0.25,0.25,0.25,0.25
0.25,0.25,0.25,0.25
0.25,0.25,0.25,0.25
0.25,0.25,0.25,0.25
0.25,0.25,0.25,0.25
0.25,0.25,0.25,0.25
0.25,0.25,0.25,0.25
0.25,0.25,0.25,0.25
0.25,0.25,0.25,0.25
0.25,0.25,0.25,0.25
0.25,0.25,0.25,0.25
0.25,0.25,0.25,0.25
0.25,0.25,0.25,0.25
0.25,0.25,0.25,0.25
0.25,0.25,0.25,0.25
0,0,1,0
0,0,1,0
0,0,1,0
0,0,1,0
0,0,1,0
0,0,1,0
0,0,1,0
0,0,1,0
0,0,1,0
0,0,1,0
0,0,1,0
0,0,1,0
0,0,1,0
0,0,1,0
0,0,1,0
0,0,1,0
0,0,1,0
0,0,1,0
0,0,1,0
0,0,1,0
0,0,1,0
0,0,1,0
0,0,1,0
0,0,1,0
0,0,1,0
0,0,1,0
0,0,1,0
0,0,1,0
0,0,1,0
0,0,1,0
0,0,0,1
0,0,0,1
0,0,0,1
0,0,0,1
0,0,0,1
0,0,0,1
0,0,0,1
0,0,0,1
0,0,0,1
0,0,0,1
0,0,0,1
0,0,0,1
0,0,0,1
0,0,0,1
0,0,0,1
0,0,0,1
0,0,0,1
0,0,0,1
0,0,0,1
0,0,0,1
0,0,0,1
0,0,0,1
0,0,0,1
0,0,0,1
0,0,0,1
0,0,0,1
0,0,0,1
0,0,0,1
0,0,0,1
0,0,0,1
1,0,0,0
1,0,0,0
1,0,0,0
1,0,0,0
1,0,0,0
1,0,0,0
1,0,0,0
1,0,0,0
1,0,0,0
1,0,0,0
1,0,0,0
1,0,0,0
1,0,0,0
1,0,0,0
1,0,0,0
1,0,0,0
1,0,0,0
1,0,0,0
1,0,0,0
1,0,0,0
1,0,0,0
1,0,0,0
1,0,0,0
1,0,0,0
1,0,0,0
1,0,0,0
1,0,0,0
1,0,0,0
1,0,0,0
1,0,0,0
0,1,0,0
0,1,0,0
0,1,0,0
0,1,0,0
0,1,0,0
0,1,0,0
0,1,0,0
0,1,0,0
0,1,0,0
0,1,0,0
0,1,0,0
0,1,0,0
0,1,0,0
0,1,0,0
0,1,0,0
0,1,0,0
0,1,0,0
0,1,0,0
0,1,0,0
0,1,0,0
0,1,0,0
0,1,0,0
0,1,0,0
0,1,0,0
0,1,0,0
0,1,0,0
0,1,0,0
0,1,0,0
0,1,0,0
0,1,0,0
0,1,0,0
0,1,0,0
0,1,0,0
0,1,0,0
0,1,0,0
0,1,0,0
0,1,0,0
0,1,0,0
0,1,0,0
0,1,0,0
0,1,0,0
0,1,0,0
0,1,0,0
0,1,0,0
0,1,0,0
0,1,0,0
0,1,0,0
0,1,0,0
0,1,0,0
0,1,0,0
0,1,0,0
0,1,0,0
0,1,0,0
0,1,0,0
0,1,0,0
0,1,0,0
0,1,0,0
0,1,0,0
0,1,0,0
0,1,0,0
0,0,0,1
0,0,0,1
0,0,0,1
0,0,0,1
0,0,0,1
0,0,0,1
0,0,0,1
0,0,0,1
0,0,0,1
0,0,0,1
0,0,0,1
0,0,0,1
0,0,0,1
0,0,0,1
0,0,0,1
0,0,0,1
0,0,0,1
0,0,0,1
0,0,0,1
0,0,0,1
0,0,0,1
0,0,0,1
0,0,0,1
0,0,0,1
0,0,0,1
0,0,0,1
0,0,0,1
0,0,0,1
0,0,0,1
0,0,0,1
1,0,0,0
1,0,0,0
1,0,0,0
1,0,0,0
1,0,0,0
1,0,0,0
1,0,0,0
1,0,0,0
1,0,0,0
1,0,0,0
1,0,0,0
0.25,0.25,0.25,0.25
1,0,0,0
1,0,0,0
1,0,0,0
1,0,0,0
1,0,0,0
1,0,0,0
1,0,0,0
1,0,0,0
1,0,0,0
1,0,0,0
1,0,0,0
1,0,0,0
1,0,0,0
1,0,0,0
1,0,0,0
1,0,0,0
1,0,0,0
1,0,0,0
0.25,0.25,0.25,0.25
0.25,0.25,0.25,0.25
0.25,0.25,0.25,0.25
0.25,0.25,0.25,0.25
0.25,0.25,0.25,0.25
0.25,0.25,0.25,0.25
0.25,0.25,0.25,0.25
0.25,0.25,0.25,0.25
0.25,0.25,0.25,0.25
0.25,0.25,0.25,0.25
0.25,0.25,0.25,0.25
0.25,0.25,0.25,0.25
0.25,0.25,0.25,0.25
0.25,0.25,0.25,0.25
0.25,0.25,0.25,0.25
0.25,0.25,0.25,0.25
0.25,0.25,0.25,0.25
0.25,0.25,0.25,0.25
0.25,0.25,0.25,0.25
0.25,0.25,0.25,0.25
0.25,0.25,0.25,0.25
0.25,0.25,0.25,0.25
0.25,0.25,0.25,0.25
0.25,0.25,0.25,0.25
0.25,0.25,0.25,0.25
0.25,0.25,0.25,0.25
0.25,0.25,0.25,0.25
0.25,0.25,0.25,0.25
0.25,0.25,0.25,0.25
0.25,0.25,0.25,0.25
0,0,1,0
0,0,1,0
0,0,1,0
0,0,1,0
0,0,1,0
0,0,1,0
0,0,1,0
0,0,1,0
0,0,1,0
0,0,1,0
0,0,1,0
0,0,1,0
0.25,0.25,0.25,0.25
0.25,0.25,0.25,0.25
0.25,0.25,0.25,0.25
0.25,0.25,0.25,0.25
0.25,0.25,0.25,0.25
0,0,1,0
0,0,1,0
0,0,1,0
0,0,1,0
0,0,1,0
0,0,1,0
0,0,1,0
0,0,1,0
0,0,1,0
0,0,1,0
0,0,1,0
0,0,1,0
0,0,1,0
0,0,0,1
0,0,0,1
0,0,0,1
0,0,0,1
0,0,0,1
0,0,0,1
0,0,0,1
0,0,0,1
0,0,0,1
0,0,0,1
0,0,0,1
0,0,0,1
0,0,0,1
0,0,0,1
0,0,0,1
0,0,0,1
0,0,0,1
0,0,0,1
0,0,0,1
0,0,0,1
0,0,0,1
0,0,0,1
0,0,0,1
0,0,0,1
0,0,0,1
0,0,0,1
0,0,0,1
0,0,0,1
0,0,0,1
0,0,0,1
1,0,0,0
1,0,0,0
1,0,0,0
1,0,0,0
1,0,0,0
1,0,0,0
1,0,0,0
1,0,0,0
1,0,0,0
1,0,0,0
1,0,0,0
1,0,0,0
1,0,0,0
1,0,0,0
1,0,0,0
1,0,0,0
1,0,0,0
1,0,0,0
1,0,0,0
1,0,0,0
1,0,0,0
1,0,0,0
1,0,0,0
1,0,0,0
1,0,0,0
1,0,0,0
1,0,0,0
1,0,0,0
1,0,0,0
1,0,0,0
0,0,1,0
0,0,1,0
0,0,1,0
0,0,1,0
0,0,1,0
0,0,1,0
0,0,1,0
0,0,1,0
0,0,1,0
0,0,1,0
0,0,1,0
0,0,1,0
0,0,1,0
0,0,1,0
0,0,1,0
0,0,1,0
0,0,1,0
0,0,1,0
0,0,1,0
0,0,1,0
0,0,1,0
0,0,1,0
0,0,1,0
0,0,1,0
0,0,1,0
0,0,1,0
0,0,1,0
0,0,1,0
0,0,1,0
0,0,1,0
0.25,0.25,0.25,0.25
0.25,0.25,0.25,0.25
0.25,0.25,0.25,0.25
0.25,0.25,0.25,0.25
0.25,0.25,0.25,0.25
0.25,0.25,0.25,0.25
0.25,0.25,0.25,0.25
0.25,0.25,0.25,0.25
0.25,0.25,0.25,0.25
0.25,0.25,0.25,0.25
0.25,0.25,0.25,0.25
0.25,0.25,0.25,0.25
0.25,0.25,0.25,0.25
0.25,0.25,0.25,0.25
0.692307692307692,0,0.115384615384615,0.192307692307692
0.25,0.25,0.25,0.25
0.25,0.25,0.25,0.25
0.25,0.25,0.25,0.25
0.25,0.25,0.25,0.25
0.25,0.25,0.25,0.25
0.25,0.25,0.25,0.25
0.25,0.25,0.25,0.25
0.25,0.25,0.25,0.25
0.25,0.25,0.25,0.25
0.25,0.25,0.25,0.25
0.25,0.25,0.25,0.25
0.25,0.25,0.25,0.25
0.25,0.25,0.25,0.25
0.25,0.25,0.25,0.25
0.25,0.25,0.25,0.25
0,0,0,1
0,0,0,1
0,0,0,1
0,0,0,1
0,0,0,1
0,0,0,1
0,0,0,1
0,0,0,1
0,0,0,1
0,0,0,1
0,0,0,1
0,0,0,1
0,0,0,1
0,0,0,1
0,0,0,1
0,0,0,1
0,0,0,1
0,0,0,1
0,0,0,1
0,0,0,1
0,0,0,1
0,0,0,1
0,0,0,1
0,0,0,1
0,0,0,1
0,0,0,1
0,0,0,1
0,0,0,1
0,0,0,1
0,0,0,1
0,0,0,1
0,0,0,1
0,0,0,1
0,0,0,1
0,0,0,1
0,0,0,1
0,0,0,1
0,0,0,1
0,0,0,1
0,0,0,1
0,0,0,1
0,0.099009900990099,0.287128712871287,0.613861386138614
0,0.736263736263736,0.175824175824176,0.0879120879120879
0,0.736263736263736,0.175824175824176,0.0879120879120879
0,0.736263736263736,0.175824175824176,0.0879120879120879
0,0.352459016393443,0.39344262295082,0.254098360655738
0,0,0,1
0,0,0,1
0,0,0,1
0,0,0,1
0,0,0,1
0,0,0,1
0,0,0,1
0,0,0,1
0,0,0,1
0,0,0,1
0,0,0,1
0,0,0,1
0,0,0,1
0,0,0,1
0,0.352459016393443,0.39344262295082,0.254098360655738
0,0.736263736263736,0.175824175824176,0.0879120879120879
0,0.736263736263736,0.175824175824176,0.0879120879120879
0,0.352459016393443,0.39344262295082,0.254098360655738
0,0.099009900990099,0.287128712871287,0.613861386138614
0,0,0,1
0,0,0,1
0,0,0,1
0,0,0,1
0,0,0,1
0,0,0,1
0,0,0,1
0,0.099009900990099,0.287128712871287,0.613861386138614
0,0.099009900990099,0.287128712871287,0.613861386138614
0,0.352459016393443,0.39344262295082,0.254098360655738
0,0.352459016393443,0.39344262295082,0.254098360655738
0,0.099009900990099,0.287128712871287,0.613861386138614
0,0,0,1
0,0,0,1
0,0,0,1
0,0,0,1
0,0,0,1
0,0,0,1
0,0,0,1
0,0,0,1
0,0,0,1
0,0,0,1
0,0,0,1
0,0,0,1
0,0,0,1
0,0,0.962226640159046,0.0377733598409543
0,0,1,0
0,0,1,0
0,0,0.962226640159046,0.0377733598409543
0,0,1,0
0,0,1,0
0,0,1,0
0,0,1,0
0,0,1,0
0,0,1,0
0,0,0.962226640159046,0.0377733598409543
0,0,1,0
0,0,1,0
0,0,0.911428571428571,0.0885714285714286
0,0,0.911428571428571,0.0885714285714286
0,0,1,0
0,0,0.962226640159046,0.0377733598409543
0,0,0.962226640159046,0.0377733598409543
0,0,0.97148114075437,0.0285188592456302
0,0,0.962226640159046,0.0377733598409543
0,0,0.962226640159046,0.0377733598409543
0,0,0.962226640159046,0.0377733598409543
0,0,0.962226640159046,0.0377733598409543
0,0,0.958933717579251,0.0410662824207493
0,0,0.958933717579251,0.0410662824207493
0,0,0.904148415356867,0.0958515846431332
0,0.352459016393443,0.39344262295082,0.254098360655738
0,0.099009900990099,0.287128712871287,0.613861386138614
0,0.099009900990099,0.287128712871287,0.613861386138614
0,0.099009900990099,0.287128712871287,0.613861386138614
0,0,0,1
0,0,0,1
0,0,0,1
0,0,0,1
0,0,0,1
0,0,0,1
0,0,0,1
0,0,0,1
0,0,0,1
0,0,0,1
0,0,0,1
0,0,0,1
0,0,0,1
0,0,0,1
0,0,0,1
0,0,0,1
0,0,0,1
0,0,0,1
0,0,0,1
0,0,0,1
0,0,0,1
0,0,0,1
0,0,0,1
0,0,0,1
0,0,0,1
0,0,0,1
0,0,0,1
0,0,0,1
0,0,0,1
0,0,0,1
1,0,0,0
1,0,0,0
1,0,0,0
1,0,0,0
1,0,0,0
1,0,0,0
1,0,0,0
1,0,0,0
1,0,0,0
1,0,0,0
1,0,0,0
1,0,0,0
1,0,0,0
1,0,0,0
1,0,0,0
1,0,0,0
1,0,0,0
1,0,0,0
1,0,0,0
1,0,0,0
1,0,0,0
1,0,0,0
1,0,0,0
1,0,0,0
1,0,0,0
1,0,0,0
1,0,0,0
1,0,0,0
1,0,0,0
1,0,0,0
0.25,0.25,0.25,0.25
0.25,0.25,0.25,0.25
0.25,0.25,0.25,0.25
0.25,0.25,0.25,0.25
0.25,0.25,0.25,0.25
0.25,0.25,0.25,0.25
0.25,0.25,0.25,0.25
0.25,0.25,0.25,0.25
0.25,0.25,0.25,0.25
0.25,0.25,0.25,0.25
0.25,0.25,0.25,0.25
0.25,0.25,0.25,0.25
0.25,0.25,0.25,0.25
0.25,0.25,0.25,0.25
0.25,0.25,0.25,0.25
0.25,0.25,0.25,0.25
0.25,0.25,0.25,0.25
0.25,0.25,0.25,0.25
0.25,0.25,0.25,0.25
0.25,0.25,0.25,0.25
0.25,0.25,0.25,0.25
0.25,0.25,0.25,0.25
0.25,0.25,0.25,0.25
0.25,0.25,0.25,0.25
0.25,0.25,0.25,0.25
0.25,0.25,0.25,0.25
0.25,0.25,0.25,0.25
0.25,0.25,0.25,0.25
0.25,0.25,0.25,0.25
0.25,0.25,0.25,0.25
0,0,1,0
0,0,1,0
0,0,1,0
0,0,1,0
0,0,1,0
0,0,1,0
0,0,1,0
0,0,1,0
0,0,1,0
0,0,1,0
0,0,1,0
0,0,1,0
0,0,1,0
0,0,1,0
0,0,1,0
0,0,1,0
0,0,1,0
0,0,1,0
0,0,1,0
0,0,1,0
0,0,1,0
0,0,1,0
0,0,1,0
0,0,1,0
0,0,1,0
0,0,1,0
0,0,1,0
0,0,1,0
0,0,1,0
0,0,1,0
0,0,0,1
0,0,0,1
0,0,0,1
0,0,0,1
0,0,0,1
0,0,0,1
0,0,0,1
0,0,0,1
0,0,0,1
0,0,0,1
0,0,0,1
0,0,0,1
0,0,0,1
0,0,0,1
0,0,0,1
0,0,0,1
0,0,0,1
0,0,0,1
0,0,0,1
0,0,0,1
0,0,0,1
0,0,0,1
0,0,0,1
0,0,0,1
0,0,0,1
0,0,0,1
0,0,0,1
0,0,0,1
0,0,0,1
0,0,0,1
1,0,0,0
1,0,0,0
1,0,0,0
1,0,0,0
1,0,0,0
1,0,0,0
1,0,0,0
1,0,0,0
1,0,0,0
1,0,0,0
1,0,0,0
1,0,0,0
1,0,0,0
1,0,0,0
1,0,0,0
1,0,0,0
1,0,0,0
1,0,0,0
1,0,0,0
1,0,0,0
1,0,0,0
1,0,0,0
1,0,0,0
1,0,0,0
1,0,0,0
1,0,0,0
1,0,0,0
1,0,0,0
1,0,0,0
1,0,0,0
0,1,0,0
0,1,0,0
0,1,0,0
0,1,0,0
0,1,0,0
0,1,0,0
0,1,0,0
0,1,0,0
0,1,0,0
0,1,0,0
0,1,0,0
0,1,0,0
0,1,0,0
0,1,0,0
0,1,0,0
0,1,0,0
0,1,0,0
0,1,0,0
0,1,0,0
0,1,0,0
0,1,0,0
0,1,0,0
0,1,0,0
0,1,0,0
0,1,0,0
0,1,0,0
0,1,0,0
0,1,0,0
0,1,0,0
0,1,0,0
0,0,1,0
0,0,1,0
0,0,1,0
0,0,1,0
0,0,1,0
0,0,1,0
0,0,1,0
0,0,1,0
0,0,1,0
0,0,1,0
0,0,1,0
0,0,1,0
0,0,1,0
0,0,1,0
0,0,1,0
0,0,1,0
0,0,1,0
0,0,1,0
0,0,1,0
0,0,1,0
0,0,1,0
0,0,1,0
0,0,1,0
0,0,1,0
0,0,1,0
0,0,1,0
0,0,1,0
0,0,1,0
0,0,1,0
0,0,1,0
0,0,0,1
0,0,0,1
0,0,0,1
0,0,0,1
0,0,0,1
0,0,0,1
0,0,0,1
0,0,0,1
0,0,0,1
0,0,0,1
0,0,0,1
0,0,0,1
0,0,0,1
0,0,0,1
0,0,0,1
0,0,0,1
0,0,0,1
0,0,0,1
0,0,0,1
0,0,0,1
0,0,0,1
0,0,0,1
0,0,0,1
0,0,0,1
0,0,0,1
0,0,0,1
0,0,0,1
0,0,0,1
0,0,0,1
0,0,0,1
1,0,0,0
1,0,0,0
1,0,0,0
1,0,0,0
1,0,0,0
1,0,0,0
1,0,0,0
1,0,0,0
1,0,0,0
1,0,0,0
1,0,0,0
1,0,0,0
1,0,0,0
1,0,0,0
1,0,0,0
1,0,0,0
1,0,0,0
1,0,0,0
1,0,0,0
1,0,0,0
1,0,0,0
1,0,0,0
1,0,0,0
1,0,0,0
1,0,0,0
1,0,0,0
1,0,0,0
1,0,0,0
1,0,0,0
1,0,0,0
0,1,0,0
0,1,0,0
0,1,0,0
0,1,0,0
0,1,0,0
0,1,0,0
0,1,0,0
0,1,0,0
0,1,0,0
0,1,0,0
0,1,0,0
0,1,0,0
0,1,0,0
0,1,0,0
0,1,0,0
0,1,0,0
0,1,0,0
0,1,0,0
0,1,0,0
0,1,0,0
0,1,0,0
0,1,0,0
0,1,0,0
0,1,0,0
0,1,0,0
0,1,0,0
0,1,0,0
0,1,0,0
0,1,0,0
0,1,0,0
0,0,1,0
0,0,1,0
0,0,1,0
0,0,1,0
0,0,1,0
0,0,1,0
0,0,1,0
0,0,1,0
0,0,1,0
0,0,1,0
0,0,1,0
0,0,1,0
0,0,1,0
0,0,1,0
0,0,1,0
0,0,1,0
0,0,1,0
0,0,1,0
0,0,1,0
0,0,1,0
0,0,1,0
0,0,1,0
0,0,1,0
0,0,1,0
0,0,1,0
0.25,0.25,0.25,0.25
0.25,0.25,0.25,0.25
0.25,0.25,0.25,0.25
0,0,1,0
0,0,1,0
0,0,0,1
0,0,0,1
0,0,0,1
0,0,0,1
0,0,0,1
0,0,0,1
0,0,0,1
0,0,0,1
0,0,0,1
0,0,0,1
0,0,0,1
0,0,0,1
0,0,0,1
0,0,0,1
0,0,0,1
0,0,0,1
0,0,0,1
0,0,0,1
0,0,0,1
0,0,0,1
0,0,0,1
0,0,0,1
0,0,0,1
0.25,0.25,0.25,0.25
0,0,0,1
0,0,0,1
0,0,0,1
0,0,0,1
0,0,0,1
0,0,0,1
1,0,0,0
1,0,0,0
1,0,0,0
1,0,0,0
1,0,0,0
1,0,0,0
1,0,0,0
1,0,0,0
1,0,0,0
1,0,0,0
1,0,0,0
1,0,0,0
1,0,0,0
1,0,0,0
1,0,0,0
1,0,0,0
1,0,0,0
1,0,0,0
1,0,0,0
1,0,0,0
1,0,0,0
1,0,0,0
1,0,0,0
1,0,0,0
1,0,0,0
1,0,0,0
1,0,0,0
1,0,0,0
1,0,0,0
1,0,0,0
0.25,0.25,0.25,0.25
0.25,0.25,0.25,0.25
0.25,0.25,0.25,0.25
0.25,0.25,0.25,0.25
0.25,0.25,0.25,0.25
0.25,0.25,0.25,0.25
0.25,0.25,0.25,0.25
0.25,0.25,0.25,0.25
0.25,0.25,0.25,0.25
0.25,0.25,0.25,0.25
0.25,0.25,0.25,0.25
0.25,0.25,0.25,0.25
0.25,0.25,0.25,0.25
0.25,0.25,0.25,0.25
0.25,0.25,0.25,0.25
0.25,0.25,0.25,0.25
0.25,0.25,0.25,0.25
0.25,0.25,0.25,0.25
0.25,0.25,0.25,0.25
0.25,0.25,0.25,0.25
0.25,0.25,0.25,0.25
0.25,0.25,0.25,0.25
0.25,0.25,0.25,0.25
0.25,0.25,0.25,0.25
0.25,0.25,0.25,0.25
0.25,0.25,0.25,0.25
0.25,0.25,0.25,0.25
0.25,0.25,0.25,0.25
0.25,0.25,0.25,0.25
0.25,0.25,0.25,0.25
0,0,1,0
0,0,1,0
0,0,1,0
0,0,1,0
0,0,1,0
0,0,1,0
0,0,1,0
0,0,1,0
0,0,1,0
0,0,1,0
0,0,1,0
0,0,1,0
0,0,1,0
0,0,1,0
0,0,1,0
0,0,1,0
0,0,1,0
0,0,1,0
0,0,1,0
0,0,1,0
0,0,1,0
0,0,1,0
0,0,1,0
0,0,1,0
0,0,1,0
0,0,1,0
0,0,1,0
0,0,1,0
0,0,1,0
0,0,1,0
0,0,0,1
0,0,0,1
0,0,0,1
0,0,0,1
0,0,0,1
0,0,0,1
0,0,0,1
0,0,0,1
0,0,0,1
0,0,0,1
0,0,0,1
0,0,0,1
0,0,0,1
0,0,0,1
0,0,0,1
0,0,0,1
0,0,0,1
0,0,0,1
0,0,0,1
0,0,0,1
0,0,0,1
0,0,0,1
0,0,0,1
0,0,0,1
0,0,0,1
0,0,0,1
0,0,0,1
0,0,0,1
0,0,0,1
0,0,0,1
1,0,0,0
1,0,0,0
1,0,0,0
1,0,0,0
1,0,0,0
1,0,0,0
1,0,0,0
1,0,0,0
1,0,0,0
1,0,0,0
1,0,0,0
1,0,0,0
1,0,0,0
1,0,0,0
1,0,0,0
1,0,0,0
1,0,0,0
1,0,0,0
1,0,0,0
1,0,0,0
1,0,0,0
1,0,0,0
1,0,0,0
1,0,0,0
1,0,0,0
1,0,0,0
1,0,0,0
1,0,0,0
1,0,0,0
1,0,0,0
0,1,0,0
0,1,0,0
0,1,0,0
0,1,0,0
0,1,0,0
0,1,0,0
0,1,0,0
0,1,0,0
0,1,0,0
0,1,0,0
0,1,0,0
0,1,0,0
0,1,0,0
0,1,0,0
0,1,0,0
0,1,0,0
0,1,0,0
0,1,0,0
0,1,0,0
0,1,0,0
0,1,0,0
0,1,0,0
0,1,0,0
0,1,0,0
0,1,0,0
0,1,0,0
0,1,0,0
0,1,0,0
0,1,0,0
0,1,0,0
0,0,1,0
0,0,1,0
0,0,1,0
0,0,1,0
0,0,1,0
0,0,1,0
0,0,1,0
0,0,1,0
0,0,1,0
0,0,1,0
0,0,1,0
0,0,1,0
0,0,1,0
0,0,1,0
0,0,1,0
0,0,1,0
0,0,1,0
0,0,1,0
0,0,1,0
0,0,1,0
0,0,1,0
0,0,1,0
0,0,1,0
0,0,1,0
0,0,1,0
0,0,1,0
0,0,1,0
0,0,1,0
0,0,1,0
0,0,1,0
0,0,0,1
0,0,0,1
0,0,0,1
0,0,0,1
0,0,0,1
0,0,0,1
0,0,0,1
0,0,0,1
0,0,0,1
0,0,0,1
0,0,0,1
0,0,0,1
0,0,0,1
0,0,0,1
0,0,0,1
0,0,0,1
0,0,0,1
0,0,0,1
0,0,0,1
0,0,0,1
0,0,0,1
0,0,0,1
0,0,0,1
0,0,0,1
0,0,0,1
0,0,0,1
0,0,0,1
0,0,0,1
0,0,0,1
0,0,0,1
1,0,0,0
1,0,0,0
1,0,0,0
1,0,0,0
1,0,0,0
1,0,0,0
1,0,0,0
1,0,0,0
1,0,0,0
1,0,0,0
1,0,0,0
1,0,0,0
1,0,0,0
1,0,0,0
1,0,0,0
1,0,0,0
1,0,0,0
1,0,0,0
1,0,0,0
1,0,0,0
1,0,0,0
1,0,0,0
1,0,0,0
1,0,0,0
1,0,0,0
1,0,0,0
1,0,0,0
1,0,0,0
1,0,0,0
1,0,0,0
0,1,0,0
0,1,0,0
0,1,0,0
0,1,0,0
0,1,0,0
0,1,0,0
0,1,0,0
0,1,0,0
0,1,0,0
0,1,0,0
0,1,0,0
0,1,0,0
0,1,0,0
0,1,0,0
0,1,0,0
0,1,0,0
0,1,0,0
0,1,0,0
0,1,0,0
0,1,0,0
0,1,0,0
0,1,0,0
0,1,0,0
0,1,0,0
0,1,0,0
0,1,0,0
0,1,0,0
0,1,0,0
0,1,0,0
0,1,0,0
0,0,1,0
0,0,1,0
0,0,1,0
0,0,1,0
0,0,1,0
0,0,1,0
0,0,1,0
0,0,1,0
0,0,1,0
0,0,1,0
0,0,1,0
0,0,1,0
0,0,1,0
0,0,1,0
0,0,1,0
0,0,1,0
0,0,1,0
0,0,1,0
0,0,1,0
0,0,1,0
0,0,1,0
0,0,1,0
0,0,1,0
0,0,1,0
0,0,1,0
0,0,1,0
0,0,1,0
0,0,1,0
0,0,1,0
0,0,1,0
0,0,0,1
0,0,0,1
0,0,0,1
0,0,0,1
0,0,0,1
0,0,0,1
0,0,0,1
0,0,0,1
0,0,0,1
0,0,0,1
0,0,0,1
0,0,0,1
0,0,0,1
0,0,0,1
0,0,0,1
0,0,0,1
0,0,0,1
0,0,0,1
0,0,0,1
0,0,0,1
0,0,0,1
0,0,0,1
0,0,0,1
0,0,0,1
0,0,0,1
0,0,0,1
0,0,0,1
0,0,0,1
0,0,0,1
0,0,0,1
1,0,0,0
1,0,0,0
1,0,0,0
1,0,0,0
1,0,0,0
1,0,0,0
1,0,0,0
1,0,0,0
1,0,0,0
1,0,0,0
1,0,0,0
1,0,0,0
1,0,0,0
1,0,0,0
1,0,0,0
1,0,0,0
1,0,0,0
1,0,0,0
1,0,0,0
1,0,0,0
1,0,0,0
1,0,0,0
1,0,0,0
1,0,0,0
1,0,0,0
1,0,0,0
1,0,0,0
1,0,0,0
1,0,0,0
1,0,0,0
0,1,0,0
0,1,0,0
0,1,0,0
0,1,0,0
0,1,0,0
0,1,0,0
0,1,0,0
0,1,0,0
0,1,0,0
0,1,0,0
0,1,0,0
0,1,0,0
0,1,0,0
0,1,0,0
0,1,0,0
0,1,0,0
0,1,0,0
0,1,0,0
0,1,0,0
0,1,0,0
0,1,0,0
0,1,0,0
0,1,0,0
0,1,0,0
0,1,0,0
0,1,0,0
0,1,0,0
0,1,0,0
0,1,0,0
0,1,0,0
0,0,1,0
0,0,1,0
0,0,1,0
0,0,1,0
0,0,1,0
0,0,1,0
0,0,1,0
0,0,1,0
0,0,1,0
0,0,1,0
0,0,1,0
0,0,1,0
0,0,1,0
0,0,1,0
0,0,1,0
0,0,1,0
0,0,1,0
0,0,1,0
0,0,1,0
0,0,1,0
0,0,1,0
0,0,1,0
0,0,1,0
0,0,1,0
0,0,1,0
0,0,1,0
0,0,1,0
0,0,1,0
0,0,1,0
0,0,1,0
0,0,0,1
0,0,0,1
0,0,0,1
0,0,0,1
0,0,0,1
0,0,0,1
0,0,0,1
0,0,0,1
0,0,0,1
0,0,0,1
0,0,0,1
0,0,0,1
0,0,0,1
0,0,0,1
0,0,0,1
0,0,0,1
0,0,0,1
0,0,0,1
0,0,0,1
0,0,0,1
0,0,0,1
0,0,0,1
0,0,0,1
0,0,0,1
0,0,0,1
0,0,0,1
0,0,0,1
0,0,0,1
0,0,0,1
0,0,0,1
1,0,0,0
1,0,0,0
1,0,0,0
1,0,0,0
1,0,0,0
1,0,0,0
1,0,0,0
1,0,0,0
1,0,0,0
1,0,0,0
1,0,0,0
1,0,0,0
1,0,0,0
1,0,0,0
1,0,0,0
1,0,0,0
1,0,0,0
1,0,0,0
1,0,0,0
1,0,0,0
1,0,0,0
1,0,0,0
1,0,0,0
1,0,0,0
1,0,0,0
1,0,0,0
1,0,0,0
1,0,0,0
1,0,0,0
1,0,0,0
0.25,0.25,0.25,0.25
0.25,0.25,0.25,0.25
0.25,0.25,0.25,0.25
0.25,0.25,0.25,0.25
0.25,0.25,0.25,0.25
0.25,0.25,0.25,0.25
0.25,0.25,0.25,0.25
0.25,0.25,0.25,0.25
0.25,0.25,0.25,0.25
0.25,0.25,0.25,0.25
0.25,0.25,0.25,0.25
0.25,0.25,0.25,0.25
0.25,0.25,0.25,0.25
0.25,0.25,0.25,0.25
0.25,0.25,0.25,0.25
0.25,0.25,0.25,0.25
0.25,0.25,0.25,0.25
0.25,0.25,0.25,0.25
0.25,0.25,0.25,0.25
0.25,0.25,0.25,0.25
0.25,0.25,0.25,0.25
0.25,0.25,0.25,0.25
0.25,0.25,0.25,0.25
0.25,0.25,0.25,0.25
0.25,0.25,0.25,0.25
0.25,0.25,0.25,0.25
0.25,0.25,0.25,0.25
0.25,0.25,0.25,0.25
0.25,0.25,0.25,0.25
0.25,0.25,0.25,0.25
0,0,1,0
0,0,1,0
0,0,1,0
0,0,1,0
0,0,1,0
0,0,1,0
0,0,1,0
0,0,1,0
0,0,1,0
0,0,1,0
0,0,1,0
0,0,1,0
0,0,1,0
0,0,1,0
0,0,1,0
0,0,1,0
0,0,1,0
0,0,1,0
0,0,1,0
0,0,1,0
0,0,1,0
0,0,1,0
0,0,1,0
0,0,1,0
0,0,1,0
0,0,1,0
0,0,1,0
0,0,1,0
0,0,1,0
0,0,1,0
0,0,0,1
0,0,0,1
0,0,0,1
0,0,0,1
0,0,0,1
0,0,0,1
0,0,0,1
0,0,0,1
0,0,0,1
0,0,0,1
0,0,0,1
0,0,0,1
0,0,0,1
0,0,0,1
0,0,0,1
0,0,0,1
0,0,0,1
0,0,0,1
0,0,0,1
0,0,0,1
0,0,0,1
0,0,0,1
0,0,0,1
0,0,0,1
0,0,0,1
0,0,0,1
0,0,0,1
0,0,0,1
0,0,0,1
0,0,0,1
